loan_id,loan_product_id,borrower_id,loan_application_id,loan_disbursed_by_id,loan_principal_amount,loan_interest_amount,loan_released_date,loan_interest_method,loan_interest_type,loan_interest_period,loan_interest,loan_duration_period,loan_duration,loan_payment_scheme_id,loan_num_of_repayments,loan_restructure_principal_amount,loan_decimal_places,loan_interest_start_date,loan_fees_pro_rata,loan_do_not_adjust_remaining_pro_rata,loan_first_repayment_pro_rata,loan_first_repayment_date,first_repayment_amount,last_repayment_amount,loan_override_maturity_date,override_each_repayment_amount,loan_interest_each_repayment_pro_rata,loan_interest_schedule,loan_principal_schedule,loan_balloon_repayment_amount,loan_move_first_repayment_date_days,automatic_payments,payment_posting_period,automated_payments_dea_cash_bank_account,after_maturity_extend_loan,after_maturity_percentage_or_fixed,after_maturity_calculate_interest_on,after_maturity_loan_interest,after_maturity_recurring_period_num,after_maturity_recurring_period_payment_scheme_id,after_maturity_num_of_repayments,after_maturity_include_fees,after_maturity_past_maturity_status,after_maturity_apply_to_date,total_amount_due,past_due,amortization,pending_due,pending_due_principal,pending_due_interest,pending_due_fees,pending_due_penalty,days_past_due,principal_balance_amount,interest_balance_amount,fees_balance_amount,penalty_balance_amount,restructured_loan_history,balance_amount,due_date,total_paid,child_status_id,loan_fee_schedule_8453,loan_fee_id_8453,loan_fee_schedule_13434,loan_fee_id_13434,loan_fee_schedule_13381,loan_fee_id_13381,loan_fee_schedule_2275,loan_fee_id_2275,loan_fee_schedule_11156,loan_fee_id_11156,loan_fee_schedule_11154,loan_fee_id_11154,loan_fee_schedule_11067,loan_fee_id_11067,loan_fee_schedule_10019,loan_fee_id_10019,loan_fee_schedule_9886,loan_fee_id_9886,loan_fee_schedule_8458,loan_fee_id_8458,loan_fee_schedule_8457,loan_fee_id_8457,loan_fee_schedule_8456,loan_fee_id_8456,loan_fee_id_14033,loan_fee_id_14035,loan_fee_id_14032,loan_fee_id_14031,loan_fee_id_14030,loan_fee_id_14029,loan_fee_id_13562,loan_fee_id_13561,loan_fee_id_11170,loan_fee_id_11157,loan_override_sys_gen_penalty,loan_manual_penalty_amount,loan_status_id,dea_cash_bank_account,loan_title,loan_description,custom_fields,borrower_country,borrower_firstname,borrower_lastname,borrower_business_name,borrower_unique_number,borrower_gender,borrower_title,borrower_mobile,borrower_email,borrower_dob,borrower_address,borrower_city,borrower_province,borrower_zipcode,borrower_landline,borrower_working_status,borrower_credit_score,borrowers_photo,borrower_description,borrowers,borrower_access_ids,custom_field_23167,custom_field_23348,borrower_files,borrower_photo,loan_files,custom_field_23347,custom_field_24875,_branch_id
6266663,240139,5143777,56803,27999,35200.00,7040.00,30/04/2024,flat_rate,percentage,Month,2.0000,Months,10,3,10,0.00,round_off_to_integer,,0.0,0.0,0.0,,0.00,0.00,,0.00,0.0,charge_interest_normally,charge_principal_normally,0.00,0.0,0.0,0.0,0.0,0.0,,0.0,0.0000,0.0,,,0.0,0.0,,43240.00,21232,0.0,21232.0,17600.0,3520.0,112.0,0.0,338,17600.0,3520.0,112.0,0.0,[],21232.00,28/02/2025,22008.00,6,,0,,0,,0,distribute_fees_evenly,1000.00,,0,,0,,0,,0,,0,,0,,0,,0,0,0,0,0,0,0,0,0,0,0,0,0.00,1,0.0,,,"[{'id': 'custom_field_23167', 'name': 'National ID'}, {'id': 'custom_field_23348', 'name': 'Sales Person(Agent/TL/RO)'}]",KE,Mwita,Kennedy Wankuru,Transport,9884403,Male,1,0759487541,,01/01/1985,420,Migori,Kisii,40400,07910819289,Owner,,,,,[97469],26165120,-,"[{'file_id': 8489946, 's3_link': 'https://loandisk-borrowers.s3.amazonaws.com/KENNEDY%20WANKURU%20MWITA%20OFFER%20LETTER%20-11945130.pdf?response-content-disposition=attachment%3B%20filename%3D%22KENNEDY%2520WANKURU%2520MWITA%2520OFFER%2520LETTER%2520.pdf%22&X-Amz-Content-Sha256=UNSIGNED-PAYLOAD&X-Amz-Algorithm=AWS4-HMAC-SHA256&X-Amz-Credential=AKIAYUBLFC5TP3LJIQ5H%2F20251003%2Fus-east-1%2Fs3%2Faws4_request&X-Amz-Date=20251003T135043Z&X-Amz-SignedHeaders=host&X-Amz-Expires=28800&X-Amz-Signature=fe0f92a6afa22a85a69c7c2327b56703810cdf34abd75fecffdcbc8cd2e993e3', 'name': 'KENNEDY WANKURU MWITA OFFER LETTER .pdf'}, {'file_id': 8489947, 's3_link': 'https://loandisk-borrowers.s3.amazonaws.com/MWITA%20KENNEDY%20WANKURU%20LOAN%20FORM%20-11945131.pdf?response-content-disposition=attachment%3B%20filename%3D%22MWITA%2520KENNEDY%2520WANKURU%2520LOAN%2520FORM%2520.pdf%22&X-Amz-Content-Sha256=UNSIGNED-PAYLOAD&X-Amz-Algorithm=AWS4-HMAC-SHA256&X-Amz-Credential=AKIAYUBLFC5TP3LJIQ5H%2F20251003%2Fus-east-1%2Fs3%2Faws4_request&X-Amz-Date=20251003T135043Z&X-Amz-SignedHeaders=host&X-Amz-Expires=28800&X-Amz-Signature=29c092e66a5ab166e441fc4446ab96c85be1d5063d958bb09e911d346b7405a2', 'name': 'MWITA KENNEDY WANKURU LOAN FORM .pdf'}]",,,,,55886
6828657,36826,5669847,56928,27999,650000.00,468000.00,16/08/2024,flat_rate,percentage,Month,4.0000,Months,18,3,18,0.00,round_off_to_two_decimal,,,,,,,,,,,,,,,,,,,,,,,,,,,,1452642.88,540185.6599999999,3301.65,543487.3099999999,185164.94,130000.0,15000.0,213322.37,170,365720.51,260000.0,30000.0,213322.37,[],869042.88,16/02/2026,583600.00,5,,0,,0,,0,,0,,0,,0,,0,,0,,0,,0,,0,distribute_fees_evenly,54000.00,0,0,0,0,0,0,0,0,0,0,0,0.00,1,,,,"[{'id': 'custom_field_23167', 'name': 'National ID'}, {'id': 'custom_field_23348', 'name': 'Sales Person(Agent/TL/RO)'}]",KE,Simon,Munene Mwendia,Kings Wisemen- Transport,9884476,Male,1,0721778683,symonene@yahoo.com,01/01/1986,P.O BOX 28333 00200,NAIROBI,"Kiambu, Kugeria road, 5 Star estate",,,,,66c070823668e-8842782.jpg,,,[97469],25742105,Grace Kariuki,"[{'file_id': 6372323, 's3_link': 'https://loandisk-borrowers.s3.amazonaws.com/SIMON%20MUNENE%20MWENDIA%20LOAN%20FORM%20-8842778.pdf?response-content-disposition=attachment%3B%20filename%3D%22SIMON%2520MUNENE%2520MWENDIA%2520LOAN%2520FORM%2520.pdf%22&X-Amz-Content-Sha256=UNSIGNED-PAYLOAD&X-Amz-Algorithm=AWS4-HMAC-SHA256&X-Amz-Credential=AKIAYUBLFC5TP3LJIQ5H%2F20251003%2Fus-east-1%2Fs3%2Faws4_request&X-Amz-Date=20251003T135044Z&X-Amz-SignedHeaders=host&X-Amz-Expires=28800&X-Amz-Signature=34d580f43ea79ecedae6c92cb8b1cc0d8bcfcbf35a6767257434a7f56877c195', 'name': 'SIMON MUNENE MWENDIA LOAN FORM .pdf'}, {'file_id': 6372324, 's3_link': 'https://loandisk-borrowers.s3.amazonaws.com/SIMON%20MUNENE%20MWENDIA%20OFFER%20LETTER%20-8842779.pdf?response-content-disposition=attachment%3B%20filename%3D%22SIMON%2520MUNENE%2520MWENDIA%2520OFFER%2520LETTER%2520.pdf%22&X-Amz-Content-Sha256=UNSIGNED-PAYLOAD&X-Amz-Algorithm=AWS4-HMAC-SHA256&X-Amz-Credential=AKIAYUBLFC5TP3LJIQ5H%2F20251003%2Fus-east-1%2Fs3%2Faws4_request&X-Amz-Date=20251003T135044Z&X-Amz-SignedHeaders=host&X-Amz-Expires=28800&X-Amz-Signature=aa124b7ad4c49527bf8de007f4e9070e98fa493d7cd0ef957a9e4838055f19c0', 'name': 'SIMON MUNENE MWENDIA OFFER LETTER .pdf'}]",https://loandisk-borrowers-photo-thumbnails.s3.amazonaws.com/66c070823668e-8842782.jpg?X-Amz-Content-Sha256=UNSIGNED-PAYLOAD&X-Amz-Algorithm=AWS4-HMAC-SHA256&X-Amz-Credential=AKIAYUBLFC5TP3LJIQ5H%2F20251003%2Fus-east-1%2Fs3%2Faws4_request&X-Amz-Date=20251003T135044Z&X-Amz-SignedHeaders=host&X-Amz-Expires=28800&X-Amz-Signature=aad22a434d5c6557b15a7784aa2c8d3544902d425e5f6ca3632f622d833522a7,"[{'file_id': 6377043, 's3_link': 'https://loandisk-loans.s3.amazonaws.com/SIMON%20MUNENE%20MWENDIA%20LOAN%20FORM%20-8849170.pdf?response-content-disposition=attachment%3B%20filename%3D%22SIMON%2520MUNENE%2520MWENDIA%2520LOAN%2520FORM%2520.pdf%22&X-Amz-Content-Sha256=UNSIGNED-PAYLOAD&X-Amz-Algorithm=AWS4-HMAC-SHA256&X-Amz-Credential=AKIAYUBLFC5TP3LJIQ5H%2F20251003%2Fus-east-1%2Fs3%2Faws4_request&X-Amz-Date=20251003T135043Z&X-Amz-SignedHeaders=host&X-Amz-Expires=28800&X-Amz-Signature=5c6ec0faaac0b0ee6c1a535f674057be407a38ed684fa72ddae1913027b209ce', 'name': 'SIMON MUNENE MWENDIA LOAN FORM .pdf'}, {'file_id': 6377044, 's3_link': 'https://loandisk-loans.s3.amazonaws.com/SIMON%20MUNENE%20MWENDIA%20OFFER%20LETTER%20-8849180.pdf?response-content-disposition=attachment%3B%20filename%3D%22SIMON%2520MUNENE%2520MWENDIA%2520OFFER%2520LETTER%2520.pdf%22&X-Amz-Content-Sha256=UNSIGNED-PAYLOAD&X-Amz-Algorithm=AWS4-HMAC-SHA256&X-Amz-Credential=AKIAYUBLFC5TP3LJIQ5H%2F20251003%2Fus-east-1%2Fs3%2Faws4_request&X-Amz-Date=20251003T135043Z&X-Amz-SignedHeaders=host&X-Amz-Expires=28800&X-Amz-Signature=eb3fb1935d8dba8557022c39a1eed11300832981724c5120eba12a831d865531', 'name': 'SIMON MUNENE MWENDIA OFFER LETTER .pdf'}, {'file_id': 6377045, 's3_link': 'https://loandisk-loans.s3.amazonaws.com/SIMON%20MUNENE%20MWENDIA%20LOGBOOK%20DOCS%20-8849230.pdf?response-content-disposition=attachment%3B%20filename%3D%22SIMON%2520MUNENE%2520MWENDIA%2520LOGBOOK%2520DOCS%2520.pdf%22&X-Amz-Content-Sha256=UNSIGNED-PAYLOAD&X-Amz-Algorithm=AWS4-HMAC-SHA256&X-Amz-Credential=AKIAYUBLFC5TP3LJIQ5H%2F20251003%2Fus-east-1%2Fs3%2Faws4_request&X-Amz-Date=20251003T135043Z&X-Amz-SignedHeaders=host&X-Amz-Expires=28800&X-Amz-Signature=36ac8471cc6ddabf133ce72773973de50db44c12e8fcf9814ec627a5f5654779', 'name': 'SIMON MUNENE MWENDIA LOGBOOK DOCS .pdf'}, {'file_id': 6764245, 's3_link': 'https://loandisk-loans.s3.amazonaws.com/SIMON%20MUNENE%20DEMAND%20LETTER%20-9412570.pdf?response-content-disposition=attachment%3B%20filename%3D%22SIMON%2520MUNENE%2520DEMAND%2520LETTER%2520.pdf%22&X-Amz-Content-Sha256=UNSIGNED-PAYLOAD&X-Amz-Algorithm=AWS4-HMAC-SHA256&X-Amz-Credential=AKIAYUBLFC5TP3LJIQ5H%2F20251003%2Fus-east-1%2Fs3%2Faws4_request&X-Amz-Date=20251003T135043Z&X-Amz-SignedHeaders=host&X-Amz-Expires=28800&X-Amz-Signature=df0ca19c51a2fcc25f59320d6aeefb9dd07b70f1d16721279172843a58309dfa', 'name': 'SIMON MUNENE DEMAND LETTER .pdf'}, {'file_id': 6982859, 's3_link': 'https://loandisk-loans.s3.amazonaws.com/SIMON%20MUNENE%20MWENDIA%20DEMAND%20LETTER%20-9729626.pdf?response-content-disposition=attachment%3B%20filename%3D%22SIMON%2520MUNENE%2520MWENDIA%2520DEMAND%2520LETTER%2520.pdf%22&X-Amz-Content-Sha256=UNSIGNED-PAYLOAD&X-Amz-Algorithm=AWS4-HMAC-SHA256&X-Amz-Credential=AKIAYUBLFC5TP3LJIQ5H%2F20251003%2Fus-east-1%2Fs3%2Faws4_request&X-Amz-Date=20251003T135043Z&X-Amz-SignedHeaders=host&X-Amz-Expires=28800&X-Amz-Signature=acbc026cb331acbab97713814078964002b7f2f1b67e71ccd1775280b65758e5', 'name': 'SIMON MUNENE MWENDIA DEMAND LETTER .pdf'}, {'file_id': 7170024, 's3_link': 'https://loandisk-loans.s3.amazonaws.com/SIMON%20MUNENE%20MWENDIA%20DEMAND%20LETTER%20-9998393.pdf?response-content-disposition=attachment%3B%20filename%3D%22SIMON%2520MUNENE%2520MWENDIA%2520DEMAND%2520LETTER%2520.pdf%22&X-Amz-Content-Sha256=UNSIGNED-PAYLOAD&X-Amz-Algorithm=AWS4-HMAC-SHA256&X-Amz-Credential=AKIAYUBLFC5TP3LJIQ5H%2F20251003%2Fus-east-1%2Fs3%2Faws4_request&X-Amz-Date=20251003T135043Z&X-Amz-SignedHeaders=host&X-Amz-Expires=28800&X-Amz-Signature=79c389d111550443536fb84aec428fcca0475ee6baa3c65e59f4c47606b228ef', 'name': 'SIMON MUNENE MWENDIA DEMAND LETTER .pdf'}, {'file_id': 7277837, 's3_link': 'https://loandisk-loans.s3.amazonaws.com/KDH%20820N%20NOTICE%20TO%20SELL-10161929.pdf?response-content-disposition=attachment%3B%20filename%3D%22KDH%2520820N%2520NOTICE%2520TO%2520SELL.pdf%22&X-Amz-Content-Sha256=UNSIGNED-PAYLOAD&X-Amz-Algorithm=AWS4-HMAC-SHA256&X-Amz-Credential=AKIAYUBLFC5TP3LJIQ5H%2F20251003%2Fus-east-1%2Fs3%2Faws4_request&X-Amz-Date=20251003T135043Z&X-Amz-SignedHeaders=host&X-Amz-Expires=28800&X-Amz-Signature=f66156f939e81d8602d15a73927a79af5cab1ddc0cd23241f8d0a945f79535c7', 'name': 'KDH 820N NOTICE TO SELL.pdf'}, {'file_id': 7538338, 's3_link': 'https://loandisk-loans.s3.amazonaws.com/SIMON%20MUNENE%20MWENDIA%20DEMAND%20LETTER%20-10542438.pdf?response-content-disposition=attachment%3B%20filename%3D%22SIMON%2520MUNENE%2520MWENDIA%2520DEMAND%2520LETTER%2520.pdf%22&X-Amz-Content-Sha256=UNSIGNED-PAYLOAD&X-Amz-Algorithm=AWS4-HMAC-SHA256&X-Amz-Credential=AKIAYUBLFC5TP3LJIQ5H%2F20251003%2Fus-east-1%2Fs3%2Faws4_request&X-Amz-Date=20251003T135043Z&X-Amz-SignedHeaders=host&X-Amz-Expires=28800&X-Amz-Signature=99a3e67a6bb8212049548b43a3788fab895381641f1764571bdf301f5679bcf7', 'name': 'SIMON MUNENE MWENDIA DEMAND LETTER .pdf'}]",,,55886
7069122,36800,5697327,56977,27996,224000.00,107520.00,29/09/2024,flat_rate,percentage,Month,4.0000,Months,12,3,12,0.00,round_off_to_two_decimal,,,,,,,,,,,,,,,,,,,,,,,,,,,,402149.11,16006.109999999986,0.0,16006.109999999986,9786.109999999986,0.0,0.0,6220.0,4,9786.109999999986,0.0,0.0,6220.000000000001,[{'loan_id': 6902772}],16006.11,29/09/2025,386143.00,6,,0,,0,,0,,0,,0,,0,,0,,0,,0,,0,charge_fees_on_first_repayment,26400.00,distribute_fees_evenly,36000.00,0,0,0,0,0,0,0,0,0,0,0,0.00,1,,,,"[{'id': 'custom_field_23167', 'name': 'National ID'}, {'id': 'custom_field_23348', 'name': 'Sales Person(Agent/TL/RO)'}]",KE,Elly Otieno,,Electrician- Electrical Engineering,9884484,Male,1,0727351938,ellyotieno093@gmail.com,15/06/1993,PO BOX 464 00516,NAIROBI,Dandora Estate,,0712270794/0726849031,,,66d17f64105de-8962133.jpg,,,[70406],31851877,Samson Namale,"[{'file_id': 6457582, 's3_link': 'https://loandisk-borrowers.s3.amazonaws.com/ELLY%20OTIENO%20LOAN%20FORM%20-8962131.pdf?response-content-disposition=attachment%3B%20filename%3D%22ELLY%2520OTIENO%2520LOAN%2520FORM%2520.pdf%22&X-Amz-Content-Sha256=UNSIGNED-PAYLOAD&X-Amz-Algorithm=AWS4-HMAC-SHA256&X-Amz-Credential=AKIAYUBLFC5TP3LJIQ5H%2F20251003%2Fus-east-1%2Fs3%2Faws4_request&X-Amz-Date=20251003T135044Z&X-Amz-SignedHeaders=host&X-Amz-Expires=28800&X-Amz-Signature=a6e8bc8a8d16f59cb12e2f80f008d72d1161e9b967ddae0474ff8dbac26491bb', 'name': 'ELLY OTIENO LOAN FORM .pdf'}, {'file_id': 6457583, 's3_link': 'https://loandisk-borrowers.s3.amazonaws.com/ELLY%20OTIENO%20OFFER%20LETTER%20-8962132.pdf?response-content-disposition=attachment%3B%20filename%3D%22ELLY%2520OTIENO%2520OFFER%2520LETTER%2520.pdf%22&X-Amz-Content-Sha256=UNSIGNED-PAYLOAD&X-Amz-Algorithm=AWS4-HMAC-SHA256&X-Amz-Credential=AKIAYUBLFC5TP3LJIQ5H%2F20251003%2Fus-east-1%2Fs3%2Faws4_request&X-Amz-Date=20251003T135044Z&X-Amz-SignedHeaders=host&X-Amz-Expires=28800&X-Amz-Signature=9a551bd4767a5ef0f623485b35baca3e0912af28dc0f882b7b6b6db43f08a176', 'name': 'ELLY OTIENO OFFER LETTER .pdf'}]",https://loandisk-borrowers-photo-thumbnails.s3.amazonaws.com/66d17f64105de-8962133.jpg?X-Amz-Content-Sha256=UNSIGNED-PAYLOAD&X-Amz-Algorithm=AWS4-HMAC-SHA256&X-Amz-Credential=AKIAYUBLFC5TP3LJIQ5H%2F20251003%2Fus-east-1%2Fs3%2Faws4_request&X-Amz-Date=20251003T135044Z&X-Amz-SignedHeaders=host&X-Amz-Expires=28800&X-Amz-Signature=dad848efa620fc435ed659b0e90f1a77bd9286af1d55c8773580d543db9db60a,"[{'file_id': 6640039, 's3_link': 'https://loandisk-loans.s3.amazonaws.com/ELLY%20OTIENO%20OFFER%20LETTER-9227449.pdf?response-content-disposition=attachment%3B%20filename%3D%22ELLY%2520OTIENO%2520OFFER%2520LETTER.pdf%22&X-Amz-Content-Sha256=UNSIGNED-PAYLOAD&X-Amz-Algorithm=AWS4-HMAC-SHA256&X-Amz-Credential=AKIAYUBLFC5TP3LJIQ5H%2F20251003%2Fus-east-1%2Fs3%2Faws4_request&X-Amz-Date=20251003T135044Z&X-Amz-SignedHeaders=host&X-Amz-Expires=28800&X-Amz-Signature=0202886b194bbe4148be5b67dcbd1d7c1e229c298f592cfd34a4d680de8a841e', 'name': 'ELLY OTIENO OFFER LETTER.pdf'}, {'file_id': 8657712, 's3_link': 'https://loandisk-loans.s3.amazonaws.com/ELYY%20OTIENO%20DEMAND%20LETTER-12186219.pdf?response-content-disposition=attachment%3B%20filename%3D%22ELYY%2520OTIENO%2520DEMAND%2520LETTER.pdf%22&X-Amz-Content-Sha256=UNSIGNED-PAYLOAD&X-Amz-Algorithm=AWS4-HMAC-SHA256&X-Amz-Credential=AKIAYUBLFC5TP3LJIQ5H%2F20251003%2Fus-east-1%2Fs3%2Faws4_request&X-Amz-Date=20251003T135044Z&X-Amz-SignedHeaders=host&X-Amz-Expires=28800&X-Amz-Signature=004e49dff2d858e2f0d4d3cbf192ed938e51dbe1a7b2881dcf53f0f9252b1fbf', 'name': 'ELYY OTIENO DEMAND LETTER.pdf'}]",,,55886
7179853,36826,5718289,56996,27999,150000.00,108000.00,15/10/2024,flat_rate,percentage,Month,4.0000,Months,18,3,18,0.00,round_off_to_two_decimal,,,,,,,,,,,,,,,,,,,,,,,,,,,,360166.57,149166.20,500.0,149666.2,49999.98,36000.0,17999.55,45666.67,171,108333.35,78000.0,38999.55,45666.67,[],270999.57,15/04/2026,89167.00,5,,0,,0,,0,,0,,0,,0,,0,,0,,0,,0,,0,distribute_fees_evenly,54000.00,0,0,0,0,0,0,0,0,0,0,0,0.00,1,,,,"[{'id': 'custom_field_23167', 'name': 'National ID'}, {'id': 'custom_field_23348', 'name': 'Sales Person(Agent/TL/RO)'}]",KE,Luke,Shamala,Kenya Ports Authority- Transport,9884488,Male,1,0722552802,lukeshamala@gmail.com,18/06/1979,,Nairobi,"Nairobi, Utawala Eastern By-pass",,0719625824,,,66d96c552f99b-9021693.jpg,,,[97469],21563062,Magdaline Amolo,"[{'file_id': 6494089, 's3_link': 'https://loandisk-borrowers.s3.amazonaws.com/LUKE%20SHAMALA%20LOAN%20FORM%20-9021686.pdf?response-content-disposition=attachment%3B%20filename%3D%22LUKE%2520SHAMALA%2520LOAN%2520FORM%2520.pdf%22&X-Amz-Content-Sha256=UNSIGNED-PAYLOAD&X-Amz-Algorithm=AWS4-HMAC-SHA256&X-Amz-Credential=AKIAYUBLFC5TP3LJIQ5H%2F20251003%2Fus-east-1%2Fs3%2Faws4_request&X-Amz-Date=20251003T135044Z&X-Amz-SignedHeaders=host&X-Amz-Expires=28800&X-Amz-Signature=431d4feac2adbc23ec537f25580f57c0849ae6217fe588479b2194b119202276', 'name': 'LUKE SHAMALA LOAN FORM .pdf'}, {'file_id': 6494090, 's3_link': 'https://loandisk-borrowers.s3.amazonaws.com/LUKE%20SHAMALA%20OFFER%20LETTER%20-9021687.pdf?response-content-disposition=attachment%3B%20filename%3D%22LUKE%2520SHAMALA%2520OFFER%2520LETTER%2520.pdf%22&X-Amz-Content-Sha256=UNSIGNED-PAYLOAD&X-Amz-Algorithm=AWS4-HMAC-SHA256&X-Amz-Credential=AKIAYUBLFC5TP3LJIQ5H%2F20251003%2Fus-east-1%2Fs3%2Faws4_request&X-Amz-Date=20251003T135044Z&X-Amz-SignedHeaders=host&X-Amz-Expires=28800&X-Amz-Signature=fd290103ffb2ac5f6987085e85aa1d95b8169b5ff2a08a9e46d1e86a65b96e43', 'name': 'LUKE SHAMALA OFFER LETTER .pdf'}]",https://loandisk-borrowers-photo-thumbnails.s3.amazonaws.com/66d96c552f99b-9021693.jpg?X-Amz-Content-Sha256=UNSIGNED-PAYLOAD&X-Amz-Algorithm=AWS4-HMAC-SHA256&X-Amz-Credential=AKIAYUBLFC5TP3LJIQ5H%2F20251003%2Fus-east-1%2Fs3%2Faws4_request&X-Amz-Date=20251003T135044Z&X-Amz-SignedHeaders=host&X-Amz-Expires=28800&X-Amz-Signature=0c1cc08e091db8a8f99794b154cf730e78ae34b1cc6d677ff1c4215d7c59748f,"[{'file_id': 6756612, 's3_link': 'https://loandisk-loans.s3.amazonaws.com/LUKE%20SHAMALA%20OFFER%20LETTER%202-9401869.pdf?response-content-disposition=attachment%3B%20filename%3D%22LUKE%2520SHAMALA%2520OFFER%2520LETTER%25202.pdf%22&X-Amz-Content-Sha256=UNSIGNED-PAYLOAD&X-Amz-Algorithm=AWS4-HMAC-SHA256&X-Amz-Credential=AKIAYUBLFC5TP3LJIQ5H%2F20251003%2Fus-east-1%2Fs3%2Faws4_request&X-Amz-Date=20251003T135044Z&X-Amz-SignedHeaders=host&X-Amz-Expires=28800&X-Amz-Signature=abaaf0164450c13db838df776eed486fc84d40a75fd0e65be28023f84a8a92e5', 'name': 'LUKE SHAMALA OFFER LETTER 2.pdf'}, {'file_id': 7538277, 's3_link': 'https://loandisk-loans.s3.amazonaws.com/LUKE%20SHAMALA%20DEMAND%20LETTER%20-10542379.pdf?response-content-disposition=attachment%3B%20filename%3D%22LUKE%2520SHAMALA%2520DEMAND%2520LETTER%2520.pdf%22&X-Amz-Content-Sha256=UNSIGNED-PAYLOAD&X-Amz-Algorithm=AWS4-HMAC-SHA256&X-Amz-Credential=AKIAYUBLFC5TP3LJIQ5H%2F20251003%2Fus-east-1%2Fs3%2Faws4_request&X-Amz-Date=20251003T135044Z&X-Amz-SignedHeaders=host&X-Amz-Expires=28800&X-Amz-Signature=177b3c5d75de9a812a1dfc6787d53bd9a5fd0db42f5664fe18f026d30cf758c3', 'name': 'LUKE SHAMALA DEMAND LETTER .pdf'}]",,,55886
7179863,240139,5718289,56997,27999,30568.00,6110.00,15/10/2024,flat_rate,percentage,Month,2.0000,Months,10,3,10,0.00,round_off_to_integer,,0.0,0.0,0.0,,0.00,0.00,,0.00,0.0,charge_interest_normally,charge_principal_normally,0.00,0.0,0.0,0.0,0.0,0.0,,0.0,0.0000,0.0,,,0.0,0.0,,37678.00,15727,0.0,15727.0,12883.0,2444.0,400.0,0.0,171,12883.0,2444.0,400.0,0.0,[],15727.00,15/08/2025,21951.00,6,,0,,0,,0,distribute_fees_evenly,1000.00,,0,,0,,0,,0,,0,,0,,0,,0,0,0,0,0,0,0,0,0,0,0,0,0.00,1,0.0,,,"[{'id': 'custom_field_23167', 'name': 'National ID'}, {'id': 'custom_field_23348', 'name': 'Sales Person(Agent/TL/RO)'}]",KE,Luke,Shamala,Kenya Ports Authority- Transport,9884488,Male,1,0722552802,lukeshamala@gmail.com,18/06/1979,,Nairobi,"Nairobi, Utawala Eastern By-pass",,0719625824,,,66d96c552f99b-9021693.jpg,,,[97469],21563062,Magdaline Amolo,"[{'file_id': 6494089, 's3_link': 'https://loandisk-borrowers.s3.amazonaws.com/LUKE%20SHAMALA%20LOAN%20FORM%20-9021686.pdf?response-content-disposition=attachment%3B%20filename%3D%22LUKE%2520SHAMALA%2520LOAN%2520FORM%2520.pdf%22&X-Amz-Content-Sha256=UNSIGNED-PAYLOAD&X-Amz-Algorithm=AWS4-HMAC-SHA256&X-Amz-Credential=AKIAYUBLFC5TP3LJIQ5H%2F20251003%2Fus-east-1%2Fs3%2Faws4_request&X-Amz-Date=20251003T135044Z&X-Amz-SignedHeaders=host&X-Amz-Expires=28800&X-Amz-Signature=431d4feac2adbc23ec537f25580f57c0849ae6217fe588479b2194b119202276', 'name': 'LUKE SHAMALA LOAN FORM .pdf'}, {'file_id': 6494090, 's3_link': 'https://loandisk-borrowers.s3.amazonaws.com/LUKE%20SHAMALA%20OFFER%20LETTER%20-9021687.pdf?response-content-disposition=attachment%3B%20filename%3D%22LUKE%2520SHAMALA%2520OFFER%2520LETTER%2520.pdf%22&X-Amz-Content-Sha256=UNSIGNED-PAYLOAD&X-Amz-Algorithm=AWS4-HMAC-SHA256&X-Amz-Credential=AKIAYUBLFC5TP3LJIQ5H%2F20251003%2Fus-east-1%2Fs3%2Faws4_request&X-Amz-Date=20251003T135044Z&X-Amz-SignedHeaders=host&X-Amz-Expires=28800&X-Amz-Signature=fd290103ffb2ac5f6987085e85aa1d95b8169b5ff2a08a9e46d1e86a65b96e43', 'name': 'LUKE SHAMALA OFFER LETTER .pdf'}]",https://loandisk-borrowers-photo-thumbnails.s3.amazonaws.com/66d96c552f99b-9021693.jpg?X-Amz-Content-Sha256=UNSIGNED-PAYLOAD&X-Amz-Algorithm=AWS4-HMAC-SHA256&X-Amz-Credential=AKIAYUBLFC5TP3LJIQ5H%2F20251003%2Fus-east-1%2Fs3%2Faws4_request&X-Amz-Date=20251003T135044Z&X-Amz-SignedHeaders=host&X-Amz-Expires=28800&X-Amz-Signature=0c1cc08e091db8a8f99794b154cf730e78ae34b1cc6d677ff1c4215d7c59748f,"[{'file_id': 6756626, 's3_link': 'https://loandisk-loans.s3.amazonaws.com/LUKE%20SHAMALA%20IPF-9401884.pdf?response-content-disposition=attachment%3B%20filename%3D%22LUKE%2520SHAMALA%2520IPF.pdf%22&X-Amz-Content-Sha256=UNSIGNED-PAYLOAD&X-Amz-Algorithm=AWS4-HMAC-SHA256&X-Amz-Credential=AKIAYUBLFC5TP3LJIQ5H%2F20251003%2Fus-east-1%2Fs3%2Faws4_request&X-Amz-Date=20251003T135044Z&X-Amz-SignedHeaders=host&X-Amz-Expires=28800&X-Amz-Signature=1e95c87ca23c37664d41675e52d032a13c22c02b2dd83ba36ea72cdb67c5ed74', 'name': 'LUKE SHAMALA IPF.pdf'}]",,,55886
7377731,36826,5965256,57033,27999,350000.00,252000.00,16/11/2024,flat_rate,percentage,Month,4.0000,Months,18,3,18,0.00,round_off_to_two_decimal,,,,,,,,,,,,,,,,,,,,,,,,,,,,805564.31,122119.96000000002,36444.44,158564.40000000002,90564.4,56000.0,12000.0,0.0,140,246120.0,168000.0,36000.0,0.0,[],553564.31,16/05/2026,252000.00,5,,0,,0,,0,,0,,0,,0,,0,,0,,0,,0,,0,distribute_fees_evenly,54000.00,0,0,0,0,0,0,0,0,0,0,1,103444.31,1,,,,"[{'id': 'custom_field_23347', 'name': 'Sales Person'}, {'id': 'custom_field_23167', 'name': 'National ID'}, {'id': 'custom_field_23348', 'name': 'Sales Person(Agent/TL/RO)'}]",KE,Reuben Murage,Mutungi,Buying And Selling Bottles,9884506,Male,1,0725379944,murash2007@gmail.com,26/11/1982,P.O BOX 96017 80110,Kilifi,"Kayole ,Matope Road Faith Estate",,,,,673d8a2a24a8b-9726750.jpg,,,[97469],23469064,-,"[{'file_id': 6974940, 's3_link': 'https://loandisk-borrowers.s3.amazonaws.com/REUBEN%20MURAGE%20MUTUGI%20OFFER%20LETTER%20-9717930.pdf?response-content-disposition=attachment%3B%20filename%3D%22REUBEN%2520MURAGE%2520MUTUGI%2520OFFER%2520LETTER%2520.pdf%22&X-Amz-Content-Sha256=UNSIGNED-PAYLOAD&X-Amz-Algorithm=AWS4-HMAC-SHA256&X-Amz-Credential=AKIAYUBLFC5TP3LJIQ5H%2F20251003%2Fus-east-1%2Fs3%2Faws4_request&X-Amz-Date=20251003T135044Z&X-Amz-SignedHeaders=host&X-Amz-Expires=28800&X-Amz-Signature=2ada2ec53ee8650b65e3515fd6a510ab6042ea86af2c3c22509c2752196228b8', 'name': 'REUBEN MURAGE MUTUGI OFFER LETTER .pdf'}, {'file_id': 6974941, 's3_link': 'https://loandisk-borrowers.s3.amazonaws.com/REUBEN%20MURAGE%20MUTUGI%20LOAN%20FORM%20-9717931.pdf?response-content-disposition=attachment%3B%20filename%3D%22REUBEN%2520MURAGE%2520MUTUGI%2520LOAN%2520FORM%2520.pdf%22&X-Amz-Content-Sha256=UNSIGNED-PAYLOAD&X-Amz-Algorithm=AWS4-HMAC-SHA256&X-Amz-Credential=AKIAYUBLFC5TP3LJIQ5H%2F20251003%2Fus-east-1%2Fs3%2Faws4_request&X-Amz-Date=20251003T135044Z&X-Amz-SignedHeaders=host&X-Amz-Expires=28800&X-Amz-Signature=080d580197c7dd9b78a3f6f16a2769a660302dbc3c2e3ef77f69b12dc1edf79d', 'name': 'REUBEN MURAGE MUTUGI LOAN FORM .pdf'}]",https://loandisk-borrowers-photo-thumbnails.s3.amazonaws.com/673d8a2a24a8b-9726750.jpg?X-Amz-Content-Sha256=UNSIGNED-PAYLOAD&X-Amz-Algorithm=AWS4-HMAC-SHA256&X-Amz-Credential=AKIAYUBLFC5TP3LJIQ5H%2F20251003%2Fus-east-1%2Fs3%2Faws4_request&X-Amz-Date=20251003T135044Z&X-Amz-SignedHeaders=host&X-Amz-Expires=28800&X-Amz-Signature=1fac38b7b714e4938f13ad7bd4e6aaee68ef02a1d3a397969121913930d7221a,"[{'file_id': 6974903, 's3_link': 'https://loandisk-loans.s3.amazonaws.com/REUBEN%20MURAGE%20MUTUGI%20LOGBOOK%20DOCS%20-9717882.pdf?response-content-disposition=attachment%3B%20filename%3D%22REUBEN%2520MURAGE%2520MUTUGI%2520LOGBOOK%2520DOCS%2520.pdf%22&X-Amz-Content-Sha256=UNSIGNED-PAYLOAD&X-Amz-Algorithm=AWS4-HMAC-SHA256&X-Amz-Credential=AKIAYUBLFC5TP3LJIQ5H%2F20251003%2Fus-east-1%2Fs3%2Faws4_request&X-Amz-Date=20251003T135044Z&X-Amz-SignedHeaders=host&X-Amz-Expires=28800&X-Amz-Signature=3176d628dbec478fd101f2e9951b58457bab0771d41e602b966c244fa9769b72', 'name': 'REUBEN MURAGE MUTUGI LOGBOOK DOCS .pdf'}, {'file_id': 6974904, 's3_link': 'https://loandisk-loans.s3.amazonaws.com/REUBEN%20MURAGE%20MUTUGI%20LOAN%20FORM%20-9717884.pdf?response-content-disposition=attachment%3B%20filename%3D%22REUBEN%2520MURAGE%2520MUTUGI%2520LOAN%2520FORM%2520.pdf%22&X-Amz-Content-Sha256=UNSIGNED-PAYLOAD&X-Amz-Algorithm=AWS4-HMAC-SHA256&X-Amz-Credential=AKIAYUBLFC5TP3LJIQ5H%2F20251003%2Fus-east-1%2Fs3%2Faws4_request&X-Amz-Date=20251003T135044Z&X-Amz-SignedHeaders=host&X-Amz-Expires=28800&X-Amz-Signature=c64f1591e7266d38d5be76d2a979cff490320c1e8de9aa35abe4a47e8143a36e', 'name': 'REUBEN MURAGE MUTUGI LOAN FORM .pdf'}, {'file_id': 6974905, 's3_link': 'https://loandisk-loans.s3.amazonaws.com/REUBEN%20MURAGE%20MUTUGI%20OFFER%20LETTER%20-9717883.pdf?response-content-disposition=attachment%3B%20filename%3D%22REUBEN%2520MURAGE%2520MUTUGI%2520OFFER%2520LETTER%2520.pdf%22&X-Amz-Content-Sha256=UNSIGNED-PAYLOAD&X-Amz-Algorithm=AWS4-HMAC-SHA256&X-Amz-Credential=AKIAYUBLFC5TP3LJIQ5H%2F20251003%2Fus-east-1%2Fs3%2Faws4_request&X-Amz-Date=20251003T135044Z&X-Amz-SignedHeaders=host&X-Amz-Expires=28800&X-Amz-Signature=ce9c7eb0206dca5980dfa3410f78499e6b27846a253735ead627e9e03a9fcfd1', 'name': 'REUBEN MURAGE MUTUGI OFFER LETTER .pdf'}, {'file_id': 7170017, 's3_link': 'https://loandisk-loans.s3.amazonaws.com/REUBEN%20MURAGE%20DEMAND%20LETTER%20-9998385.pdf?response-content-disposition=attachment%3B%20filename%3D%22REUBEN%2520MURAGE%2520DEMAND%2520LETTER%2520.pdf%22&X-Amz-Content-Sha256=UNSIGNED-PAYLOAD&X-Amz-Algorithm=AWS4-HMAC-SHA256&X-Amz-Credential=AKIAYUBLFC5TP3LJIQ5H%2F20251003%2Fus-east-1%2Fs3%2Faws4_request&X-Amz-Date=20251003T135044Z&X-Amz-SignedHeaders=host&X-Amz-Expires=28800&X-Amz-Signature=841e34115f24f482ce3670182d26382ca9abadffde792c92039fbfe9528c5136', 'name': 'REUBEN MURAGE DEMAND LETTER .pdf'}, {'file_id': 7277818, 's3_link': 'https://loandisk-loans.s3.amazonaws.com/KCD%20226D%20SELL%20NOTICE%20-10161908.pdf?response-content-disposition=attachment%3B%20filename%3D%22KCD%2520226D%2520SELL%2520NOTICE%2520.pdf%22&X-Amz-Content-Sha256=UNSIGNED-PAYLOAD&X-Amz-Algorithm=AWS4-HMAC-SHA256&X-Amz-Credential=AKIAYUBLFC5TP3LJIQ5H%2F20251003%2Fus-east-1%2Fs3%2Faws4_request&X-Amz-Date=20251003T135044Z&X-Amz-SignedHeaders=host&X-Amz-Expires=28800&X-Amz-Signature=b4c375c0a29b70cb8f00e8ea3883b96ba04b53b3bdf5c0f9d0ad8d595f89cabe', 'name': 'KCD 226D SELL NOTICE .pdf'}]",Brian,,55886
7519742,240139,6073284,57070,27999,78517.00,15700.00,10/12/2024,flat_rate,percentage,Month,2.0000,Months,10,3,10,0.00,round_off_to_integer,,0.0,0.0,0.0,,0.00,0.00,,0.00,0.0,charge_interest_normally,charge_principal_normally,0.00,0.0,0.0,0.0,0.0,0.0,,0.0,0.0000,0.0,,,0.0,0.0,,95217.00,76176,9522.0,85698.0,70668.0,14130.0,900.0,0.0,266,78517.0,15700.0,1000.0,0.0,[],95217.00,10/10/2025,0.00,5,,0,,0,,0,distribute_fees_evenly,1000.00,,0,,0,,0,,0,,0,,0,,0,,0,0,0,0,0,0,0,0,0,0,0,0,0.00,1,0.0,,,"[{'id': 'custom_field_23167', 'name': 'National ID'}, {'id': 'custom_field_23348', 'name': 'Sales Person(Agent/TL/RO)'}]",KE,Patrick Odhiambo,Kokonya,Unicorp Capital Group,9884515,Male,1,0722858020,kokonyap@gmail.com,01/01/1975,P.O. BOX 24509 00100,Nairobi,"Waiyaki way, Delta Corner",,0715782851,,,67593bc271ee4-9933670.jpg,,,[97469],13528022,Grace Kariuki,"[{'file_id': 7121742, 's3_link': 'https://loandisk-borrowers.s3.amazonaws.com/PATRICK%20ODHIAMBO%20KOKONYA%20OFFER%20LETTER%20-9933666.pdf?response-content-disposition=attachment%3B%20filename%3D%22PATRICK%2520ODHIAMBO%2520KOKONYA%2520OFFER%2520LETTER%2520.pdf%22&X-Amz-Content-Sha256=UNSIGNED-PAYLOAD&X-Amz-Algorithm=AWS4-HMAC-SHA256&X-Amz-Credential=AKIAYUBLFC5TP3LJIQ5H%2F20251003%2Fus-east-1%2Fs3%2Faws4_request&X-Amz-Date=20251003T135045Z&X-Amz-SignedHeaders=host&X-Amz-Expires=28800&X-Amz-Signature=ab2543c7e2f005bbf8032444711903f8952354ccc6204de4afb948ed55e47581', 'name': 'PATRICK ODHIAMBO KOKONYA OFFER LETTER .pdf'}, {'file_id': 7121743, 's3_link': 'https://loandisk-borrowers.s3.amazonaws.com/PATRICK%20ODHIAMBO%20KOKONYA%20LOAN%20FORM%20-9933667.pdf?response-content-disposition=attachment%3B%20filename%3D%22PATRICK%2520ODHIAMBO%2520KOKONYA%2520LOAN%2520FORM%2520.pdf%22&X-Amz-Content-Sha256=UNSIGNED-PAYLOAD&X-Amz-Algorithm=AWS4-HMAC-SHA256&X-Amz-Credential=AKIAYUBLFC5TP3LJIQ5H%2F20251003%2Fus-east-1%2Fs3%2Faws4_request&X-Amz-Date=20251003T135045Z&X-Amz-SignedHeaders=host&X-Amz-Expires=28800&X-Amz-Signature=85c4818c4991b168378d00251582dc34287faa1ad10c8b1b6f73b464a5293d22', 'name': 'PATRICK ODHIAMBO KOKONYA LOAN FORM .pdf'}]",https://loandisk-borrowers-photo-thumbnails.s3.amazonaws.com/67593bc271ee4-9933670.jpg?X-Amz-Content-Sha256=UNSIGNED-PAYLOAD&X-Amz-Algorithm=AWS4-HMAC-SHA256&X-Amz-Credential=AKIAYUBLFC5TP3LJIQ5H%2F20251003%2Fus-east-1%2Fs3%2Faws4_request&X-Amz-Date=20251003T135045Z&X-Amz-SignedHeaders=host&X-Amz-Expires=28800&X-Amz-Signature=44f5050bbee499bb520c9f8254db25e0703cce48656c5325414a42d6ad126bff,,,,55886
7542086,36826,6079572,57075,27996,1147290.00,826048.80,28/12/2024,flat_rate,percentage,Month,4.0000,Months,18,3,18,0.00,round_off_to_two_decimal,,,,,,,,,,,,,,,,,,,,,,,,,,,,2576125.77,1419307.27,5099.07,1424406.34,509906.63999999996,344712.73000000004,21000.0,548786.97,217,1083551.67,757737.13,48000.0,548786.97,[],2438075.77,28/06/2026,138050.00,5,,0,,0,,0,,0,,0,,0,,0,,0,,0,,0,,0,distribute_fees_evenly,54000.00,0,0,0,0,0,0,0,0,0,0,0,0.00,1,,,,"[{'id': 'custom_field_23167', 'name': 'National ID'}, {'id': 'custom_field_23348', 'name': 'Sales Person(Agent/TL/RO)'}]",KE,Martin,Karaimu Mwangi,Dairy Farming,9884517,Male,1,0722910801,martinkaraimu2@gmail.com,20/12/1990,498 NARUMORO,,KENYA,254,0720 572 803,Owner,,675d3a2879079-9961073.jpeg,Martin Karaimu is a dairy famer based in Narumoro Laikipia county. He also does potato farming and holticulture.,,[97469],28367962,-,"[{'file_id': 7148356, 's3_link': 'https://loandisk-borrowers.s3.amazonaws.com/MARTIN%20KARAIMU%20MWANGI%20LOAN%20FORM%20-9968982.pdf?response-content-disposition=attachment%3B%20filename%3D%22MARTIN%2520KARAIMU%2520MWANGI%2520LOAN%2520FORM%2520.pdf%22&X-Amz-Content-Sha256=UNSIGNED-PAYLOAD&X-Amz-Algorithm=AWS4-HMAC-SHA256&X-Amz-Credential=AKIAYUBLFC5TP3LJIQ5H%2F20251003%2Fus-east-1%2Fs3%2Faws4_request&X-Amz-Date=20251003T135045Z&X-Amz-SignedHeaders=host&X-Amz-Expires=28800&X-Amz-Signature=800ac946bf6c6ad1f8e6fd6e0ff4267191b9192f7108cea2d8bc50952d6c127a', 'name': 'MARTIN KARAIMU MWANGI LOAN FORM .pdf'}, {'file_id': 7148357, 's3_link': 'https://loandisk-borrowers.s3.amazonaws.com/MARTIN%20KARAIMU%20MWANGI%20OFFER%20LETTER%20-9968983.pdf?response-content-disposition=attachment%3B%20filename%3D%22MARTIN%2520KARAIMU%2520MWANGI%2520OFFER%2520LETTER%2520.pdf%22&X-Amz-Content-Sha256=UNSIGNED-PAYLOAD&X-Amz-Algorithm=AWS4-HMAC-SHA256&X-Amz-Credential=AKIAYUBLFC5TP3LJIQ5H%2F20251003%2Fus-east-1%2Fs3%2Faws4_request&X-Amz-Date=20251003T135045Z&X-Amz-SignedHeaders=host&X-Amz-Expires=28800&X-Amz-Signature=a03bfc031e35115d6af63997cc961cdd1d9c607cc85726a3f3a2c72b8664a67b', 'name': 'MARTIN KARAIMU MWANGI OFFER LETTER .pdf'}]",https://loandisk-borrowers-photo-thumbnails.s3.amazonaws.com/675d3a2879079-9961073.jpeg?X-Amz-Content-Sha256=UNSIGNED-PAYLOAD&X-Amz-Algorithm=AWS4-HMAC-SHA256&X-Amz-Credential=AKIAYUBLFC5TP3LJIQ5H%2F20251003%2Fus-east-1%2Fs3%2Faws4_request&X-Amz-Date=20251003T135045Z&X-Amz-SignedHeaders=host&X-Amz-Expires=28800&X-Amz-Signature=701e9d582cb3a56179e99ca24f54513300483e533a0e7a1f90a29dfe90c7e2cc,"[{'file_id': 7148363, 's3_link': 'https://loandisk-loans.s3.amazonaws.com/MARTIN%20KARAIMU%20MWANGI%20LOAN%20FORM%20-9968988.pdf?response-content-disposition=attachment%3B%20filename%3D%22MARTIN%2520KARAIMU%2520MWANGI%2520LOAN%2520FORM%2520.pdf%22&X-Amz-Content-Sha256=UNSIGNED-PAYLOAD&X-Amz-Algorithm=AWS4-HMAC-SHA256&X-Amz-Credential=AKIAYUBLFC5TP3LJIQ5H%2F20251003%2Fus-east-1%2Fs3%2Faws4_request&X-Amz-Date=20251003T135045Z&X-Amz-SignedHeaders=host&X-Amz-Expires=28800&X-Amz-Signature=274dbbe7ef01e75e246a337f5dc11b21be3bf331a7dd10f7d29d350debae9332', 'name': 'MARTIN KARAIMU MWANGI LOAN FORM .pdf'}, {'file_id': 7148364, 's3_link': 'https://loandisk-loans.s3.amazonaws.com/MARTIN%20KARAIMU%20MWANGI%20LOGBOOK%20DOCS%20-9968989.pdf?response-content-disposition=attachment%3B%20filename%3D%22MARTIN%2520KARAIMU%2520MWANGI%2520LOGBOOK%2520DOCS%2520.pdf%22&X-Amz-Content-Sha256=UNSIGNED-PAYLOAD&X-Amz-Algorithm=AWS4-HMAC-SHA256&X-Amz-Credential=AKIAYUBLFC5TP3LJIQ5H%2F20251003%2Fus-east-1%2Fs3%2Faws4_request&X-Amz-Date=20251003T135045Z&X-Amz-SignedHeaders=host&X-Amz-Expires=28800&X-Amz-Signature=bd82e14562fc4fc4b15bcf4b579493a6316b8d68427df9761ab22b30db263a37', 'name': 'MARTIN KARAIMU MWANGI LOGBOOK DOCS .pdf'}, {'file_id': 7148365, 's3_link': 'https://loandisk-loans.s3.amazonaws.com/MARTIN%20KARAIMU%20MWANGI%20OFFER%20LETTER%20-9968990.pdf?response-content-disposition=attachment%3B%20filename%3D%22MARTIN%2520KARAIMU%2520MWANGI%2520OFFER%2520LETTER%2520.pdf%22&X-Amz-Content-Sha256=UNSIGNED-PAYLOAD&X-Amz-Algorithm=AWS4-HMAC-SHA256&X-Amz-Credential=AKIAYUBLFC5TP3LJIQ5H%2F20251003%2Fus-east-1%2Fs3%2Faws4_request&X-Amz-Date=20251003T135045Z&X-Amz-SignedHeaders=host&X-Amz-Expires=28800&X-Amz-Signature=aee35dcb6a4ea09d760fb949313ff0161272f91d70d1f6766029e5d80b5a06d1', 'name': 'MARTIN KARAIMU MWANGI OFFER LETTER .pdf'}, {'file_id': 7303841, 's3_link': 'https://loandisk-loans.s3.amazonaws.com/MARTIN%20KARAIMU%20MWANGI%20DEMAND%20LETTER%20-10198973.pdf?response-content-disposition=attachment%3B%20filename%3D%22MARTIN%2520KARAIMU%2520MWANGI%2520DEMAND%2520LETTER%2520.pdf%22&X-Amz-Content-Sha256=UNSIGNED-PAYLOAD&X-Amz-Algorithm=AWS4-HMAC-SHA256&X-Amz-Credential=AKIAYUBLFC5TP3LJIQ5H%2F20251003%2Fus-east-1%2Fs3%2Faws4_request&X-Amz-Date=20251003T135045Z&X-Amz-SignedHeaders=host&X-Amz-Expires=28800&X-Amz-Signature=a0762a19b609ad0d379f88edb2cb2ed68dd22759e880227199ab163605828c90', 'name': 'MARTIN KARAIMU MWANGI DEMAND LETTER .pdf'}]",,,55886
7542096,240139,6079572,57076,27999,78242.00,15650.00,28/12/2024,flat_rate,percentage,Month,2.0000,Months,10,3,10,0.00,round_off_to_integer,,0.0,0.0,0.0,,0.00,0.00,,0.00,0.0,charge_interest_normally,charge_principal_normally,0.00,0.0,0.0,0.0,0.0,0.0,,0.0,0.0000,0.0,,,0.0,0.0,,94892.00,47962,9489.0,57451.0,47461.0,9390.0,600.0,0.0,189,55287.0,10955.0,700.0,0.0,[],66942.00,28/10/2025,27950.00,5,,0,,0,,0,distribute_fees_evenly,1000.00,,0,,0,,0,,0,,0,,0,,0,,0,0,0,0,0,0,0,0,0,0,0,0,0.00,1,0.0,,,"[{'id': 'custom_field_23167', 'name': 'National ID'}, {'id': 'custom_field_23348', 'name': 'Sales Person(Agent/TL/RO)'}]",KE,Martin,Karaimu Mwangi,Dairy Farming,9884517,Male,1,0722910801,martinkaraimu2@gmail.com,20/12/1990,498 NARUMORO,,KENYA,254,0720 572 803,Owner,,675d3a2879079-9961073.jpeg,Martin Karaimu is a dairy famer based in Narumoro Laikipia county. He also does potato farming and holticulture.,,[97469],28367962,-,"[{'file_id': 7148356, 's3_link': 'https://loandisk-borrowers.s3.amazonaws.com/MARTIN%20KARAIMU%20MWANGI%20LOAN%20FORM%20-9968982.pdf?response-content-disposition=attachment%3B%20filename%3D%22MARTIN%2520KARAIMU%2520MWANGI%2520LOAN%2520FORM%2520.pdf%22&X-Amz-Content-Sha256=UNSIGNED-PAYLOAD&X-Amz-Algorithm=AWS4-HMAC-SHA256&X-Amz-Credential=AKIAYUBLFC5TP3LJIQ5H%2F20251003%2Fus-east-1%2Fs3%2Faws4_request&X-Amz-Date=20251003T135045Z&X-Amz-SignedHeaders=host&X-Amz-Expires=28800&X-Amz-Signature=800ac946bf6c6ad1f8e6fd6e0ff4267191b9192f7108cea2d8bc50952d6c127a', 'name': 'MARTIN KARAIMU MWANGI LOAN FORM .pdf'}, {'file_id': 7148357, 's3_link': 'https://loandisk-borrowers.s3.amazonaws.com/MARTIN%20KARAIMU%20MWANGI%20OFFER%20LETTER%20-9968983.pdf?response-content-disposition=attachment%3B%20filename%3D%22MARTIN%2520KARAIMU%2520MWANGI%2520OFFER%2520LETTER%2520.pdf%22&X-Amz-Content-Sha256=UNSIGNED-PAYLOAD&X-Amz-Algorithm=AWS4-HMAC-SHA256&X-Amz-Credential=AKIAYUBLFC5TP3LJIQ5H%2F20251003%2Fus-east-1%2Fs3%2Faws4_request&X-Amz-Date=20251003T135045Z&X-Amz-SignedHeaders=host&X-Amz-Expires=28800&X-Amz-Signature=a03bfc031e35115d6af63997cc961cdd1d9c607cc85726a3f3a2c72b8664a67b', 'name': 'MARTIN KARAIMU MWANGI OFFER LETTER .pdf'}]",https://loandisk-borrowers-photo-thumbnails.s3.amazonaws.com/675d3a2879079-9961073.jpeg?X-Amz-Content-Sha256=UNSIGNED-PAYLOAD&X-Amz-Algorithm=AWS4-HMAC-SHA256&X-Amz-Credential=AKIAYUBLFC5TP3LJIQ5H%2F20251003%2Fus-east-1%2Fs3%2Faws4_request&X-Amz-Date=20251003T135045Z&X-Amz-SignedHeaders=host&X-Amz-Expires=28800&X-Amz-Signature=701e9d582cb3a56179e99ca24f54513300483e533a0e7a1f90a29dfe90c7e2cc,,,,55886
7547782,240139,6081238,57079,27999,54283.00,10860.00,14/12/2024,flat_rate,percentage,Month,2.0000,Months,10,3,10,0.00,round_off_to_integer,,0.0,0.0,0.0,,0.00,0.00,,0.00,0.0,charge_interest_normally,charge_principal_normally,0.00,0.0,0.0,0.0,0.0,0.0,,0.0,0.0000,0.0,,,0.0,0.0,,66143.00,0,3975.4500000000007,3975.4500000000007,3975.45,0.0,0.0,0.0,19,9406.449999999997,1086.0,100.0,0.0,[],10592.45,14/10/2025,55550.55,16,,0,,0,,0,distribute_fees_evenly,1000.00,,0,,0,,0,,0,,0,,0,,0,,0,0,0,0,0,0,0,0,0,0,0,0,0.00,1,0.0,,,"[{'id': 'custom_field_23167', 'name': 'National ID'}]",KE,Charles Mbugua,Mwaura,Transportation,9884519,Male,1,0704673334,mwaurac80@gmail.com,29/12/1972,P.O BOX 57 80109,Kilifi,Komarock Estate,,0710532550,,,,,,[70406],11803612,,"[{'file_id': 7161559, 's3_link': 'https://loandisk-borrowers.s3.amazonaws.com/CHARLES%20MBUGUA%20MWAURA%20LOAN%20FORM%20-9986730.pdf?response-content-disposition=attachment%3B%20filename%3D%22CHARLES%2520MBUGUA%2520MWAURA%2520LOAN%2520FORM%2520.pdf%22&X-Amz-Content-Sha256=UNSIGNED-PAYLOAD&X-Amz-Algorithm=AWS4-HMAC-SHA256&X-Amz-Credential=AKIAYUBLFC5TP3LJIQ5H%2F20251003%2Fus-east-1%2Fs3%2Faws4_request&X-Amz-Date=20251003T135045Z&X-Amz-SignedHeaders=host&X-Amz-Expires=28800&X-Amz-Signature=6c27aef72b2d27d3175dc18947aabe52d580b68c13d541e8443b63c18f718891', 'name': 'CHARLES MBUGUA MWAURA LOAN FORM .pdf'}, {'file_id': 7161560, 's3_link': 'https://loandisk-borrowers.s3.amazonaws.com/CHARLES%20MBUGUA%20MWAURA%20OFFER%20LETTER%20-9986731.pdf?response-content-disposition=attachment%3B%20filename%3D%22CHARLES%2520MBUGUA%2520MWAURA%2520OFFER%2520LETTER%2520.pdf%22&X-Amz-Content-Sha256=UNSIGNED-PAYLOAD&X-Amz-Algorithm=AWS4-HMAC-SHA256&X-Amz-Credential=AKIAYUBLFC5TP3LJIQ5H%2F20251003%2Fus-east-1%2Fs3%2Faws4_request&X-Amz-Date=20251003T135045Z&X-Amz-SignedHeaders=host&X-Amz-Expires=28800&X-Amz-Signature=360bf3c0c7b2762a0ef0ff5ad7b638d8ad0347fc3028906213e6a6fc2f9afd9a', 'name': 'CHARLES MBUGUA MWAURA OFFER LETTER .pdf'}]",,,,,55886
7601072,36800,5807735,57094,27996,70188.75,10528.31,30/12/2024,flat_rate,percentage,Month,15.0000,Months,1,3,1,0.00,round_off_to_two_decimal,,,,,,,,,,,,,,,,,,,,,,,,,,,,80717.06,80717.06,0.0,80717.06,70188.75,10528.31,0.0,0.0,246,70188.75,10528.31,0.0,0.0,"[{'loan_id': 7478592}, {'loan_id': 7259857}, {'loan_id': 7094473}]",80717.06,30/01/2025,0.00,6,,0,,0,,0,,0,,0,,0,,0,,0,,0,,0,,0,,0,0,0,0,0,0,0,0,0,0,0,1,0.00,1,,,,"[{'id': 'custom_field_23347', 'name': 'Sales Person'}, {'id': 'custom_field_23167', 'name': 'National ID'}, {'id': 'custom_field_23348', 'name': 'Sales Person(Agent/TL/RO)'}]",KE,Musyoka Nyalo,,Nyalo Enterprice,9884494,Male,1,0707533831,musyokaalex93@gmail.com,21/03/1993,P.O. BOX 31 90402,Nairobi,"Eldoret, Machakos",,0797534360,,,66fbbf7c99963-9263110.jpg,,,[97469],30388354,-,"[{'file_id': 6661425, 's3_link': 'https://loandisk-borrowers.s3.amazonaws.com/MUSYOKA%20NYALO%20OFFER%20LETTER%20-9263107.pdf?response-content-disposition=attachment%3B%20filename%3D%22MUSYOKA%2520NYALO%2520OFFER%2520LETTER%2520.pdf%22&X-Amz-Content-Sha256=UNSIGNED-PAYLOAD&X-Amz-Algorithm=AWS4-HMAC-SHA256&X-Amz-Credential=AKIAYUBLFC5TP3LJIQ5H%2F20251003%2Fus-east-1%2Fs3%2Faws4_request&X-Amz-Date=20251003T135046Z&X-Amz-SignedHeaders=host&X-Amz-Expires=28800&X-Amz-Signature=d52116d5373ddb9d43f8e354fff259d9066bc50990b9b414dccf81384f16929e', 'name': 'MUSYOKA NYALO OFFER LETTER .pdf'}, {'file_id': 6661426, 's3_link': 'https://loandisk-borrowers.s3.amazonaws.com/MUSYOKA%20NYALO%20LOAN%20FORM%20-9263106.pdf?response-content-disposition=attachment%3B%20filename%3D%22MUSYOKA%2520NYALO%2520LOAN%2520FORM%2520.pdf%22&X-Amz-Content-Sha256=UNSIGNED-PAYLOAD&X-Amz-Algorithm=AWS4-HMAC-SHA256&X-Amz-Credential=AKIAYUBLFC5TP3LJIQ5H%2F20251003%2Fus-east-1%2Fs3%2Faws4_request&X-Amz-Date=20251003T135046Z&X-Amz-SignedHeaders=host&X-Amz-Expires=28800&X-Amz-Signature=62314e90cefd9a15838baa09074d952dab69af91b84dd3ea20a7b989575d2c7d', 'name': 'MUSYOKA NYALO LOAN FORM .pdf'}]",https://loandisk-borrowers-photo-thumbnails.s3.amazonaws.com/66fbbf7c99963-9263110.jpg?X-Amz-Content-Sha256=UNSIGNED-PAYLOAD&X-Amz-Algorithm=AWS4-HMAC-SHA256&X-Amz-Credential=AKIAYUBLFC5TP3LJIQ5H%2F20251003%2Fus-east-1%2Fs3%2Faws4_request&X-Amz-Date=20251003T135046Z&X-Amz-SignedHeaders=host&X-Amz-Expires=28800&X-Amz-Signature=1b1a48598dd2b3fd08819a84735f161d8be4727b7a494c9d0e1c2902866abb00,"[{'file_id': 7466460, 's3_link': 'https://loandisk-loans.s3.amazonaws.com/MUSYOKA%20NYALO%20DEMAND%20LETTER%20-10437889.pdf?response-content-disposition=attachment%3B%20filename%3D%22MUSYOKA%2520NYALO%2520DEMAND%2520LETTER%2520.pdf%22&X-Amz-Content-Sha256=UNSIGNED-PAYLOAD&X-Amz-Algorithm=AWS4-HMAC-SHA256&X-Amz-Credential=AKIAYUBLFC5TP3LJIQ5H%2F20251003%2Fus-east-1%2Fs3%2Faws4_request&X-Amz-Date=20251003T135045Z&X-Amz-SignedHeaders=host&X-Amz-Expires=28800&X-Amz-Signature=487e20fbc399c978d18a98f0ed521bd432dc1ada08a5e5499bc6243d6862e6fb', 'name': 'MUSYOKA NYALO DEMAND LETTER .pdf'}, {'file_id': 7487202, 's3_link': 'https://loandisk-loans.s3.amazonaws.com/MUSYOKA%20NYALO%20DEMAND%20LETTER%20%20%281%29-10469190.pdf?response-content-disposition=attachment%3B%20filename%3D%22MUSYOKA%2520NYALO%2520DEMAND%2520LETTER%2520%2520%25281%2529.pdf%22&X-Amz-Content-Sha256=UNSIGNED-PAYLOAD&X-Amz-Algorithm=AWS4-HMAC-SHA256&X-Amz-Credential=AKIAYUBLFC5TP3LJIQ5H%2F20251003%2Fus-east-1%2Fs3%2Faws4_request&X-Amz-Date=20251003T135045Z&X-Amz-SignedHeaders=host&X-Amz-Expires=28800&X-Amz-Signature=a252955df32657110f33c83ef21daba47997b26c21cea35592ad9fae6a8e5dd8', 'name': 'MUSYOKA NYALO DEMAND LETTER  (1).pdf'}]",brian,,55886
7774915,36826,6149688,57129,27999,127000.00,76200.00,29/01/2025,flat_rate,percentage,Month,4.0000,Months,15,3,15,0.00,round_off_to_two_decimal,,,,,,,,,,,,,,,,,,,,,,,,,,,,251586.80,16715.48999999999,84.67,16800.15999999999,8466.669999999998,5080.0,2999.4799999999996,254.01000000000016,4,67733.31,40640.0,23999.48,254.01000000000022,[],132626.80,29/04/2026,118960.00,5,,0,,0,,0,,0,,0,,0,,0,,0,,0,,0,,0,distribute_fees_evenly,45000.00,0,0,0,0,0,0,0,0,0,0,0,0.00,1,,,,"[{'id': 'custom_field_23167', 'name': 'National ID'}]",KE,Evans kimani,Kinuthia,Transport,9884533,Male,1,0793003032,evanskimanik@gmail.com,04/04/1997,P.O BOX 1692 20117,Nairobi.,"Kamiti road, Zimmerman Estate",,0731073292,,,,,,[39172],33560495,,"[{'file_id': 7324866, 's3_link': 'https://loandisk-borrowers.s3.amazonaws.com/EVANS%20KIMANI%20KINUTHIA%20LOAN%20FORM%20-10229862.pdf?response-content-disposition=attachment%3B%20filename%3D%22EVANS%2520KIMANI%2520KINUTHIA%2520LOAN%2520FORM%2520.pdf%22&X-Amz-Content-Sha256=UNSIGNED-PAYLOAD&X-Amz-Algorithm=AWS4-HMAC-SHA256&X-Amz-Credential=AKIAYUBLFC5TP3LJIQ5H%2F20251003%2Fus-east-1%2Fs3%2Faws4_request&X-Amz-Date=20251003T135046Z&X-Amz-SignedHeaders=host&X-Amz-Expires=28800&X-Amz-Signature=7be099c8333810d237ab196d411ad3cac3e329cfdf8965657017f4e3a8f5e605', 'name': 'EVANS KIMANI KINUTHIA LOAN FORM .pdf'}, {'file_id': 7324867, 's3_link': 'https://loandisk-borrowers.s3.amazonaws.com/EVANS%20KIMANI%20KINUTHIA%20OFFER%20LETTER%20-10229863.pdf?response-content-disposition=attachment%3B%20filename%3D%22EVANS%2520KIMANI%2520KINUTHIA%2520OFFER%2520LETTER%2520.pdf%22&X-Amz-Content-Sha256=UNSIGNED-PAYLOAD&X-Amz-Algorithm=AWS4-HMAC-SHA256&X-Amz-Credential=AKIAYUBLFC5TP3LJIQ5H%2F20251003%2Fus-east-1%2Fs3%2Faws4_request&X-Amz-Date=20251003T135046Z&X-Amz-SignedHeaders=host&X-Amz-Expires=28800&X-Amz-Signature=9a6d79c5218d766f7991d451f5a9b040a63c38b228d05ca5e557e7482f465721', 'name': 'EVANS KIMANI KINUTHIA OFFER LETTER .pdf'}]",,"[{'file_id': 7637083, 's3_link': 'https://loandisk-loans.s3.amazonaws.com/EVANS%20KIMANI%20KINUTHIA%20DEMAND%20LETTER%20-10692914.pdf?response-content-disposition=attachment%3B%20filename%3D%22EVANS%2520KIMANI%2520KINUTHIA%2520DEMAND%2520LETTER%2520.pdf%22&X-Amz-Content-Sha256=UNSIGNED-PAYLOAD&X-Amz-Algorithm=AWS4-HMAC-SHA256&X-Amz-Credential=AKIAYUBLFC5TP3LJIQ5H%2F20251003%2Fus-east-1%2Fs3%2Faws4_request&X-Amz-Date=20251003T135046Z&X-Amz-SignedHeaders=host&X-Amz-Expires=28800&X-Amz-Signature=d739aaf05e827e3d3abd946420ea611caf4543132490798d1065f760787d385e', 'name': 'EVANS KIMANI KINUTHIA DEMAND LETTER .pdf'}, {'file_id': 8035348, 's3_link': 'https://loandisk-loans.s3.amazonaws.com/EVANS%20KIMANI%20DEMAND%20LETTER%20-11283889.pdf?response-content-disposition=attachment%3B%20filename%3D%22EVANS%2520KIMANI%2520DEMAND%2520LETTER%2520.pdf%22&X-Amz-Content-Sha256=UNSIGNED-PAYLOAD&X-Amz-Algorithm=AWS4-HMAC-SHA256&X-Amz-Credential=AKIAYUBLFC5TP3LJIQ5H%2F20251003%2Fus-east-1%2Fs3%2Faws4_request&X-Amz-Date=20251003T135046Z&X-Amz-SignedHeaders=host&X-Amz-Expires=28800&X-Amz-Signature=31ee1954980b4951f0e50bd3fc3710c0be3110500e9682bce5995e0455e244c9', 'name': 'EVANS KIMANI DEMAND LETTER .pdf'}]",,,55886
7780252,240139,6149688,57130,27999,45837.00,9170.00,29/01/2025,flat_rate,percentage,Month,2.0000,Months,10,3,10,0.00,round_off_to_integer,,0.0,0.0,0.0,,0.00,0.00,,0.00,0.0,charge_interest_normally,charge_principal_normally,0.00,0.0,0.0,0.0,0.0,0.0,,0.0,0.0000,0.0,,,0.0,0.0,,56007.00,0,5547.0,5547.0,4584.0,917.0,46.0,0.0,4,13749.0,2751.0,246.0,0.0,[],16746.00,29/11/2025,39261.00,16,,0,,0,,0,distribute_fees_evenly,1000.00,,0,,0,,0,,0,,0,,0,,0,,0,0,0,0,0,0,0,0,0,0,0,0,0.00,1,0.0,,,"[{'id': 'custom_field_23167', 'name': 'National ID'}]",KE,Evans kimani,Kinuthia,Transport,9884533,Male,1,0793003032,evanskimanik@gmail.com,04/04/1997,P.O BOX 1692 20117,Nairobi.,"Kamiti road, Zimmerman Estate",,0731073292,,,,,,[39172],33560495,,"[{'file_id': 7324866, 's3_link': 'https://loandisk-borrowers.s3.amazonaws.com/EVANS%20KIMANI%20KINUTHIA%20LOAN%20FORM%20-10229862.pdf?response-content-disposition=attachment%3B%20filename%3D%22EVANS%2520KIMANI%2520KINUTHIA%2520LOAN%2520FORM%2520.pdf%22&X-Amz-Content-Sha256=UNSIGNED-PAYLOAD&X-Amz-Algorithm=AWS4-HMAC-SHA256&X-Amz-Credential=AKIAYUBLFC5TP3LJIQ5H%2F20251003%2Fus-east-1%2Fs3%2Faws4_request&X-Amz-Date=20251003T135046Z&X-Amz-SignedHeaders=host&X-Amz-Expires=28800&X-Amz-Signature=7be099c8333810d237ab196d411ad3cac3e329cfdf8965657017f4e3a8f5e605', 'name': 'EVANS KIMANI KINUTHIA LOAN FORM .pdf'}, {'file_id': 7324867, 's3_link': 'https://loandisk-borrowers.s3.amazonaws.com/EVANS%20KIMANI%20KINUTHIA%20OFFER%20LETTER%20-10229863.pdf?response-content-disposition=attachment%3B%20filename%3D%22EVANS%2520KIMANI%2520KINUTHIA%2520OFFER%2520LETTER%2520.pdf%22&X-Amz-Content-Sha256=UNSIGNED-PAYLOAD&X-Amz-Algorithm=AWS4-HMAC-SHA256&X-Amz-Credential=AKIAYUBLFC5TP3LJIQ5H%2F20251003%2Fus-east-1%2Fs3%2Faws4_request&X-Amz-Date=20251003T135046Z&X-Amz-SignedHeaders=host&X-Amz-Expires=28800&X-Amz-Signature=9a6d79c5218d766f7991d451f5a9b040a63c38b228d05ca5e557e7482f465721', 'name': 'EVANS KIMANI KINUTHIA OFFER LETTER .pdf'}]",,,,,55886
7904865,240139,6227791,57149,27999,48257.00,9650.00,19/02/2025,flat_rate,percentage,Month,2.0000,Months,10,3,10,0.00,round_off_to_integer,,0.0,0.0,0.0,,0.00,0.00,,0.00,0.0,charge_interest_normally,charge_principal_normally,0.00,0.0,0.0,0.0,0.0,0.0,,0.0,0.0000,0.0,,,0.0,0.0,,58907.00,0,1883.0,1883.0,1883.0,0.0,0.0,0.0,14,16358.0,2895.0,300.0,0.0,[],19553.00,19/12/2025,39354.00,16,,0,,0,,0,distribute_fees_evenly,1000.00,,0,,0,,0,,0,,0,,0,,0,,0,0,0,0,0,0,0,0,0,0,0,0,0.00,1,0.0,,,"[{'id': 'custom_field_23347', 'name': 'Sales Person'}, {'id': 'custom_field_23167', 'name': 'National ID'}]",KE,Appophia Silapei,Sompol,,9884543,Female,4,0718465131,silapei2009@gmail.com,08/12/1987,P.O BOX 178 00208,Nairobi,Ngong,,0720717717,,,,,,[70406],26047134,,,,"[{'file_id': 7555007, 's3_link': 'https://loandisk-loans.s3.amazonaws.com/APPHOPHIA%20SILAPEI%20SOMPOL%20IPF%20DOCS-10566380.pdf?response-content-disposition=attachment%3B%20filename%3D%22APPHOPHIA%2520SILAPEI%2520SOMPOL%2520IPF%2520DOCS.pdf%22&X-Amz-Content-Sha256=UNSIGNED-PAYLOAD&X-Amz-Algorithm=AWS4-HMAC-SHA256&X-Amz-Credential=AKIAYUBLFC5TP3LJIQ5H%2F20251003%2Fus-east-1%2Fs3%2Faws4_request&X-Amz-Date=20251003T135046Z&X-Amz-SignedHeaders=host&X-Amz-Expires=28800&X-Amz-Signature=f484cd639984f00448d5415c5fb12cee761a981268dd9a004cbba31799cd2e0a', 'name': 'APPHOPHIA SILAPEI SOMPOL IPF DOCS.pdf'}]",Kelvin Mwangi,,55886
8052036,240139,5015912,57179,27999,39308.00,7860.00,06/03/2025,flat_rate,percentage,Month,2.0000,Months,10,3,10,0.00,round_off_to_integer,,0.0,0.0,0.0,,0.00,0.00,,0.00,0.0,charge_interest_normally,charge_principal_normally,0.00,0.0,0.0,0.0,0.0,0.0,,0.0,0.0000,0.0,,,0.0,0.0,,48168.00,0,4510.0,4510.0,4424.0,86.0,0.0,0.0,27,20146.0,3230.0,400.0,0.0,[],23776.00,06/01/2026,24392.00,16,,0,,0,,0,distribute_fees_evenly,1000.00,,0,,0,,0,,0,,0,,0,,0,,0,0,0,0,0,0,0,0,0,0,0,0,0.00,1,0.0,,,"[{'id': 'custom_field_23347', 'name': 'Sales Person'}, {'id': 'custom_field_23167', 'name': 'National ID'}]",KE,David,Njue Solomon,Ganana Developers Ltd,9884393,Male,1,0729167273,solodavid3756@gmail.com,01/01/1956,18,Embu,Embu,60103,0720983192,Owner,,,,,[70406],1307710,,"[{'file_id': 5349733, 's3_link': 'https://loandisk-borrowers.s3.amazonaws.com/Image%20%2818%29%20%282%29-7389682.jpg?response-content-disposition=attachment%3B%20filename%3D%22Image%2520%252818%2529%2520%25282%2529.jpg%22&X-Amz-Content-Sha256=UNSIGNED-PAYLOAD&X-Amz-Algorithm=AWS4-HMAC-SHA256&X-Amz-Credential=AKIAYUBLFC5TP3LJIQ5H%2F20251003%2Fus-east-1%2Fs3%2Faws4_request&X-Amz-Date=20251003T135046Z&X-Amz-SignedHeaders=host&X-Amz-Expires=28800&X-Amz-Signature=081cae383fc6ff7657c1a43b9d2221eeed121a0d7078030d3ec3ffcc4f596b13', 'name': 'Image (18) (2).jpg'}]",,"[{'file_id': 7724009, 's3_link': 'https://loandisk-loans.s3.amazonaws.com/DAVID%20NJUE%20SOLOMON%20IPF-10820754.pdf?response-content-disposition=attachment%3B%20filename%3D%22DAVID%2520NJUE%2520SOLOMON%2520IPF.pdf%22&X-Amz-Content-Sha256=UNSIGNED-PAYLOAD&X-Amz-Algorithm=AWS4-HMAC-SHA256&X-Amz-Credential=AKIAYUBLFC5TP3LJIQ5H%2F20251003%2Fus-east-1%2Fs3%2Faws4_request&X-Amz-Date=20251003T135046Z&X-Amz-SignedHeaders=host&X-Amz-Expires=28800&X-Amz-Signature=a6fee70d65f465d3cfee6c4dfd118a4f376895c39317ede8efca6c9ea18c39ce', 'name': 'DAVID NJUE SOLOMON IPF.pdf'}, {'file_id': 8431376, 's3_link': 'https://loandisk-loans.s3.amazonaws.com/DAVID%20NJUE%20DEMAND%20LETTER%20-11854916.pdf?response-content-disposition=attachment%3B%20filename%3D%22DAVID%2520NJUE%2520DEMAND%2520LETTER%2520.pdf%22&X-Amz-Content-Sha256=UNSIGNED-PAYLOAD&X-Amz-Algorithm=AWS4-HMAC-SHA256&X-Amz-Credential=AKIAYUBLFC5TP3LJIQ5H%2F20251003%2Fus-east-1%2Fs3%2Faws4_request&X-Amz-Date=20251003T135046Z&X-Amz-SignedHeaders=host&X-Amz-Expires=28800&X-Amz-Signature=ed025edeabfaea0020e70d246f11b2ebb8554a1330584ee2c89ec3b76b234014', 'name': 'DAVID NJUE DEMAND LETTER .pdf'}]",Magdalene Amolo,,55886
8156544,36826,6095286,57199,27996,230000.00,110400.00,01/04/2025,flat_rate,percentage,Month,4.0000,Months,12,3,12,0.00,round_off_to_two_decimal,,,,,,,,,,,,,,,,,,,,,,,,,,,,742458.34,523108.36,1150.0,524258.36,115000.02,55200.0,269533.36,84524.98,185,230000.0,110400.0,284533.36,84524.98,[],709458.34,01/04/2026,33000.00,5,,0,,0,,0,,0,,0,,0,,0,,0,charge_fees_on_released_date,280000.00,,0,,0,distribute_fees_evenly,36000.00,0,0,0,0,0,0,0,0,0,0,0,0.00,1,,,,"[{'id': 'custom_field_23347', 'name': 'Sales Person'}, {'id': 'custom_field_23167', 'name': 'National ID'}, {'id': 'custom_field_23348', 'name': 'Sales Person(Agent/TL/RO)'}]",KE,David,Mutiso,BODA BODA LEASE,9884522,Male,1,0703962787,davis2030dd@gmail.com,01/01/1992,93098,Mombasa,KENYA,,0788696748,Owner,,676a744e1613d-10028209.jpeg,David Mutiso as a businessman in Mombasa with with boda boda lease business. He is also employed in a contrustion company in Bamburi that is building malindi mombasa highway.  His wifes Diana works at cearing and forwarding in lunga lunga border.,,[97469],29524652,Samson Namale,"[{'file_id': 7190520, 's3_link': 'https://loandisk-borrowers.s3.amazonaws.com/MUTISO%20DAVID%20LOAN%20FORM%20-10028393.pdf?response-content-disposition=attachment%3B%20filename%3D%22MUTISO%2520DAVID%2520LOAN%2520FORM%2520.pdf%22&X-Amz-Content-Sha256=UNSIGNED-PAYLOAD&X-Amz-Algorithm=AWS4-HMAC-SHA256&X-Amz-Credential=AKIAYUBLFC5TP3LJIQ5H%2F20251003%2Fus-east-1%2Fs3%2Faws4_request&X-Amz-Date=20251003T135047Z&X-Amz-SignedHeaders=host&X-Amz-Expires=28800&X-Amz-Signature=c685dc318ac2ec72a351eb2399c859354ba31de0f6b8c3d21bc14b70b166bdc8', 'name': 'MUTISO DAVID LOAN FORM .pdf'}, {'file_id': 7190521, 's3_link': 'https://loandisk-borrowers.s3.amazonaws.com/MUTISO%20DAVID%20OFFER%20LETTER%20-10028390.pdf?response-content-disposition=attachment%3B%20filename%3D%22MUTISO%2520DAVID%2520OFFER%2520LETTER%2520.pdf%22&X-Amz-Content-Sha256=UNSIGNED-PAYLOAD&X-Amz-Algorithm=AWS4-HMAC-SHA256&X-Amz-Credential=AKIAYUBLFC5TP3LJIQ5H%2F20251003%2Fus-east-1%2Fs3%2Faws4_request&X-Amz-Date=20251003T135047Z&X-Amz-SignedHeaders=host&X-Amz-Expires=28800&X-Amz-Signature=2431fdb1b7fc3ea6dc4b4cd42a949096c5dfa383dca382dfcefa9d2649c51b86', 'name': 'MUTISO DAVID OFFER LETTER .pdf'}]",https://loandisk-borrowers-photo-thumbnails.s3.amazonaws.com/676a744e1613d-10028209.jpeg?X-Amz-Content-Sha256=UNSIGNED-PAYLOAD&X-Amz-Algorithm=AWS4-HMAC-SHA256&X-Amz-Credential=AKIAYUBLFC5TP3LJIQ5H%2F20251003%2Fus-east-1%2Fs3%2Faws4_request&X-Amz-Date=20251003T135047Z&X-Amz-SignedHeaders=host&X-Amz-Expires=28800&X-Amz-Signature=aaec8a3994978a41bc1fd256a511f3e509aa1c2dc2662e441b6521dd479c3058,"[{'file_id': 7864138, 's3_link': 'https://loandisk-loans.s3.amazonaws.com/DAVID%20MUTISO%20OFFER%20LETTER%20-11030883.pdf?response-content-disposition=attachment%3B%20filename%3D%22DAVID%2520MUTISO%2520OFFER%2520LETTER%2520.pdf%22&X-Amz-Content-Sha256=UNSIGNED-PAYLOAD&X-Amz-Algorithm=AWS4-HMAC-SHA256&X-Amz-Credential=AKIAYUBLFC5TP3LJIQ5H%2F20251003%2Fus-east-1%2Fs3%2Faws4_request&X-Amz-Date=20251003T135047Z&X-Amz-SignedHeaders=host&X-Amz-Expires=28800&X-Amz-Signature=40964f8ccd4c81f72a65dd02f0e38b11c84babfc463d42ebf871b71341c3f906', 'name': 'DAVID MUTISO OFFER LETTER .pdf'}, {'file_id': 8035342, 's3_link': 'https://loandisk-loans.s3.amazonaws.com/DAVID%20MUTISO%20DEMAND%20LETTER%20-11283881.pdf?response-content-disposition=attachment%3B%20filename%3D%22DAVID%2520MUTISO%2520DEMAND%2520LETTER%2520.pdf%22&X-Amz-Content-Sha256=UNSIGNED-PAYLOAD&X-Amz-Algorithm=AWS4-HMAC-SHA256&X-Amz-Credential=AKIAYUBLFC5TP3LJIQ5H%2F20251003%2Fus-east-1%2Fs3%2Faws4_request&X-Amz-Date=20251003T135047Z&X-Amz-SignedHeaders=host&X-Amz-Expires=28800&X-Amz-Signature=b2b3cdb271b57b23ed37ff5f73968ec831f3e3e092510c14d2f5fa4ae6dc6c85', 'name': 'DAVID MUTISO DEMAND LETTER .pdf'}]",Samson Namale,,55886
8156617,253137,5718289,57201,27996,45000.00,6750.00,01/04/2025,flat_rate,percentage,Month,15.0000,Months,1,3,1,0.00,round_off_to_two_decimal,,,,,,,,,,,,,,,,,,,,,,,,,,,,119250.00,119250,0.0,119250.0,45000.0,6750.0,0.0,67500.0,155,45000.0,6750.0,0.0,67500.0,[],119250.00,01/05/2025,0.00,6,,0,,0,,0,,0,,0,,0,,0,,0,,0,,0,,0,,0,0,0,0,0,0,0,0,0,0,0,0,0.00,1,,,,"[{'id': 'custom_field_23347', 'name': 'Sales Person'}, {'id': 'custom_field_23167', 'name': 'National ID'}, {'id': 'custom_field_23348', 'name': 'Sales Person(Agent/TL/RO)'}]",KE,Luke,Shamala,Kenya Ports Authority- Transport,9884488,Male,1,0722552802,lukeshamala@gmail.com,18/06/1979,,Nairobi,"Nairobi, Utawala Eastern By-pass",,0719625824,,,66d96c552f99b-9021693.jpg,,,[97469],21563062,Magdaline Amolo,"[{'file_id': 6494089, 's3_link': 'https://loandisk-borrowers.s3.amazonaws.com/LUKE%20SHAMALA%20LOAN%20FORM%20-9021686.pdf?response-content-disposition=attachment%3B%20filename%3D%22LUKE%2520SHAMALA%2520LOAN%2520FORM%2520.pdf%22&X-Amz-Content-Sha256=UNSIGNED-PAYLOAD&X-Amz-Algorithm=AWS4-HMAC-SHA256&X-Amz-Credential=AKIAYUBLFC5TP3LJIQ5H%2F20251003%2Fus-east-1%2Fs3%2Faws4_request&X-Amz-Date=20251003T135047Z&X-Amz-SignedHeaders=host&X-Amz-Expires=28800&X-Amz-Signature=6645c62b61a639103e07dce9ffc81873b4de7158871f4863894f2176e2c7a8f6', 'name': 'LUKE SHAMALA LOAN FORM .pdf'}, {'file_id': 6494090, 's3_link': 'https://loandisk-borrowers.s3.amazonaws.com/LUKE%20SHAMALA%20OFFER%20LETTER%20-9021687.pdf?response-content-disposition=attachment%3B%20filename%3D%22LUKE%2520SHAMALA%2520OFFER%2520LETTER%2520.pdf%22&X-Amz-Content-Sha256=UNSIGNED-PAYLOAD&X-Amz-Algorithm=AWS4-HMAC-SHA256&X-Amz-Credential=AKIAYUBLFC5TP3LJIQ5H%2F20251003%2Fus-east-1%2Fs3%2Faws4_request&X-Amz-Date=20251003T135047Z&X-Amz-SignedHeaders=host&X-Amz-Expires=28800&X-Amz-Signature=72126831500ed760df0cedfca9e5c4b4c3f78cd7371d3869ff45c0c87a0d72f3', 'name': 'LUKE SHAMALA OFFER LETTER .pdf'}]",https://loandisk-borrowers-photo-thumbnails.s3.amazonaws.com/66d96c552f99b-9021693.jpg?X-Amz-Content-Sha256=UNSIGNED-PAYLOAD&X-Amz-Algorithm=AWS4-HMAC-SHA256&X-Amz-Credential=AKIAYUBLFC5TP3LJIQ5H%2F20251003%2Fus-east-1%2Fs3%2Faws4_request&X-Amz-Date=20251003T135047Z&X-Amz-SignedHeaders=host&X-Amz-Expires=28800&X-Amz-Signature=830b7d700dd7ff8b5414acb844aacb6cf5033a088f9b9f9cbebf053f915b7d96,"[{'file_id': 7834755, 's3_link': 'https://loandisk-loans.s3.amazonaws.com/LUKE%20SHAMALA%20OFFER%20LETTER%201-10986004.pdf?response-content-disposition=attachment%3B%20filename%3D%22LUKE%2520SHAMALA%2520OFFER%2520LETTER%25201.pdf%22&X-Amz-Content-Sha256=UNSIGNED-PAYLOAD&X-Amz-Algorithm=AWS4-HMAC-SHA256&X-Amz-Credential=AKIAYUBLFC5TP3LJIQ5H%2F20251003%2Fus-east-1%2Fs3%2Faws4_request&X-Amz-Date=20251003T135047Z&X-Amz-SignedHeaders=host&X-Amz-Expires=28800&X-Amz-Signature=0f8a02cfa151d82bd23e63d91b0a7e4d6df124da6e0f939502c0bfe53dcca253', 'name': 'LUKE SHAMALA OFFER LETTER 1.pdf'}]",magdalene amolo,,55886
8194625,240139,6095286,57211,27999,30971.00,6190.00,01/04/2025,flat_rate,percentage,Month,2.0000,Months,10,3,10,0.00,round_off_to_integer,,0.0,0.0,0.0,,0.00,0.00,,0.00,0.0,charge_interest_normally,charge_principal_normally,0.00,0.0,0.0,0.0,0.0,0.0,,0.0,0.0000,0.0,,,0.0,0.0,,38161.00,19080,3816.0,22896.0,18582.0,3714.0,600.0,0.0,155,30971.0,6190.0,1000.0,0.0,[],38161.00,01/02/2026,0.00,5,,0,,0,,0,distribute_fees_evenly,1000.00,,0,,0,,0,,0,,0,,0,,0,,0,0,0,0,0,0,0,0,0,0,0,0,0.00,1,0.0,,,"[{'id': 'custom_field_23347', 'name': 'Sales Person'}, {'id': 'custom_field_23167', 'name': 'National ID'}, {'id': 'custom_field_23348', 'name': 'Sales Person(Agent/TL/RO)'}]",KE,David,Mutiso,BODA BODA LEASE,9884522,Male,1,0703962787,davis2030dd@gmail.com,01/01/1992,93098,Mombasa,KENYA,,0788696748,Owner,,676a744e1613d-10028209.jpeg,David Mutiso as a businessman in Mombasa with with boda boda lease business. He is also employed in a contrustion company in Bamburi that is building malindi mombasa highway.  His wifes Diana works at cearing and forwarding in lunga lunga border.,,[97469],29524652,Samson Namale,"[{'file_id': 7190520, 's3_link': 'https://loandisk-borrowers.s3.amazonaws.com/MUTISO%20DAVID%20LOAN%20FORM%20-10028393.pdf?response-content-disposition=attachment%3B%20filename%3D%22MUTISO%2520DAVID%2520LOAN%2520FORM%2520.pdf%22&X-Amz-Content-Sha256=UNSIGNED-PAYLOAD&X-Amz-Algorithm=AWS4-HMAC-SHA256&X-Amz-Credential=AKIAYUBLFC5TP3LJIQ5H%2F20251003%2Fus-east-1%2Fs3%2Faws4_request&X-Amz-Date=20251003T135047Z&X-Amz-SignedHeaders=host&X-Amz-Expires=28800&X-Amz-Signature=c685dc318ac2ec72a351eb2399c859354ba31de0f6b8c3d21bc14b70b166bdc8', 'name': 'MUTISO DAVID LOAN FORM .pdf'}, {'file_id': 7190521, 's3_link': 'https://loandisk-borrowers.s3.amazonaws.com/MUTISO%20DAVID%20OFFER%20LETTER%20-10028390.pdf?response-content-disposition=attachment%3B%20filename%3D%22MUTISO%2520DAVID%2520OFFER%2520LETTER%2520.pdf%22&X-Amz-Content-Sha256=UNSIGNED-PAYLOAD&X-Amz-Algorithm=AWS4-HMAC-SHA256&X-Amz-Credential=AKIAYUBLFC5TP3LJIQ5H%2F20251003%2Fus-east-1%2Fs3%2Faws4_request&X-Amz-Date=20251003T135047Z&X-Amz-SignedHeaders=host&X-Amz-Expires=28800&X-Amz-Signature=2431fdb1b7fc3ea6dc4b4cd42a949096c5dfa383dca382dfcefa9d2649c51b86', 'name': 'MUTISO DAVID OFFER LETTER .pdf'}]",https://loandisk-borrowers-photo-thumbnails.s3.amazonaws.com/676a744e1613d-10028209.jpeg?X-Amz-Content-Sha256=UNSIGNED-PAYLOAD&X-Amz-Algorithm=AWS4-HMAC-SHA256&X-Amz-Credential=AKIAYUBLFC5TP3LJIQ5H%2F20251003%2Fus-east-1%2Fs3%2Faws4_request&X-Amz-Date=20251003T135047Z&X-Amz-SignedHeaders=host&X-Amz-Expires=28800&X-Amz-Signature=aaec8a3994978a41bc1fd256a511f3e509aa1c2dc2662e441b6521dd479c3058,,Samson Namale,,55886
8335782,240139,6438444,57239,27999,40614.00,8120.00,30/04/2025,flat_rate,percentage,Month,2.0000,Months,10,3,10,0.00,round_off_to_integer,,0.0,0.0,0.0,,0.00,0.00,,0.00,0.0,charge_interest_normally,charge_principal_normally,0.00,0.0,0.0,0.0,0.0,0.0,,0.0,0.0000,0.0,,,0.0,0.0,,49734.00,0,4764.0,4764.0,4061.0,703.0,0.0,0.0,3,24370.0,4763.0,500.0,0.0,[],29633.00,28/02/2026,20101.00,16,,0,,0,,0,distribute_fees_evenly,1000.00,,0,,0,,0,,0,,0,,0,,0,,0,0,0,0,0,0,0,0,0,0,0,0,0.00,1,0.0,,,"[{'id': 'custom_field_23347', 'name': 'Sales Person'}, {'id': 'custom_field_23167', 'name': 'National ID'}, {'id': 'custom_field_23348', 'name': 'Sales Person(Agent/TL/RO)'}]",KE,Marcus Getwambu,Ohoga,Moraa Cerreals- Supplies,9884551,Male,1,0113397161,youngscissors9293@gmail.com,01/06/2002,P.O BOX 330- 40601,Nairobi,"Bondo town, Atilili Estate",,0712985501,,,681219ad5ac0a-11242963.jpg,,,[39172],39397365,Grace Wangari,"[{'file_id': 8010711, 's3_link': 'https://loandisk-borrowers.s3.amazonaws.com/MARCUS%20GETWAMBU%20OHOGA%20OFFER%20LETTER%20-11242958.pdf?response-content-disposition=attachment%3B%20filename%3D%22MARCUS%2520GETWAMBU%2520OHOGA%2520OFFER%2520LETTER%2520.pdf%22&X-Amz-Content-Sha256=UNSIGNED-PAYLOAD&X-Amz-Algorithm=AWS4-HMAC-SHA256&X-Amz-Credential=AKIAYUBLFC5TP3LJIQ5H%2F20251003%2Fus-east-1%2Fs3%2Faws4_request&X-Amz-Date=20251003T135047Z&X-Amz-SignedHeaders=host&X-Amz-Expires=28800&X-Amz-Signature=b3d1959e4aa652e020f7bbd7ada1ffe0c8de468cf388b7583bda9110381f0064', 'name': 'MARCUS GETWAMBU OHOGA OFFER LETTER .pdf'}, {'file_id': 8010712, 's3_link': 'https://loandisk-borrowers.s3.amazonaws.com/MARCUS%20GETWAMBU%20OHOGA%20LOAN%20FORM%20-11242957.pdf?response-content-disposition=attachment%3B%20filename%3D%22MARCUS%2520GETWAMBU%2520OHOGA%2520LOAN%2520FORM%2520.pdf%22&X-Amz-Content-Sha256=UNSIGNED-PAYLOAD&X-Amz-Algorithm=AWS4-HMAC-SHA256&X-Amz-Credential=AKIAYUBLFC5TP3LJIQ5H%2F20251003%2Fus-east-1%2Fs3%2Faws4_request&X-Amz-Date=20251003T135047Z&X-Amz-SignedHeaders=host&X-Amz-Expires=28800&X-Amz-Signature=54a5d076fc25b7993fc5dbd5f0ffd2abec3d4d4169836a75e37c3e2a15dbf610', 'name': 'MARCUS GETWAMBU OHOGA LOAN FORM .pdf'}]",https://loandisk-borrowers-photo-thumbnails.s3.amazonaws.com/681219ad5ac0a-11242963.jpg?X-Amz-Content-Sha256=UNSIGNED-PAYLOAD&X-Amz-Algorithm=AWS4-HMAC-SHA256&X-Amz-Credential=AKIAYUBLFC5TP3LJIQ5H%2F20251003%2Fus-east-1%2Fs3%2Faws4_request&X-Amz-Date=20251003T135047Z&X-Amz-SignedHeaders=host&X-Amz-Expires=28800&X-Amz-Signature=a6930fd89441507168a71d90bd6033fecce4517924d9aec025cfbdc9eae083ea,,Grace wangari,,55886
8348233,240139,6103539,57244,27999,47754.00,9550.00,30/04/2025,flat_rate,percentage,Month,2.0000,Months,10,3,10,0.00,round_off_to_integer,,0.0,0.0,0.0,,0.00,0.00,,0.00,0.0,charge_interest_normally,charge_principal_normally,0.00,0.0,0.0,0.0,0.0,0.0,,0.0,0.0000,0.0,,,0.0,0.0,,58304.00,-385,5830.0,5445.0,4775.0,955.0,100.0,0.0,3,28654.0,5445.0,500.0,0.0,[],34599.00,28/02/2026,23705.00,16,,0,,0,,0,distribute_fees_evenly,1000.00,,0,,0,,0,,0,,0,,0,,0,,0,0,0,0,0,0,0,0,0,0,0,0,0.00,1,0.0,,,"[{'id': 'custom_field_23347', 'name': 'Sales Person'}, {'id': 'custom_field_23167', 'name': 'National ID'}, {'id': 'custom_field_23348', 'name': 'Sales Person(Agent/TL/RO)'}]",KE,Emmanuel Owen,Ekaya,Real Estate- Landlord,9884524,Male,1,0715444393,oekeye2@gmail.com,09/06/1980,P.O BOX 5658-00200,Nairobi,"Mumias Road, Buruburu Estate",,0723704170,,,,,,[70406],21942220,Magdaline Amolo,"[{'file_id': 7233748, 's3_link': 'https://loandisk-borrowers.s3.amazonaws.com/EMMANUEL%20OWEN%20EKAYA%20LOAN%20FORM%20-10098854.pdf?response-content-disposition=attachment%3B%20filename%3D%22EMMANUEL%2520OWEN%2520EKAYA%2520LOAN%2520FORM%2520.pdf%22&X-Amz-Content-Sha256=UNSIGNED-PAYLOAD&X-Amz-Algorithm=AWS4-HMAC-SHA256&X-Amz-Credential=AKIAYUBLFC5TP3LJIQ5H%2F20251003%2Fus-east-1%2Fs3%2Faws4_request&X-Amz-Date=20251003T135047Z&X-Amz-SignedHeaders=host&X-Amz-Expires=28800&X-Amz-Signature=decc7912eccfd42e10ad7d2c4d41759f8f2c5a46f6c97cb27b86a000d0c0bdf5', 'name': 'EMMANUEL OWEN EKAYA LOAN FORM .pdf'}, {'file_id': 7233749, 's3_link': 'https://loandisk-borrowers.s3.amazonaws.com/EMMANUEL%20OWEN%20EKAYA%20OFFER%20LETTER%20-10098855.pdf?response-content-disposition=attachment%3B%20filename%3D%22EMMANUEL%2520OWEN%2520EKAYA%2520OFFER%2520LETTER%2520.pdf%22&X-Amz-Content-Sha256=UNSIGNED-PAYLOAD&X-Amz-Algorithm=AWS4-HMAC-SHA256&X-Amz-Credential=AKIAYUBLFC5TP3LJIQ5H%2F20251003%2Fus-east-1%2Fs3%2Faws4_request&X-Amz-Date=20251003T135047Z&X-Amz-SignedHeaders=host&X-Amz-Expires=28800&X-Amz-Signature=cb6456f22a803d56ecfaf342a95aad39cd02ad326c68aef17fc0caa9187b14b3', 'name': 'EMMANUEL OWEN EKAYA OFFER LETTER .pdf'}, {'file_id': 8022095, 's3_link': 'https://loandisk-borrowers.s3.amazonaws.com/EMMANUEL%20OWEN%20OFFER%20LETTER%20-11262658.pdf?response-content-disposition=attachment%3B%20filename%3D%22EMMANUEL%2520OWEN%2520OFFER%2520LETTER%2520.pdf%22&X-Amz-Content-Sha256=UNSIGNED-PAYLOAD&X-Amz-Algorithm=AWS4-HMAC-SHA256&X-Amz-Credential=AKIAYUBLFC5TP3LJIQ5H%2F20251003%2Fus-east-1%2Fs3%2Faws4_request&X-Amz-Date=20251003T135047Z&X-Amz-SignedHeaders=host&X-Amz-Expires=28800&X-Amz-Signature=9c3c17f011b579d2b797dfe3dfdb390d3a68c0c64492e996b9dac9e1c215d64b', 'name': 'EMMANUEL OWEN OFFER LETTER .pdf'}]",,,Magdalene Amolo,,55886
8500715,36826,5531295,57272,27996,158000.00,113760.00,27/05/2025,flat_rate,percentage,Month,4.0000,Months,18,3,18,0.00,round_off_to_two_decimal,,,,,,,,,,,,,,,,,,,,,,,,,,,,297776.85,55112.96000000001,263.33,55376.29000000001,26333.340000000004,17959.44,1866.66,9216.85,68,149222.22,106439.44,14933.34,9216.85,[],279811.85,27/11/2026,17965.00,5,,0,,0,,0,distribute_fees_evenly,16800.00,,0,,0,,0,,0,,0,,0,,0,,0,0,0,0,0,0,0,0,0,0,0,0,0.00,1,,,,"[{'id': 'custom_field_23347', 'name': 'Sales Person'}, {'id': 'custom_field_23167', 'name': 'National ID'}, {'id': 'custom_field_23348', 'name': 'Sales Person(Agent/TL/RO)'}]",KE,John,Kinuthia Njuguna,Business Man,9884453,Male,1,0726732341,,02/10/1982,Kiambu Town,Kiambu,Kiambu,00610,0703995066/0795842553,Owner,,,,,[70406],23011493,Magdaline Amolo,"[{'file_id': 8283347, 's3_link': 'https://loandisk-borrowers.s3.amazonaws.com/JOHN%20KINUTHIA%20NJUGUNA%20LOAN%20FORM%20-11646520.pdf?response-content-disposition=attachment%3B%20filename%3D%22JOHN%2520KINUTHIA%2520NJUGUNA%2520LOAN%2520FORM%2520.pdf%22&X-Amz-Content-Sha256=UNSIGNED-PAYLOAD&X-Amz-Algorithm=AWS4-HMAC-SHA256&X-Amz-Credential=AKIAYUBLFC5TP3LJIQ5H%2F20251003%2Fus-east-1%2Fs3%2Faws4_request&X-Amz-Date=20251003T135048Z&X-Amz-SignedHeaders=host&X-Amz-Expires=28800&X-Amz-Signature=cd71989254f4b7d6211d81b45d19d2a20083782cfb7f4e08e5dc91331b21d9bd', 'name': 'JOHN KINUTHIA NJUGUNA LOAN FORM .pdf'}, {'file_id': 8283480, 's3_link': 'https://loandisk-borrowers.s3.amazonaws.com/JOHN%20NJUGUNA%20OFFER%20LETTER%20-11646679.pdf?response-content-disposition=attachment%3B%20filename%3D%22JOHN%2520NJUGUNA%2520OFFER%2520LETTER%2520.pdf%22&X-Amz-Content-Sha256=UNSIGNED-PAYLOAD&X-Amz-Algorithm=AWS4-HMAC-SHA256&X-Amz-Credential=AKIAYUBLFC5TP3LJIQ5H%2F20251003%2Fus-east-1%2Fs3%2Faws4_request&X-Amz-Date=20251003T135048Z&X-Amz-SignedHeaders=host&X-Amz-Expires=28800&X-Amz-Signature=d59c3017ef4c7ce5b2fadf1ca0ca377dbf2b1f7bff97171c0ba1f9d8f13b265f', 'name': 'JOHN NJUGUNA OFFER LETTER .pdf'}]",,"[{'file_id': 8283586, 's3_link': 'https://loandisk-loans.s3.amazonaws.com/JOHN%20KINUTHIA%20NJUGUNA%20OFFER%20LETTER%20%20%281%29-11646810.pdf?response-content-disposition=attachment%3B%20filename%3D%22JOHN%2520KINUTHIA%2520NJUGUNA%2520OFFER%2520LETTER%2520%2520%25281%2529.pdf%22&X-Amz-Content-Sha256=UNSIGNED-PAYLOAD&X-Amz-Algorithm=AWS4-HMAC-SHA256&X-Amz-Credential=AKIAYUBLFC5TP3LJIQ5H%2F20251003%2Fus-east-1%2Fs3%2Faws4_request&X-Amz-Date=20251003T135048Z&X-Amz-SignedHeaders=host&X-Amz-Expires=28800&X-Amz-Signature=b0551f7f68adfe6deea6522ce4334ec7cb119fac932f1480dce844616effcb27', 'name': 'JOHN KINUTHIA NJUGUNA OFFER LETTER  (1).pdf'}]",Magdalene Amolo,,55886
8649782,36826,5531295,57301,27996,40000.00,9600.00,19/06/2025,flat_rate,percentage,Month,4.0000,Months,6,3,6,0.00,round_off_to_two_decimal,,,,,,,,,,,,,,,,,,,,,,,,,,,,53451.17,20132.85,133.33,20266.18,13333.339999999998,3199.45,0.0,3733.39,45,33333.33,7999.45,0.0,3733.39,[],45066.17,19/12/2025,8385.00,5,,0,,0,,0,,0,,0,,0,,0,,0,,0,,0,,0,,0,0,0,0,0,0,0,0,0,0,0,0,0.00,1,,,,"[{'id': 'custom_field_23347', 'name': 'Sales Person'}, {'id': 'custom_field_23167', 'name': 'National ID'}, {'id': 'custom_field_23348', 'name': 'Sales Person(Agent/TL/RO)'}]",KE,John,Kinuthia Njuguna,Business Man,9884453,Male,1,0726732341,,02/10/1982,Kiambu Town,Kiambu,Kiambu,00610,0703995066/0795842553,Owner,,,,,[70406],23011493,Magdaline Amolo,"[{'file_id': 8283347, 's3_link': 'https://loandisk-borrowers.s3.amazonaws.com/JOHN%20KINUTHIA%20NJUGUNA%20LOAN%20FORM%20-11646520.pdf?response-content-disposition=attachment%3B%20filename%3D%22JOHN%2520KINUTHIA%2520NJUGUNA%2520LOAN%2520FORM%2520.pdf%22&X-Amz-Content-Sha256=UNSIGNED-PAYLOAD&X-Amz-Algorithm=AWS4-HMAC-SHA256&X-Amz-Credential=AKIAYUBLFC5TP3LJIQ5H%2F20251003%2Fus-east-1%2Fs3%2Faws4_request&X-Amz-Date=20251003T135048Z&X-Amz-SignedHeaders=host&X-Amz-Expires=28800&X-Amz-Signature=cd71989254f4b7d6211d81b45d19d2a20083782cfb7f4e08e5dc91331b21d9bd', 'name': 'JOHN KINUTHIA NJUGUNA LOAN FORM .pdf'}, {'file_id': 8283480, 's3_link': 'https://loandisk-borrowers.s3.amazonaws.com/JOHN%20NJUGUNA%20OFFER%20LETTER%20-11646679.pdf?response-content-disposition=attachment%3B%20filename%3D%22JOHN%2520NJUGUNA%2520OFFER%2520LETTER%2520.pdf%22&X-Amz-Content-Sha256=UNSIGNED-PAYLOAD&X-Amz-Algorithm=AWS4-HMAC-SHA256&X-Amz-Credential=AKIAYUBLFC5TP3LJIQ5H%2F20251003%2Fus-east-1%2Fs3%2Faws4_request&X-Amz-Date=20251003T135048Z&X-Amz-SignedHeaders=host&X-Amz-Expires=28800&X-Amz-Signature=d59c3017ef4c7ce5b2fadf1ca0ca377dbf2b1f7bff97171c0ba1f9d8f13b265f', 'name': 'JOHN NJUGUNA OFFER LETTER .pdf'}]",,"[{'file_id': 8364338, 's3_link': 'https://loandisk-loans.s3.amazonaws.com/JOHN%20KINUTHIA%20NJUGUNA%20OFFER%20LETTER%20%20%282%29-11759267.pdf?response-content-disposition=attachment%3B%20filename%3D%22JOHN%2520KINUTHIA%2520NJUGUNA%2520OFFER%2520LETTER%2520%2520%25282%2529.pdf%22&X-Amz-Content-Sha256=UNSIGNED-PAYLOAD&X-Amz-Algorithm=AWS4-HMAC-SHA256&X-Amz-Credential=AKIAYUBLFC5TP3LJIQ5H%2F20251003%2Fus-east-1%2Fs3%2Faws4_request&X-Amz-Date=20251003T135048Z&X-Amz-SignedHeaders=host&X-Amz-Expires=28800&X-Amz-Signature=25b9a83c6f39712e2b68b5df2a88a4740c6b001496639089161c279a3f6626b0', 'name': 'JOHN KINUTHIA NJUGUNA OFFER LETTER  (2).pdf'}]",Magdalene Amolo,,55886
8729537,36826,6081238,57318,27996,100000.00,60000.00,02/07/2025,flat_rate,percentage,Month,4.0000,Months,15,3,15,0.00,round_off_to_two_decimal,,,,,,,,,,,,,,,,,,,,,,,,,,,,161263.95,-281.3299999999981,10666.67,10385.340000000002,6666.67,4000.0,0.0,0.0,1,86666.66,51718.67,0.0,0.0,[],138385.33,02/10/2026,22878.62,16,,0,,0,,0,,0,,0,,0,,0,,0,,0,,0,,0,,0,0,0,0,0,0,0,0,0,4.5000,0,0,0.00,1,,,,"[{'id': 'custom_field_23347', 'name': 'Sales Person'}, {'id': 'custom_field_23167', 'name': 'National ID'}]",KE,Charles Mbugua,Mwaura,Transportation,9884519,Male,1,0704673334,mwaurac80@gmail.com,29/12/1972,P.O BOX 57 80109,Kilifi,Komarock Estate,,0710532550,,,,,,[70406],11803612,,"[{'file_id': 7161559, 's3_link': 'https://loandisk-borrowers.s3.amazonaws.com/CHARLES%20MBUGUA%20MWAURA%20LOAN%20FORM%20-9986730.pdf?response-content-disposition=attachment%3B%20filename%3D%22CHARLES%2520MBUGUA%2520MWAURA%2520LOAN%2520FORM%2520.pdf%22&X-Amz-Content-Sha256=UNSIGNED-PAYLOAD&X-Amz-Algorithm=AWS4-HMAC-SHA256&X-Amz-Credential=AKIAYUBLFC5TP3LJIQ5H%2F20251003%2Fus-east-1%2Fs3%2Faws4_request&X-Amz-Date=20251003T135048Z&X-Amz-SignedHeaders=host&X-Amz-Expires=28800&X-Amz-Signature=f72e15aba4c4ba5ba021c4ff18a8ffa618b7e61e2ebea118b99c47dfe62717cb', 'name': 'CHARLES MBUGUA MWAURA LOAN FORM .pdf'}, {'file_id': 7161560, 's3_link': 'https://loandisk-borrowers.s3.amazonaws.com/CHARLES%20MBUGUA%20MWAURA%20OFFER%20LETTER%20-9986731.pdf?response-content-disposition=attachment%3B%20filename%3D%22CHARLES%2520MBUGUA%2520MWAURA%2520OFFER%2520LETTER%2520.pdf%22&X-Amz-Content-Sha256=UNSIGNED-PAYLOAD&X-Amz-Algorithm=AWS4-HMAC-SHA256&X-Amz-Credential=AKIAYUBLFC5TP3LJIQ5H%2F20251003%2Fus-east-1%2Fs3%2Faws4_request&X-Amz-Date=20251003T135048Z&X-Amz-SignedHeaders=host&X-Amz-Expires=28800&X-Amz-Signature=8c2316f1a0ef2d1a0b74a7196a4b67495c4382710582a8dd5cf71fe09f575deb', 'name': 'CHARLES MBUGUA MWAURA OFFER LETTER .pdf'}]",,"[{'file_id': 8459855, 's3_link': 'https://loandisk-loans.s3.amazonaws.com/CHARLES%20MBUGUA%20OFFER%20LETTER%20-11900253.pdf?response-content-disposition=attachment%3B%20filename%3D%22CHARLES%2520MBUGUA%2520OFFER%2520LETTER%2520.pdf%22&X-Amz-Content-Sha256=UNSIGNED-PAYLOAD&X-Amz-Algorithm=AWS4-HMAC-SHA256&X-Amz-Credential=AKIAYUBLFC5TP3LJIQ5H%2F20251003%2Fus-east-1%2Fs3%2Faws4_request&X-Amz-Date=20251003T135048Z&X-Amz-SignedHeaders=host&X-Amz-Expires=28800&X-Amz-Signature=5092b6afc82041cbda849505c2740d8b9aab10e548ae60d62e4eeeb484de6cb5', 'name': 'CHARLES MBUGUA OFFER LETTER .pdf'}]",Magdalene Amolo,,55886
8836327,300334,6639369,57338,27996,150000.00,72000.00,17/07/2025,flat_rate,percentage,Month,4.0000,Months,12,3,12,0.00,round_off_to_two_decimal,,,,,,,,,,,,,,,,,,,,,,,,,,,,261655.00,24725,215.0,24940.0,12500.0,6000.0,3000.0,3440.0,16,137500.0,66000.0,33000.0,3440.0,[],239940.00,17/07/2026,21715.00,5,,0,,0,,0,,0,,0,,0,,0,,0,,0,,0,,0,distribute_fees_evenly,36000.00,0,0,0,0,0,0,0,0,4.5000,0,0,0.00,1,,,,"[{'id': 'custom_field_23347', 'name': 'Sales Person'}, {'id': 'custom_field_23167', 'name': 'National ID'}, {'id': 'custom_field_23348', 'name': 'Sales Person(Agent/TL/RO)'}]",KE,Henry Okedi,Okou,,9884583,Male,1,0719779741,henry.okedi@equitybank.co.ke,30/06/1976,P. O BOX 19172-00501,Nairobi,"Outering, Donholm estate",,0713388496,,,,,,[70406],22188544,Judy Wangu,"[{'file_id': 8558853, 's3_link': 'https://loandisk-borrowers.s3.amazonaws.com/WhatsApp%20Image%202025-07-17%20at%2014.32.20_17dc9e10-12043321.jpg?response-content-disposition=attachment%3B%20filename%3D%22WhatsApp%2520Image%25202025-07-17%2520at%252014.32.20_17dc9e10.jpg%22&X-Amz-Content-Sha256=UNSIGNED-PAYLOAD&X-Amz-Algorithm=AWS4-HMAC-SHA256&X-Amz-Credential=AKIAYUBLFC5TP3LJIQ5H%2F20251003%2Fus-east-1%2Fs3%2Faws4_request&X-Amz-Date=20251003T135048Z&X-Amz-SignedHeaders=host&X-Amz-Expires=28800&X-Amz-Signature=823409725b7f9a1623acc5273c3149d536ac5fda81e3bce387f09fdbc1bab413', 'name': 'WhatsApp Image 2025-07-17 at 14.32.20_17dc9e10.jpg'}, {'file_id': 8558854, 's3_link': 'https://loandisk-borrowers.s3.amazonaws.com/C32237515-12043319.pdf?response-content-disposition=attachment%3B%20filename%3D%22C32237515.pdf%22&X-Amz-Content-Sha256=UNSIGNED-PAYLOAD&X-Amz-Algorithm=AWS4-HMAC-SHA256&X-Amz-Credential=AKIAYUBLFC5TP3LJIQ5H%2F20251003%2Fus-east-1%2Fs3%2Faws4_request&X-Amz-Date=20251003T135048Z&X-Amz-SignedHeaders=host&X-Amz-Expires=28800&X-Amz-Signature=b49d6ba62c6d3170d6ee000b5cf252830a99bde74926f5b7b119df3eba686841', 'name': 'C32237515.pdf'}, {'file_id': 8558855, 's3_link': 'https://loandisk-borrowers.s3.amazonaws.com/WhatsApp%20Image%202025-07-17%20at%2014.32.19_45bc6efd-12043325.jpg?response-content-disposition=attachment%3B%20filename%3D%22WhatsApp%2520Image%25202025-07-17%2520at%252014.32.19_45bc6efd.jpg%22&X-Amz-Content-Sha256=UNSIGNED-PAYLOAD&X-Amz-Algorithm=AWS4-HMAC-SHA256&X-Amz-Credential=AKIAYUBLFC5TP3LJIQ5H%2F20251003%2Fus-east-1%2Fs3%2Faws4_request&X-Amz-Date=20251003T135048Z&X-Amz-SignedHeaders=host&X-Amz-Expires=28800&X-Amz-Signature=05ee44f2d4df48bd3744a36b3a82c5cee0fab5c847c06efb5fe7b02dd20921b7', 'name': 'WhatsApp Image 2025-07-17 at 14.32.19_45bc6efd.jpg'}, {'file_id': 8558856, 's3_link': 'https://loandisk-borrowers.s3.amazonaws.com/WhatsApp%20Image%202025-07-17%20at%2014.32.19_7307f451-12043326.jpg?response-content-disposition=attachment%3B%20filename%3D%22WhatsApp%2520Image%25202025-07-17%2520at%252014.32.19_7307f451.jpg%22&X-Amz-Content-Sha256=UNSIGNED-PAYLOAD&X-Amz-Algorithm=AWS4-HMAC-SHA256&X-Amz-Credential=AKIAYUBLFC5TP3LJIQ5H%2F20251003%2Fus-east-1%2Fs3%2Faws4_request&X-Amz-Date=20251003T135048Z&X-Amz-SignedHeaders=host&X-Amz-Expires=28800&X-Amz-Signature=f98089055f8b4e38ac717a7643b00152ec4b97a16d59d491f9c45b0ff60f96a2', 'name': 'WhatsApp Image 2025-07-17 at 14.32.19_7307f451.jpg'}, {'file_id': 8558858, 's3_link': 'https://loandisk-borrowers.s3.amazonaws.com/WhatsApp%20Image%202025-07-17%20at%2014.32.20_a426f889-12043327.jpg?response-content-disposition=attachment%3B%20filename%3D%22WhatsApp%2520Image%25202025-07-17%2520at%252014.32.20_a426f889.jpg%22&X-Amz-Content-Sha256=UNSIGNED-PAYLOAD&X-Amz-Algorithm=AWS4-HMAC-SHA256&X-Amz-Credential=AKIAYUBLFC5TP3LJIQ5H%2F20251003%2Fus-east-1%2Fs3%2Faws4_request&X-Amz-Date=20251003T135048Z&X-Amz-SignedHeaders=host&X-Amz-Expires=28800&X-Amz-Signature=21784dd8e9794c80e6d4b99760b38f4d6765ab55ca40d04befa9213762276b73', 'name': 'WhatsApp Image 2025-07-17 at 14.32.20_a426f889.jpg'}, {'file_id': 8558859, 's3_link': 'https://loandisk-borrowers.s3.amazonaws.com/KBS%20003G%20Valuation-12043328.pdf?response-content-disposition=attachment%3B%20filename%3D%22KBS%2520003G%2520Valuation.pdf%22&X-Amz-Content-Sha256=UNSIGNED-PAYLOAD&X-Amz-Algorithm=AWS4-HMAC-SHA256&X-Amz-Credential=AKIAYUBLFC5TP3LJIQ5H%2F20251003%2Fus-east-1%2Fs3%2Faws4_request&X-Amz-Date=20251003T135048Z&X-Amz-SignedHeaders=host&X-Amz-Expires=28800&X-Amz-Signature=ccdf735b57e5682321e83b59c4340ae51b14bf1dcac99aee905ec1b272bc7a78', 'name': 'KBS 003G Valuation.pdf'}, {'file_id': 8558951, 's3_link': 'https://loandisk-borrowers.s3.amazonaws.com/MPESA_Statement_2024-07-17_to_2025-07-17_2547xxxxxx741-12043448.pdf?response-content-disposition=attachment%3B%20filename%3D%22MPESA_Statement_2024-07-17_to_2025-07-17_2547xxxxxx741.pdf%22&X-Amz-Content-Sha256=UNSIGNED-PAYLOAD&X-Amz-Algorithm=AWS4-HMAC-SHA256&X-Amz-Credential=AKIAYUBLFC5TP3LJIQ5H%2F20251003%2Fus-east-1%2Fs3%2Faws4_request&X-Amz-Date=20251003T135048Z&X-Amz-SignedHeaders=host&X-Amz-Expires=28800&X-Amz-Signature=200895c3b613114340cb7be841d6e3d69ca99ff6d7d5ad4d9dcea076e6153dd7', 'name': 'MPESA_Statement_2024-07-17_to_2025-07-17_2547xxxxxx741.pdf'}, {'file_id': 8559049, 's3_link': 'https://loandisk-borrowers.s3.amazonaws.com/PHOENIX%20CAPITAL%20LIMITED%20APPRAISAL%20CALCULATOR%20-%20HENRY%20OKEDI%20OKOU-12043566.xlsx?response-content-disposition=attachment%3B%20filename%3D%22PHOENIX%2520CAPITAL%2520LIMITED%2520APPRAISAL%2520CALCULATOR%2520-%2520HENRY%2520OKEDI%2520OKOU.xlsx%22&X-Amz-Content-Sha256=UNSIGNED-PAYLOAD&X-Amz-Algorithm=AWS4-HMAC-SHA256&X-Amz-Credential=AKIAYUBLFC5TP3LJIQ5H%2F20251003%2Fus-east-1%2Fs3%2Faws4_request&X-Amz-Date=20251003T135048Z&X-Amz-SignedHeaders=host&X-Amz-Expires=28800&X-Amz-Signature=8f72c00360e9e4b7d086e05bcb0c6e089f43562898b1a21a9b61a3961ccef4d2', 'name': 'PHOENIX CAPITAL LIMITED APPRAISAL CALCULATOR - HENRY OKEDI OKOU.xlsx'}, {'file_id': 8559137, 's3_link': 'https://loandisk-borrowers.s3.amazonaws.com/_254719779741_HENRY_OKEDI_OKOU_17-07-2025_17_27_Full_MPESA_Report-12043676.pdf?response-content-disposition=attachment%3B%20filename%3D%22_254719779741_HENRY_OKEDI_OKOU_17-07-2025_17_27_Full_MPESA_Report.pdf%22&X-Amz-Content-Sha256=UNSIGNED-PAYLOAD&X-Amz-Algorithm=AWS4-HMAC-SHA256&X-Amz-Credential=AKIAYUBLFC5TP3LJIQ5H%2F20251003%2Fus-east-1%2Fs3%2Faws4_request&X-Amz-Date=20251003T135048Z&X-Amz-SignedHeaders=host&X-Amz-Expires=28800&X-Amz-Signature=73be87ab1fac3ae53b2bf1852c63dd0f3e2b5ad20b456fc2b48bd4e072c3dd66', 'name': '_254719779741_HENRY_OKEDI_OKOU_17-07-2025_17_27_Full_MPESA_Report.pdf'}, {'file_id': 8559154, 's3_link': 'https://loandisk-borrowers.s3.amazonaws.com/PHOENIX%20CAPITAL%20LIMITED%20APPRAISAL%20CALCULATOR%20-%20KEVIN%20SHIWAN%20MADUVWE-12043695.xlsx?response-content-disposition=attachment%3B%20filename%3D%22PHOENIX%2520CAPITAL%2520LIMITED%2520APPRAISAL%2520CALCULATOR%2520-%2520KEVIN%2520SHIWAN%2520MADUVWE.xlsx%22&X-Amz-Content-Sha256=UNSIGNED-PAYLOAD&X-Amz-Algorithm=AWS4-HMAC-SHA256&X-Amz-Credential=AKIAYUBLFC5TP3LJIQ5H%2F20251003%2Fus-east-1%2Fs3%2Faws4_request&X-Amz-Date=20251003T135048Z&X-Amz-SignedHeaders=host&X-Amz-Expires=28800&X-Amz-Signature=037beac1b6f621ae29ae5d10e8774eee2fa2d24f509b7d2fac0b6542befeaa94', 'name': 'PHOENIX CAPITAL LIMITED APPRAISAL CALCULATOR - KEVIN SHIWAN MADUVWE.xlsx'}, {'file_id': 8572916, 's3_link': 'https://loandisk-borrowers.s3.amazonaws.com/HENRY%20OKEDI%20OKOU%20LOAN%20FORM%20-12063986.pdf?response-content-disposition=attachment%3B%20filename%3D%22HENRY%2520OKEDI%2520OKOU%2520LOAN%2520FORM%2520.pdf%22&X-Amz-Content-Sha256=UNSIGNED-PAYLOAD&X-Amz-Algorithm=AWS4-HMAC-SHA256&X-Amz-Credential=AKIAYUBLFC5TP3LJIQ5H%2F20251003%2Fus-east-1%2Fs3%2Faws4_request&X-Amz-Date=20251003T135048Z&X-Amz-SignedHeaders=host&X-Amz-Expires=28800&X-Amz-Signature=551302d5e5f3038f407b2bf3c0f97b8c55a42df1eec388115d525d6463bcab58', 'name': 'HENRY OKEDI OKOU LOAN FORM .pdf'}, {'file_id': 8572917, 's3_link': 'https://loandisk-borrowers.s3.amazonaws.com/HENRY%20OKEDI%20OKOU%20OFFER%20LETTER%20-12063987.pdf?response-content-disposition=attachment%3B%20filename%3D%22HENRY%2520OKEDI%2520OKOU%2520OFFER%2520LETTER%2520.pdf%22&X-Amz-Content-Sha256=UNSIGNED-PAYLOAD&X-Amz-Algorithm=AWS4-HMAC-SHA256&X-Amz-Credential=AKIAYUBLFC5TP3LJIQ5H%2F20251003%2Fus-east-1%2Fs3%2Faws4_request&X-Amz-Date=20251003T135048Z&X-Amz-SignedHeaders=host&X-Amz-Expires=28800&X-Amz-Signature=9398ff9443a208218f8e4a592300c888474da9c709b4940c52a6d081b3ddfa2d', 'name': 'HENRY OKEDI OKOU OFFER LETTER .pdf'}]",,"[{'file_id': 8572922, 's3_link': 'https://loandisk-loans.s3.amazonaws.com/HENRY%20OKEDI%20OKOU%20DOCS-12064003.pdf?response-content-disposition=attachment%3B%20filename%3D%22HENRY%2520OKEDI%2520OKOU%2520DOCS.pdf%22&X-Amz-Content-Sha256=UNSIGNED-PAYLOAD&X-Amz-Algorithm=AWS4-HMAC-SHA256&X-Amz-Credential=AKIAYUBLFC5TP3LJIQ5H%2F20251003%2Fus-east-1%2Fs3%2Faws4_request&X-Amz-Date=20251003T135048Z&X-Amz-SignedHeaders=host&X-Amz-Expires=28800&X-Amz-Signature=dddb8f7c54509849d2d431aab814c8d4261769948c2c9e834f5beb26c45fd3d0', 'name': 'HENRY OKEDI OKOU DOCS.pdf'}, {'file_id': 8572923, 's3_link': 'https://loandisk-loans.s3.amazonaws.com/HENRY%20OKEDI%20OKOU%20LOAN%20FORM%20-12064004.pdf?response-content-disposition=attachment%3B%20filename%3D%22HENRY%2520OKEDI%2520OKOU%2520LOAN%2520FORM%2520.pdf%22&X-Amz-Content-Sha256=UNSIGNED-PAYLOAD&X-Amz-Algorithm=AWS4-HMAC-SHA256&X-Amz-Credential=AKIAYUBLFC5TP3LJIQ5H%2F20251003%2Fus-east-1%2Fs3%2Faws4_request&X-Amz-Date=20251003T135048Z&X-Amz-SignedHeaders=host&X-Amz-Expires=28800&X-Amz-Signature=1fe5899297b8d52d1bf07c944aee9e69304a5242af89f30160cacedc4f744353', 'name': 'HENRY OKEDI OKOU LOAN FORM .pdf'}, {'file_id': 8572924, 's3_link': 'https://loandisk-loans.s3.amazonaws.com/HENRY%20OKEDI%20OKOU%20OFFER%20LETTER%20-12064005.pdf?response-content-disposition=attachment%3B%20filename%3D%22HENRY%2520OKEDI%2520OKOU%2520OFFER%2520LETTER%2520.pdf%22&X-Amz-Content-Sha256=UNSIGNED-PAYLOAD&X-Amz-Algorithm=AWS4-HMAC-SHA256&X-Amz-Credential=AKIAYUBLFC5TP3LJIQ5H%2F20251003%2Fus-east-1%2Fs3%2Faws4_request&X-Amz-Date=20251003T135048Z&X-Amz-SignedHeaders=host&X-Amz-Expires=28800&X-Amz-Signature=6ea87769fbf1f771bf06978e58d65d96262b5420b7aa403e6c0f1f20e01298dd', 'name': 'HENRY OKEDI OKOU OFFER LETTER .pdf'}]",Judy Wangu -Michael Gachemi,,55886
8836336,240139,6639369,57339,27999,44231.00,8850.00,17/07/2025,flat_rate,percentage,Month,2.0000,Months,10,3,10,0.00,round_off_to_integer,,0.0,0.0,0.0,,0.00,0.00,,0.00,0.0,charge_interest_normally,charge_principal_normally,0.00,0.0,0.0,0.0,0.0,0.0,,0.0,0.0000,0.0,,,0.0,0.0,,54081.00,0,5323.0,5323.0,4423.0,885.0,15.0,0.0,16,39808.0,7965.0,815.0,0.0,[],48588.00,17/05/2026,5493.00,16,,0,,0,,0,distribute_fees_evenly,1000.00,,0,,0,,0,,0,,0,,0,,0,,0,0,0,0,0,0,0,0,0,0,0,0,0.00,1,0.0,,,"[{'id': 'custom_field_23347', 'name': 'Sales Person'}, {'id': 'custom_field_23167', 'name': 'National ID'}, {'id': 'custom_field_23348', 'name': 'Sales Person(Agent/TL/RO)'}]",KE,Henry Okedi,Okou,,9884583,Male,1,0719779741,henry.okedi@equitybank.co.ke,30/06/1976,P. O BOX 19172-00501,Nairobi,"Outering, Donholm estate",,0713388496,,,,,,[70406],22188544,Judy Wangu,"[{'file_id': 8558853, 's3_link': 'https://loandisk-borrowers.s3.amazonaws.com/WhatsApp%20Image%202025-07-17%20at%2014.32.20_17dc9e10-12043321.jpg?response-content-disposition=attachment%3B%20filename%3D%22WhatsApp%2520Image%25202025-07-17%2520at%252014.32.20_17dc9e10.jpg%22&X-Amz-Content-Sha256=UNSIGNED-PAYLOAD&X-Amz-Algorithm=AWS4-HMAC-SHA256&X-Amz-Credential=AKIAYUBLFC5TP3LJIQ5H%2F20251003%2Fus-east-1%2Fs3%2Faws4_request&X-Amz-Date=20251003T135048Z&X-Amz-SignedHeaders=host&X-Amz-Expires=28800&X-Amz-Signature=823409725b7f9a1623acc5273c3149d536ac5fda81e3bce387f09fdbc1bab413', 'name': 'WhatsApp Image 2025-07-17 at 14.32.20_17dc9e10.jpg'}, {'file_id': 8558854, 's3_link': 'https://loandisk-borrowers.s3.amazonaws.com/C32237515-12043319.pdf?response-content-disposition=attachment%3B%20filename%3D%22C32237515.pdf%22&X-Amz-Content-Sha256=UNSIGNED-PAYLOAD&X-Amz-Algorithm=AWS4-HMAC-SHA256&X-Amz-Credential=AKIAYUBLFC5TP3LJIQ5H%2F20251003%2Fus-east-1%2Fs3%2Faws4_request&X-Amz-Date=20251003T135048Z&X-Amz-SignedHeaders=host&X-Amz-Expires=28800&X-Amz-Signature=b49d6ba62c6d3170d6ee000b5cf252830a99bde74926f5b7b119df3eba686841', 'name': 'C32237515.pdf'}, {'file_id': 8558855, 's3_link': 'https://loandisk-borrowers.s3.amazonaws.com/WhatsApp%20Image%202025-07-17%20at%2014.32.19_45bc6efd-12043325.jpg?response-content-disposition=attachment%3B%20filename%3D%22WhatsApp%2520Image%25202025-07-17%2520at%252014.32.19_45bc6efd.jpg%22&X-Amz-Content-Sha256=UNSIGNED-PAYLOAD&X-Amz-Algorithm=AWS4-HMAC-SHA256&X-Amz-Credential=AKIAYUBLFC5TP3LJIQ5H%2F20251003%2Fus-east-1%2Fs3%2Faws4_request&X-Amz-Date=20251003T135048Z&X-Amz-SignedHeaders=host&X-Amz-Expires=28800&X-Amz-Signature=05ee44f2d4df48bd3744a36b3a82c5cee0fab5c847c06efb5fe7b02dd20921b7', 'name': 'WhatsApp Image 2025-07-17 at 14.32.19_45bc6efd.jpg'}, {'file_id': 8558856, 's3_link': 'https://loandisk-borrowers.s3.amazonaws.com/WhatsApp%20Image%202025-07-17%20at%2014.32.19_7307f451-12043326.jpg?response-content-disposition=attachment%3B%20filename%3D%22WhatsApp%2520Image%25202025-07-17%2520at%252014.32.19_7307f451.jpg%22&X-Amz-Content-Sha256=UNSIGNED-PAYLOAD&X-Amz-Algorithm=AWS4-HMAC-SHA256&X-Amz-Credential=AKIAYUBLFC5TP3LJIQ5H%2F20251003%2Fus-east-1%2Fs3%2Faws4_request&X-Amz-Date=20251003T135048Z&X-Amz-SignedHeaders=host&X-Amz-Expires=28800&X-Amz-Signature=f98089055f8b4e38ac717a7643b00152ec4b97a16d59d491f9c45b0ff60f96a2', 'name': 'WhatsApp Image 2025-07-17 at 14.32.19_7307f451.jpg'}, {'file_id': 8558858, 's3_link': 'https://loandisk-borrowers.s3.amazonaws.com/WhatsApp%20Image%202025-07-17%20at%2014.32.20_a426f889-12043327.jpg?response-content-disposition=attachment%3B%20filename%3D%22WhatsApp%2520Image%25202025-07-17%2520at%252014.32.20_a426f889.jpg%22&X-Amz-Content-Sha256=UNSIGNED-PAYLOAD&X-Amz-Algorithm=AWS4-HMAC-SHA256&X-Amz-Credential=AKIAYUBLFC5TP3LJIQ5H%2F20251003%2Fus-east-1%2Fs3%2Faws4_request&X-Amz-Date=20251003T135048Z&X-Amz-SignedHeaders=host&X-Amz-Expires=28800&X-Amz-Signature=21784dd8e9794c80e6d4b99760b38f4d6765ab55ca40d04befa9213762276b73', 'name': 'WhatsApp Image 2025-07-17 at 14.32.20_a426f889.jpg'}, {'file_id': 8558859, 's3_link': 'https://loandisk-borrowers.s3.amazonaws.com/KBS%20003G%20Valuation-12043328.pdf?response-content-disposition=attachment%3B%20filename%3D%22KBS%2520003G%2520Valuation.pdf%22&X-Amz-Content-Sha256=UNSIGNED-PAYLOAD&X-Amz-Algorithm=AWS4-HMAC-SHA256&X-Amz-Credential=AKIAYUBLFC5TP3LJIQ5H%2F20251003%2Fus-east-1%2Fs3%2Faws4_request&X-Amz-Date=20251003T135048Z&X-Amz-SignedHeaders=host&X-Amz-Expires=28800&X-Amz-Signature=ccdf735b57e5682321e83b59c4340ae51b14bf1dcac99aee905ec1b272bc7a78', 'name': 'KBS 003G Valuation.pdf'}, {'file_id': 8558951, 's3_link': 'https://loandisk-borrowers.s3.amazonaws.com/MPESA_Statement_2024-07-17_to_2025-07-17_2547xxxxxx741-12043448.pdf?response-content-disposition=attachment%3B%20filename%3D%22MPESA_Statement_2024-07-17_to_2025-07-17_2547xxxxxx741.pdf%22&X-Amz-Content-Sha256=UNSIGNED-PAYLOAD&X-Amz-Algorithm=AWS4-HMAC-SHA256&X-Amz-Credential=AKIAYUBLFC5TP3LJIQ5H%2F20251003%2Fus-east-1%2Fs3%2Faws4_request&X-Amz-Date=20251003T135048Z&X-Amz-SignedHeaders=host&X-Amz-Expires=28800&X-Amz-Signature=200895c3b613114340cb7be841d6e3d69ca99ff6d7d5ad4d9dcea076e6153dd7', 'name': 'MPESA_Statement_2024-07-17_to_2025-07-17_2547xxxxxx741.pdf'}, {'file_id': 8559049, 's3_link': 'https://loandisk-borrowers.s3.amazonaws.com/PHOENIX%20CAPITAL%20LIMITED%20APPRAISAL%20CALCULATOR%20-%20HENRY%20OKEDI%20OKOU-12043566.xlsx?response-content-disposition=attachment%3B%20filename%3D%22PHOENIX%2520CAPITAL%2520LIMITED%2520APPRAISAL%2520CALCULATOR%2520-%2520HENRY%2520OKEDI%2520OKOU.xlsx%22&X-Amz-Content-Sha256=UNSIGNED-PAYLOAD&X-Amz-Algorithm=AWS4-HMAC-SHA256&X-Amz-Credential=AKIAYUBLFC5TP3LJIQ5H%2F20251003%2Fus-east-1%2Fs3%2Faws4_request&X-Amz-Date=20251003T135048Z&X-Amz-SignedHeaders=host&X-Amz-Expires=28800&X-Amz-Signature=8f72c00360e9e4b7d086e05bcb0c6e089f43562898b1a21a9b61a3961ccef4d2', 'name': 'PHOENIX CAPITAL LIMITED APPRAISAL CALCULATOR - HENRY OKEDI OKOU.xlsx'}, {'file_id': 8559137, 's3_link': 'https://loandisk-borrowers.s3.amazonaws.com/_254719779741_HENRY_OKEDI_OKOU_17-07-2025_17_27_Full_MPESA_Report-12043676.pdf?response-content-disposition=attachment%3B%20filename%3D%22_254719779741_HENRY_OKEDI_OKOU_17-07-2025_17_27_Full_MPESA_Report.pdf%22&X-Amz-Content-Sha256=UNSIGNED-PAYLOAD&X-Amz-Algorithm=AWS4-HMAC-SHA256&X-Amz-Credential=AKIAYUBLFC5TP3LJIQ5H%2F20251003%2Fus-east-1%2Fs3%2Faws4_request&X-Amz-Date=20251003T135048Z&X-Amz-SignedHeaders=host&X-Amz-Expires=28800&X-Amz-Signature=73be87ab1fac3ae53b2bf1852c63dd0f3e2b5ad20b456fc2b48bd4e072c3dd66', 'name': '_254719779741_HENRY_OKEDI_OKOU_17-07-2025_17_27_Full_MPESA_Report.pdf'}, {'file_id': 8559154, 's3_link': 'https://loandisk-borrowers.s3.amazonaws.com/PHOENIX%20CAPITAL%20LIMITED%20APPRAISAL%20CALCULATOR%20-%20KEVIN%20SHIWAN%20MADUVWE-12043695.xlsx?response-content-disposition=attachment%3B%20filename%3D%22PHOENIX%2520CAPITAL%2520LIMITED%2520APPRAISAL%2520CALCULATOR%2520-%2520KEVIN%2520SHIWAN%2520MADUVWE.xlsx%22&X-Amz-Content-Sha256=UNSIGNED-PAYLOAD&X-Amz-Algorithm=AWS4-HMAC-SHA256&X-Amz-Credential=AKIAYUBLFC5TP3LJIQ5H%2F20251003%2Fus-east-1%2Fs3%2Faws4_request&X-Amz-Date=20251003T135048Z&X-Amz-SignedHeaders=host&X-Amz-Expires=28800&X-Amz-Signature=037beac1b6f621ae29ae5d10e8774eee2fa2d24f509b7d2fac0b6542befeaa94', 'name': 'PHOENIX CAPITAL LIMITED APPRAISAL CALCULATOR - KEVIN SHIWAN MADUVWE.xlsx'}, {'file_id': 8572916, 's3_link': 'https://loandisk-borrowers.s3.amazonaws.com/HENRY%20OKEDI%20OKOU%20LOAN%20FORM%20-12063986.pdf?response-content-disposition=attachment%3B%20filename%3D%22HENRY%2520OKEDI%2520OKOU%2520LOAN%2520FORM%2520.pdf%22&X-Amz-Content-Sha256=UNSIGNED-PAYLOAD&X-Amz-Algorithm=AWS4-HMAC-SHA256&X-Amz-Credential=AKIAYUBLFC5TP3LJIQ5H%2F20251003%2Fus-east-1%2Fs3%2Faws4_request&X-Amz-Date=20251003T135048Z&X-Amz-SignedHeaders=host&X-Amz-Expires=28800&X-Amz-Signature=551302d5e5f3038f407b2bf3c0f97b8c55a42df1eec388115d525d6463bcab58', 'name': 'HENRY OKEDI OKOU LOAN FORM .pdf'}, {'file_id': 8572917, 's3_link': 'https://loandisk-borrowers.s3.amazonaws.com/HENRY%20OKEDI%20OKOU%20OFFER%20LETTER%20-12063987.pdf?response-content-disposition=attachment%3B%20filename%3D%22HENRY%2520OKEDI%2520OKOU%2520OFFER%2520LETTER%2520.pdf%22&X-Amz-Content-Sha256=UNSIGNED-PAYLOAD&X-Amz-Algorithm=AWS4-HMAC-SHA256&X-Amz-Credential=AKIAYUBLFC5TP3LJIQ5H%2F20251003%2Fus-east-1%2Fs3%2Faws4_request&X-Amz-Date=20251003T135048Z&X-Amz-SignedHeaders=host&X-Amz-Expires=28800&X-Amz-Signature=9398ff9443a208218f8e4a592300c888474da9c709b4940c52a6d081b3ddfa2d', 'name': 'HENRY OKEDI OKOU OFFER LETTER .pdf'}]",,,Judy Wangu,,55886
8836341,300334,6639473,57340,27996,200500.00,96240.00,17/07/2025,flat_rate,percentage,Month,4.0000,Months,12,3,12,0.00,round_off_to_two_decimal,,,,,,,,,,,,,,,,,,,,,,,,,,,,353276.52,72435.84,557.34,72993.18,33416.66,16040.0,6277.280000000001,17259.24,47,200500.0,96240.0,36277.28,17259.24,[],350276.52,17/07/2026,3000.00,5,,0,,0,,0,,0,,0,,0,,0,,0,,0,,0,,0,distribute_fees_evenly,36000.00,0,0,0,0,0,0,0,0,4.5000,0,0,0.00,1,,,,"[{'id': 'custom_field_23347', 'name': 'Sales Person'}, {'id': 'custom_field_23167', 'name': 'National ID'}, {'id': 'custom_field_23348', 'name': 'Sales Person(Agent/TL/RO)'}]",KE,Kevin Shiwan,Maduvwe,Transport Business,9884584,Male,1,0113011951,kevinmaduvwe@yahoo.com,11/02/1988,P.O BOX 00511 15508,Nairobi,"Ongata Rongai, Simba Lane, Simba Estate House No:5",,0732393420,,,,,,[39172],26706589,Judy Wangu,"[{'file_id': 8559114, 's3_link': 'https://loandisk-borrowers.s3.amazonaws.com/_254723736233_KEVIN_SHIWAN_MADUVWE_17-07-2025_15_52_Full_MPESA_Report-12043608.pdf?response-content-disposition=attachment%3B%20filename%3D%22_254723736233_KEVIN_SHIWAN_MADUVWE_17-07-2025_15_52_Full_MPESA_Report.pdf%22&X-Amz-Content-Sha256=UNSIGNED-PAYLOAD&X-Amz-Algorithm=AWS4-HMAC-SHA256&X-Amz-Credential=AKIAYUBLFC5TP3LJIQ5H%2F20251003%2Fus-east-1%2Fs3%2Faws4_request&X-Amz-Date=20251003T135049Z&X-Amz-SignedHeaders=host&X-Amz-Expires=28800&X-Amz-Signature=0f2d3e3da338ec621c4da061cab82221a4c43474f6a65b93e039fb00314d768b', 'name': '_254723736233_KEVIN_SHIWAN_MADUVWE_17-07-2025_15_52_Full_MPESA_Report.pdf'}, {'file_id': 8559115, 's3_link': 'https://loandisk-borrowers.s3.amazonaws.com/Kevin%20ID%20back-12043609.jpg?response-content-disposition=attachment%3B%20filename%3D%22Kevin%2520ID%2520back.jpg%22&X-Amz-Content-Sha256=UNSIGNED-PAYLOAD&X-Amz-Algorithm=AWS4-HMAC-SHA256&X-Amz-Credential=AKIAYUBLFC5TP3LJIQ5H%2F20251003%2Fus-east-1%2Fs3%2Faws4_request&X-Amz-Date=20251003T135049Z&X-Amz-SignedHeaders=host&X-Amz-Expires=28800&X-Amz-Signature=919ce98a2045255fb057c7a972d2a7857a9cf2a59e00aefaa33a88b24261b029', 'name': 'Kevin ID back.jpg'}, {'file_id': 8559116, 's3_link': 'https://loandisk-borrowers.s3.amazonaws.com/Kevin%20ID%20front-12043610.jpg?response-content-disposition=attachment%3B%20filename%3D%22Kevin%2520ID%2520front.jpg%22&X-Amz-Content-Sha256=UNSIGNED-PAYLOAD&X-Amz-Algorithm=AWS4-HMAC-SHA256&X-Amz-Credential=AKIAYUBLFC5TP3LJIQ5H%2F20251003%2Fus-east-1%2Fs3%2Faws4_request&X-Amz-Date=20251003T135049Z&X-Amz-SignedHeaders=host&X-Amz-Expires=28800&X-Amz-Signature=ef6c78a5946010c69d8cf28675200a13bb3679fb70bc783b95b8f43300b368c7', 'name': 'Kevin ID front.jpg'}, {'file_id': 8559117, 's3_link': 'https://loandisk-borrowers.s3.amazonaws.com/KEVIN%20KRA%20PIN%20-12043611.jpg?response-content-disposition=attachment%3B%20filename%3D%22KEVIN%2520KRA%2520PIN%2520.jpg%22&X-Amz-Content-Sha256=UNSIGNED-PAYLOAD&X-Amz-Algorithm=AWS4-HMAC-SHA256&X-Amz-Credential=AKIAYUBLFC5TP3LJIQ5H%2F20251003%2Fus-east-1%2Fs3%2Faws4_request&X-Amz-Date=20251003T135049Z&X-Amz-SignedHeaders=host&X-Amz-Expires=28800&X-Amz-Signature=58f731e726f6e14544fc65dac139f3b3d5471a26c02c295d8ecd483c08375753', 'name': 'KEVIN KRA PIN .jpg'}, {'file_id': 8559118, 's3_link': 'https://loandisk-borrowers.s3.amazonaws.com/_MPESA_Statement_20240713_to_20250713_2547xxxxxx233-12043637.pdf?response-content-disposition=attachment%3B%20filename%3D%22_MPESA_Statement_20240713_to_20250713_2547xxxxxx233.pdf%22&X-Amz-Content-Sha256=UNSIGNED-PAYLOAD&X-Amz-Algorithm=AWS4-HMAC-SHA256&X-Amz-Credential=AKIAYUBLFC5TP3LJIQ5H%2F20251003%2Fus-east-1%2Fs3%2Faws4_request&X-Amz-Date=20251003T135049Z&X-Amz-SignedHeaders=host&X-Amz-Expires=28800&X-Amz-Signature=114e3205ba2ee399d75fe7624652ef0831b9042a4bf44a724997e21bb3e39cf1', 'name': '_MPESA_Statement_20240713_to_20250713_2547xxxxxx233.pdf'}, {'file_id': 8559119, 's3_link': 'https://loandisk-borrowers.s3.amazonaws.com/KCS236L_1752484641_valuation-12043656.pdf?response-content-disposition=attachment%3B%20filename%3D%22KCS236L_1752484641_valuation.pdf%22&X-Amz-Content-Sha256=UNSIGNED-PAYLOAD&X-Amz-Algorithm=AWS4-HMAC-SHA256&X-Amz-Credential=AKIAYUBLFC5TP3LJIQ5H%2F20251003%2Fus-east-1%2Fs3%2Faws4_request&X-Amz-Date=20251003T135049Z&X-Amz-SignedHeaders=host&X-Amz-Expires=28800&X-Amz-Signature=0204c598cc18f1f896f318dce4a888a022ffcf862590d4400024a983ade3cba1', 'name': 'KCS236L_1752484641_valuation.pdf'}, {'file_id': 8559156, 's3_link': 'https://loandisk-borrowers.s3.amazonaws.com/LETTER%20OF%20UNDERTAKING%20KEVIN-12043700.pdf?response-content-disposition=attachment%3B%20filename%3D%22LETTER%2520OF%2520UNDERTAKING%2520KEVIN.pdf%22&X-Amz-Content-Sha256=UNSIGNED-PAYLOAD&X-Amz-Algorithm=AWS4-HMAC-SHA256&X-Amz-Credential=AKIAYUBLFC5TP3LJIQ5H%2F20251003%2Fus-east-1%2Fs3%2Faws4_request&X-Amz-Date=20251003T135049Z&X-Amz-SignedHeaders=host&X-Amz-Expires=28800&X-Amz-Signature=e2354d4d80ee7273afdddf8f3fd0ff333056b82822a89425bbac840f92e9bede', 'name': 'LETTER OF UNDERTAKING KEVIN.pdf'}, {'file_id': 8573087, 's3_link': 'https://loandisk-borrowers.s3.amazonaws.com/KEVIN%20SHIWAN%20MADUVWE%20DOCS-12064197.pdf?response-content-disposition=attachment%3B%20filename%3D%22KEVIN%2520SHIWAN%2520MADUVWE%2520DOCS.pdf%22&X-Amz-Content-Sha256=UNSIGNED-PAYLOAD&X-Amz-Algorithm=AWS4-HMAC-SHA256&X-Amz-Credential=AKIAYUBLFC5TP3LJIQ5H%2F20251003%2Fus-east-1%2Fs3%2Faws4_request&X-Amz-Date=20251003T135049Z&X-Amz-SignedHeaders=host&X-Amz-Expires=28800&X-Amz-Signature=69247af9da60cba720f5307336efe24cf9197a4d4b162e0a515b8ca903b9bf84', 'name': 'KEVIN SHIWAN MADUVWE DOCS.pdf'}, {'file_id': 8573088, 's3_link': 'https://loandisk-borrowers.s3.amazonaws.com/KEVIN%20SHIWAN%20MADUVWE%20LOAN%20FORM%20-12064198.pdf?response-content-disposition=attachment%3B%20filename%3D%22KEVIN%2520SHIWAN%2520MADUVWE%2520LOAN%2520FORM%2520.pdf%22&X-Amz-Content-Sha256=UNSIGNED-PAYLOAD&X-Amz-Algorithm=AWS4-HMAC-SHA256&X-Amz-Credential=AKIAYUBLFC5TP3LJIQ5H%2F20251003%2Fus-east-1%2Fs3%2Faws4_request&X-Amz-Date=20251003T135049Z&X-Amz-SignedHeaders=host&X-Amz-Expires=28800&X-Amz-Signature=93af05834b4e465752d4bb076312fcb383de3c19432ce85048c0d941dcf06e27', 'name': 'KEVIN SHIWAN MADUVWE LOAN FORM .pdf'}, {'file_id': 8573089, 's3_link': 'https://loandisk-borrowers.s3.amazonaws.com/KEVIN%20SHIWAN%20MADUVWE%20OFFER%20LETTER%20-12064199.pdf?response-content-disposition=attachment%3B%20filename%3D%22KEVIN%2520SHIWAN%2520MADUVWE%2520OFFER%2520LETTER%2520.pdf%22&X-Amz-Content-Sha256=UNSIGNED-PAYLOAD&X-Amz-Algorithm=AWS4-HMAC-SHA256&X-Amz-Credential=AKIAYUBLFC5TP3LJIQ5H%2F20251003%2Fus-east-1%2Fs3%2Faws4_request&X-Amz-Date=20251003T135049Z&X-Amz-SignedHeaders=host&X-Amz-Expires=28800&X-Amz-Signature=473539d9cde5288c192f61789d566c2208f7b6418b11b498ee1a50eea186cce5', 'name': 'KEVIN SHIWAN MADUVWE OFFER LETTER .pdf'}]",,"[{'file_id': 8573090, 's3_link': 'https://loandisk-loans.s3.amazonaws.com/KEVIN%20SHIWAN%20MADUVWE%20DOCS-12064201.pdf?response-content-disposition=attachment%3B%20filename%3D%22KEVIN%2520SHIWAN%2520MADUVWE%2520DOCS.pdf%22&X-Amz-Content-Sha256=UNSIGNED-PAYLOAD&X-Amz-Algorithm=AWS4-HMAC-SHA256&X-Amz-Credential=AKIAYUBLFC5TP3LJIQ5H%2F20251003%2Fus-east-1%2Fs3%2Faws4_request&X-Amz-Date=20251003T135049Z&X-Amz-SignedHeaders=host&X-Amz-Expires=28800&X-Amz-Signature=fe322de54bf98fba64fe584eee4bb091e6156017a8d6939c07db7fdc0069d6bb', 'name': 'KEVIN SHIWAN MADUVWE DOCS.pdf'}, {'file_id': 8573091, 's3_link': 'https://loandisk-loans.s3.amazonaws.com/KEVIN%20SHIWAN%20MADUVWE%20LOAN%20FORM%20-12064202.pdf?response-content-disposition=attachment%3B%20filename%3D%22KEVIN%2520SHIWAN%2520MADUVWE%2520LOAN%2520FORM%2520.pdf%22&X-Amz-Content-Sha256=UNSIGNED-PAYLOAD&X-Amz-Algorithm=AWS4-HMAC-SHA256&X-Amz-Credential=AKIAYUBLFC5TP3LJIQ5H%2F20251003%2Fus-east-1%2Fs3%2Faws4_request&X-Amz-Date=20251003T135049Z&X-Amz-SignedHeaders=host&X-Amz-Expires=28800&X-Amz-Signature=9dd076b685a414f9fc9e28001b57cf943844e7051a6eee638cdb5fb92a6c0b49', 'name': 'KEVIN SHIWAN MADUVWE LOAN FORM .pdf'}, {'file_id': 8573092, 's3_link': 'https://loandisk-loans.s3.amazonaws.com/KEVIN%20SHIWAN%20MADUVWE%20OFFER%20LETTER%20-12064203.pdf?response-content-disposition=attachment%3B%20filename%3D%22KEVIN%2520SHIWAN%2520MADUVWE%2520OFFER%2520LETTER%2520.pdf%22&X-Amz-Content-Sha256=UNSIGNED-PAYLOAD&X-Amz-Algorithm=AWS4-HMAC-SHA256&X-Amz-Credential=AKIAYUBLFC5TP3LJIQ5H%2F20251003%2Fus-east-1%2Fs3%2Faws4_request&X-Amz-Date=20251003T135049Z&X-Amz-SignedHeaders=host&X-Amz-Expires=28800&X-Amz-Signature=98a0a7b7e2ba8350be56609b3f47e23072e3886f961a07fdc635382c9aa9a891', 'name': 'KEVIN SHIWAN MADUVWE OFFER LETTER .pdf'}, {'file_id': 8798203, 's3_link': 'https://loandisk-loans.s3.amazonaws.com/KEVIN%20MADUVWE%20DEMAND%20LETTER%20-12392008.pdf?response-content-disposition=attachment%3B%20filename%3D%22KEVIN%2520MADUVWE%2520DEMAND%2520LETTER%2520.pdf%22&X-Amz-Content-Sha256=UNSIGNED-PAYLOAD&X-Amz-Algorithm=AWS4-HMAC-SHA256&X-Amz-Credential=AKIAYUBLFC5TP3LJIQ5H%2F20251003%2Fus-east-1%2Fs3%2Faws4_request&X-Amz-Date=20251003T135049Z&X-Amz-SignedHeaders=host&X-Amz-Expires=28800&X-Amz-Signature=564d0f0d3c0b637728c7c27f293a1c44aa4435de48681d3a5bfe678575284fe6', 'name': 'KEVIN MADUVWE DEMAND LETTER .pdf'}]",Judy Wangu-Ephantus Mwangi,,55886
8836355,240139,6639473,57341,27999,34185.00,6840.00,17/07/2025,flat_rate,percentage,Month,2.0000,Months,10,3,10,0.00,round_off_to_integer,,0.0,0.0,0.0,,0.00,0.00,,0.00,0.0,charge_interest_normally,charge_principal_normally,0.00,0.0,0.0,0.0,0.0,0.0,,0.0,0.0000,0.0,,,0.0,0.0,,42025.00,4203,4203.0,8406.0,6838.0,1368.0,200.0,0.0,47,34185.0,6840.0,1000.0,0.0,[],42025.00,17/05/2026,0.00,5,,0,,0,,0,distribute_fees_evenly,1000.00,,0,,0,,0,,0,,0,,0,,0,,0,0,0,0,0,0,0,0,0,0,0,0,0.00,1,0.0,,,"[{'id': 'custom_field_23347', 'name': 'Sales Person'}, {'id': 'custom_field_23167', 'name': 'National ID'}, {'id': 'custom_field_23348', 'name': 'Sales Person(Agent/TL/RO)'}]",KE,Kevin Shiwan,Maduvwe,Transport Business,9884584,Male,1,0113011951,kevinmaduvwe@yahoo.com,11/02/1988,P.O BOX 00511 15508,Nairobi,"Ongata Rongai, Simba Lane, Simba Estate House No:5",,0732393420,,,,,,[39172],26706589,Judy Wangu,"[{'file_id': 8559114, 's3_link': 'https://loandisk-borrowers.s3.amazonaws.com/_254723736233_KEVIN_SHIWAN_MADUVWE_17-07-2025_15_52_Full_MPESA_Report-12043608.pdf?response-content-disposition=attachment%3B%20filename%3D%22_254723736233_KEVIN_SHIWAN_MADUVWE_17-07-2025_15_52_Full_MPESA_Report.pdf%22&X-Amz-Content-Sha256=UNSIGNED-PAYLOAD&X-Amz-Algorithm=AWS4-HMAC-SHA256&X-Amz-Credential=AKIAYUBLFC5TP3LJIQ5H%2F20251003%2Fus-east-1%2Fs3%2Faws4_request&X-Amz-Date=20251003T135049Z&X-Amz-SignedHeaders=host&X-Amz-Expires=28800&X-Amz-Signature=0f2d3e3da338ec621c4da061cab82221a4c43474f6a65b93e039fb00314d768b', 'name': '_254723736233_KEVIN_SHIWAN_MADUVWE_17-07-2025_15_52_Full_MPESA_Report.pdf'}, {'file_id': 8559115, 's3_link': 'https://loandisk-borrowers.s3.amazonaws.com/Kevin%20ID%20back-12043609.jpg?response-content-disposition=attachment%3B%20filename%3D%22Kevin%2520ID%2520back.jpg%22&X-Amz-Content-Sha256=UNSIGNED-PAYLOAD&X-Amz-Algorithm=AWS4-HMAC-SHA256&X-Amz-Credential=AKIAYUBLFC5TP3LJIQ5H%2F20251003%2Fus-east-1%2Fs3%2Faws4_request&X-Amz-Date=20251003T135049Z&X-Amz-SignedHeaders=host&X-Amz-Expires=28800&X-Amz-Signature=919ce98a2045255fb057c7a972d2a7857a9cf2a59e00aefaa33a88b24261b029', 'name': 'Kevin ID back.jpg'}, {'file_id': 8559116, 's3_link': 'https://loandisk-borrowers.s3.amazonaws.com/Kevin%20ID%20front-12043610.jpg?response-content-disposition=attachment%3B%20filename%3D%22Kevin%2520ID%2520front.jpg%22&X-Amz-Content-Sha256=UNSIGNED-PAYLOAD&X-Amz-Algorithm=AWS4-HMAC-SHA256&X-Amz-Credential=AKIAYUBLFC5TP3LJIQ5H%2F20251003%2Fus-east-1%2Fs3%2Faws4_request&X-Amz-Date=20251003T135049Z&X-Amz-SignedHeaders=host&X-Amz-Expires=28800&X-Amz-Signature=ef6c78a5946010c69d8cf28675200a13bb3679fb70bc783b95b8f43300b368c7', 'name': 'Kevin ID front.jpg'}, {'file_id': 8559117, 's3_link': 'https://loandisk-borrowers.s3.amazonaws.com/KEVIN%20KRA%20PIN%20-12043611.jpg?response-content-disposition=attachment%3B%20filename%3D%22KEVIN%2520KRA%2520PIN%2520.jpg%22&X-Amz-Content-Sha256=UNSIGNED-PAYLOAD&X-Amz-Algorithm=AWS4-HMAC-SHA256&X-Amz-Credential=AKIAYUBLFC5TP3LJIQ5H%2F20251003%2Fus-east-1%2Fs3%2Faws4_request&X-Amz-Date=20251003T135049Z&X-Amz-SignedHeaders=host&X-Amz-Expires=28800&X-Amz-Signature=58f731e726f6e14544fc65dac139f3b3d5471a26c02c295d8ecd483c08375753', 'name': 'KEVIN KRA PIN .jpg'}, {'file_id': 8559118, 's3_link': 'https://loandisk-borrowers.s3.amazonaws.com/_MPESA_Statement_20240713_to_20250713_2547xxxxxx233-12043637.pdf?response-content-disposition=attachment%3B%20filename%3D%22_MPESA_Statement_20240713_to_20250713_2547xxxxxx233.pdf%22&X-Amz-Content-Sha256=UNSIGNED-PAYLOAD&X-Amz-Algorithm=AWS4-HMAC-SHA256&X-Amz-Credential=AKIAYUBLFC5TP3LJIQ5H%2F20251003%2Fus-east-1%2Fs3%2Faws4_request&X-Amz-Date=20251003T135049Z&X-Amz-SignedHeaders=host&X-Amz-Expires=28800&X-Amz-Signature=114e3205ba2ee399d75fe7624652ef0831b9042a4bf44a724997e21bb3e39cf1', 'name': '_MPESA_Statement_20240713_to_20250713_2547xxxxxx233.pdf'}, {'file_id': 8559119, 's3_link': 'https://loandisk-borrowers.s3.amazonaws.com/KCS236L_1752484641_valuation-12043656.pdf?response-content-disposition=attachment%3B%20filename%3D%22KCS236L_1752484641_valuation.pdf%22&X-Amz-Content-Sha256=UNSIGNED-PAYLOAD&X-Amz-Algorithm=AWS4-HMAC-SHA256&X-Amz-Credential=AKIAYUBLFC5TP3LJIQ5H%2F20251003%2Fus-east-1%2Fs3%2Faws4_request&X-Amz-Date=20251003T135049Z&X-Amz-SignedHeaders=host&X-Amz-Expires=28800&X-Amz-Signature=0204c598cc18f1f896f318dce4a888a022ffcf862590d4400024a983ade3cba1', 'name': 'KCS236L_1752484641_valuation.pdf'}, {'file_id': 8559156, 's3_link': 'https://loandisk-borrowers.s3.amazonaws.com/LETTER%20OF%20UNDERTAKING%20KEVIN-12043700.pdf?response-content-disposition=attachment%3B%20filename%3D%22LETTER%2520OF%2520UNDERTAKING%2520KEVIN.pdf%22&X-Amz-Content-Sha256=UNSIGNED-PAYLOAD&X-Amz-Algorithm=AWS4-HMAC-SHA256&X-Amz-Credential=AKIAYUBLFC5TP3LJIQ5H%2F20251003%2Fus-east-1%2Fs3%2Faws4_request&X-Amz-Date=20251003T135049Z&X-Amz-SignedHeaders=host&X-Amz-Expires=28800&X-Amz-Signature=e2354d4d80ee7273afdddf8f3fd0ff333056b82822a89425bbac840f92e9bede', 'name': 'LETTER OF UNDERTAKING KEVIN.pdf'}, {'file_id': 8573087, 's3_link': 'https://loandisk-borrowers.s3.amazonaws.com/KEVIN%20SHIWAN%20MADUVWE%20DOCS-12064197.pdf?response-content-disposition=attachment%3B%20filename%3D%22KEVIN%2520SHIWAN%2520MADUVWE%2520DOCS.pdf%22&X-Amz-Content-Sha256=UNSIGNED-PAYLOAD&X-Amz-Algorithm=AWS4-HMAC-SHA256&X-Amz-Credential=AKIAYUBLFC5TP3LJIQ5H%2F20251003%2Fus-east-1%2Fs3%2Faws4_request&X-Amz-Date=20251003T135049Z&X-Amz-SignedHeaders=host&X-Amz-Expires=28800&X-Amz-Signature=69247af9da60cba720f5307336efe24cf9197a4d4b162e0a515b8ca903b9bf84', 'name': 'KEVIN SHIWAN MADUVWE DOCS.pdf'}, {'file_id': 8573088, 's3_link': 'https://loandisk-borrowers.s3.amazonaws.com/KEVIN%20SHIWAN%20MADUVWE%20LOAN%20FORM%20-12064198.pdf?response-content-disposition=attachment%3B%20filename%3D%22KEVIN%2520SHIWAN%2520MADUVWE%2520LOAN%2520FORM%2520.pdf%22&X-Amz-Content-Sha256=UNSIGNED-PAYLOAD&X-Amz-Algorithm=AWS4-HMAC-SHA256&X-Amz-Credential=AKIAYUBLFC5TP3LJIQ5H%2F20251003%2Fus-east-1%2Fs3%2Faws4_request&X-Amz-Date=20251003T135049Z&X-Amz-SignedHeaders=host&X-Amz-Expires=28800&X-Amz-Signature=93af05834b4e465752d4bb076312fcb383de3c19432ce85048c0d941dcf06e27', 'name': 'KEVIN SHIWAN MADUVWE LOAN FORM .pdf'}, {'file_id': 8573089, 's3_link': 'https://loandisk-borrowers.s3.amazonaws.com/KEVIN%20SHIWAN%20MADUVWE%20OFFER%20LETTER%20-12064199.pdf?response-content-disposition=attachment%3B%20filename%3D%22KEVIN%2520SHIWAN%2520MADUVWE%2520OFFER%2520LETTER%2520.pdf%22&X-Amz-Content-Sha256=UNSIGNED-PAYLOAD&X-Amz-Algorithm=AWS4-HMAC-SHA256&X-Amz-Credential=AKIAYUBLFC5TP3LJIQ5H%2F20251003%2Fus-east-1%2Fs3%2Faws4_request&X-Amz-Date=20251003T135049Z&X-Amz-SignedHeaders=host&X-Amz-Expires=28800&X-Amz-Signature=473539d9cde5288c192f61789d566c2208f7b6418b11b498ee1a50eea186cce5', 'name': 'KEVIN SHIWAN MADUVWE OFFER LETTER .pdf'}]",,,Judy Wangu,,55886
8908919,300334,6757839,57355,27996,1000000.00,240000.00,31/07/2025,flat_rate,percentage,Month,4.0000,Months,6,3,6,0.00,round_off_to_two_decimal,,,,,,,,,,,,,,,,,,,,,,,,,,,,1266433.34,207848.01,1666.67,209514.68000000002,166666.67,37848.0,0.0,5000.01,3,833333.33,197848.0,12000.0,5000.01,[],1048181.34,31/01/2026,218252.00,16,,0,,0,,0,,0,,0,,0,,0,,0,,0,,0,,0,distribute_fees_evenly,18000.00,0,0,0,0,0,0,0,0,4.5000,0,0,0.00,1,,,,"[{'id': 'custom_field_23347', 'name': 'Sales Person'}, {'id': 'custom_field_23167', 'name': 'National ID'}, {'id': 'custom_field_23348', 'name': 'Sales Person(Agent/TL/RO)'}]",KE,Kinyua,Gerald Njue,Thermoteq Limited,9884589,Male,1,0722704994,gerald@thermoteq.co.ke,10/10/1973,P.O.BOX 18257-00200,Nairobi,Kenya,254,,Owner,,,Gerald Njue is the proprietor of Thermoteq Limited.,,[39172],11606602,Mercy Makau,"[{'file_id': 8633509, 's3_link': 'https://loandisk-borrowers.s3.amazonaws.com/ID%20COPY%20BACK%20-GERALD-12149057.pdf?response-content-disposition=attachment%3B%20filename%3D%22ID%2520COPY%2520BACK%2520-GERALD.pdf%22&X-Amz-Content-Sha256=UNSIGNED-PAYLOAD&X-Amz-Algorithm=AWS4-HMAC-SHA256&X-Amz-Credential=AKIAYUBLFC5TP3LJIQ5H%2F20251003%2Fus-east-1%2Fs3%2Faws4_request&X-Amz-Date=20251003T135049Z&X-Amz-SignedHeaders=host&X-Amz-Expires=28800&X-Amz-Signature=8a4847210f80db9a5a14a25241ff37e733c943aecf1457a50702e190795acf05', 'name': 'ID COPY BACK -GERALD.pdf'}, {'file_id': 8633510, 's3_link': 'https://loandisk-borrowers.s3.amazonaws.com/ID%20COPY%20FRONT-12149058.pdf?response-content-disposition=attachment%3B%20filename%3D%22ID%2520COPY%2520FRONT.pdf%22&X-Amz-Content-Sha256=UNSIGNED-PAYLOAD&X-Amz-Algorithm=AWS4-HMAC-SHA256&X-Amz-Credential=AKIAYUBLFC5TP3LJIQ5H%2F20251003%2Fus-east-1%2Fs3%2Faws4_request&X-Amz-Date=20251003T135049Z&X-Amz-SignedHeaders=host&X-Amz-Expires=28800&X-Amz-Signature=1a39246e14737341c029be21f141243846884edddfee6ad349e9d706fe45867c', 'name': 'ID COPY FRONT.pdf'}, {'file_id': 8633511, 's3_link': 'https://loandisk-borrowers.s3.amazonaws.com/A015359798T%20%281%29-12149060.pdf?response-content-disposition=attachment%3B%20filename%3D%22A015359798T%2520%25281%2529.pdf%22&X-Amz-Content-Sha256=UNSIGNED-PAYLOAD&X-Amz-Algorithm=AWS4-HMAC-SHA256&X-Amz-Credential=AKIAYUBLFC5TP3LJIQ5H%2F20251003%2Fus-east-1%2Fs3%2Faws4_request&X-Amz-Date=20251003T135049Z&X-Amz-SignedHeaders=host&X-Amz-Expires=28800&X-Amz-Signature=770221f41c8fe9872e36808d41588fe4f3276c6fdf41eb18f5a48f657805df07', 'name': 'A015359798T (1).pdf'}, {'file_id': 8633512, 's3_link': 'https://loandisk-borrowers.s3.amazonaws.com/Thermoteq%20reg%20%281%29-12149064.pdf?response-content-disposition=attachment%3B%20filename%3D%22Thermoteq%2520reg%2520%25281%2529.pdf%22&X-Amz-Content-Sha256=UNSIGNED-PAYLOAD&X-Amz-Algorithm=AWS4-HMAC-SHA256&X-Amz-Credential=AKIAYUBLFC5TP3LJIQ5H%2F20251003%2Fus-east-1%2Fs3%2Faws4_request&X-Amz-Date=20251003T135049Z&X-Amz-SignedHeaders=host&X-Amz-Expires=28800&X-Amz-Signature=fca3dc1df005090da1964178a5a25165fb1077ce55fd3e6101ac3a5862a9134c', 'name': 'Thermoteq reg (1).pdf'}, {'file_id': 8633513, 's3_link': 'https://loandisk-borrowers.s3.amazonaws.com/KCW%20007B%20LOGBOOK%20%20%282%29-12149062.pdf?response-content-disposition=attachment%3B%20filename%3D%22KCW%2520007B%2520LOGBOOK%2520%2520%25282%2529.pdf%22&X-Amz-Content-Sha256=UNSIGNED-PAYLOAD&X-Amz-Algorithm=AWS4-HMAC-SHA256&X-Amz-Credential=AKIAYUBLFC5TP3LJIQ5H%2F20251003%2Fus-east-1%2Fs3%2Faws4_request&X-Amz-Date=20251003T135049Z&X-Amz-SignedHeaders=host&X-Amz-Expires=28800&X-Amz-Signature=e718b61ba3471247225fa65e023de6a1b14f8378f51c16a908a34de49eec2844', 'name': 'KCW 007B LOGBOOK  (2).pdf'}, {'file_id': 8633514, 's3_link': 'https://loandisk-borrowers.s3.amazonaws.com/reg-12149063.pdf?response-content-disposition=attachment%3B%20filename%3D%22reg.pdf%22&X-Amz-Content-Sha256=UNSIGNED-PAYLOAD&X-Amz-Algorithm=AWS4-HMAC-SHA256&X-Amz-Credential=AKIAYUBLFC5TP3LJIQ5H%2F20251003%2Fus-east-1%2Fs3%2Faws4_request&X-Amz-Date=20251003T135049Z&X-Amz-SignedHeaders=host&X-Amz-Expires=28800&X-Amz-Signature=35d06371b6be17ef2150bc4e82b80d13135c35186d9ffeebd2b8a4871cc04525', 'name': 'reg.pdf'}, {'file_id': 8633515, 's3_link': 'https://loandisk-borrowers.s3.amazonaws.com/REGISTRATION%20CR12%20%281%29-12149066.pdf?response-content-disposition=attachment%3B%20filename%3D%22REGISTRATION%2520CR12%2520%25281%2529.pdf%22&X-Amz-Content-Sha256=UNSIGNED-PAYLOAD&X-Amz-Algorithm=AWS4-HMAC-SHA256&X-Amz-Credential=AKIAYUBLFC5TP3LJIQ5H%2F20251003%2Fus-east-1%2Fs3%2Faws4_request&X-Amz-Date=20251003T135049Z&X-Amz-SignedHeaders=host&X-Amz-Expires=28800&X-Amz-Signature=f6fa9cb4c4076c0c3d51186572c79ed4eebe212dcda8642d24f0016adfcc0862', 'name': 'REGISTRATION CR12 (1).pdf'}, {'file_id': 8633516, 's3_link': 'https://loandisk-borrowers.s3.amazonaws.com/Thermoteq%20reg-12149065.pdf?response-content-disposition=attachment%3B%20filename%3D%22Thermoteq%2520reg.pdf%22&X-Amz-Content-Sha256=UNSIGNED-PAYLOAD&X-Amz-Algorithm=AWS4-HMAC-SHA256&X-Amz-Credential=AKIAYUBLFC5TP3LJIQ5H%2F20251003%2Fus-east-1%2Fs3%2Faws4_request&X-Amz-Date=20251003T135049Z&X-Amz-SignedHeaders=host&X-Amz-Expires=28800&X-Amz-Signature=24cc6a298a3eeb4435442eb1cd7ab7543304e56c82aa17099fdeb325ee62e296', 'name': 'Thermoteq reg.pdf'}, {'file_id': 8633517, 's3_link': 'https://loandisk-borrowers.s3.amazonaws.com/_254722704994_KINYUA_GERALD_NJUE_28-07-2025_18_03_Full_MPESA_Report-12149067.pdf?response-content-disposition=attachment%3B%20filename%3D%22_254722704994_KINYUA_GERALD_NJUE_28-07-2025_18_03_Full_MPESA_Report.pdf%22&X-Amz-Content-Sha256=UNSIGNED-PAYLOAD&X-Amz-Algorithm=AWS4-HMAC-SHA256&X-Amz-Credential=AKIAYUBLFC5TP3LJIQ5H%2F20251003%2Fus-east-1%2Fs3%2Faws4_request&X-Amz-Date=20251003T135049Z&X-Amz-SignedHeaders=host&X-Amz-Expires=28800&X-Amz-Signature=fb8e928d79325750fdf58b76d9fba194762b7b54fa4f136f4ff0a15ff586f2e2', 'name': '_254722704994_KINYUA_GERALD_NJUE_28-07-2025_18_03_Full_MPESA_Report.pdf'}, {'file_id': 8633518, 's3_link': 'https://loandisk-borrowers.s3.amazonaws.com/certificate%20KCW%20007B-12149069.pdf?response-content-disposition=attachment%3B%20filename%3D%22certificate%2520KCW%2520007B.pdf%22&X-Amz-Content-Sha256=UNSIGNED-PAYLOAD&X-Amz-Algorithm=AWS4-HMAC-SHA256&X-Amz-Credential=AKIAYUBLFC5TP3LJIQ5H%2F20251003%2Fus-east-1%2Fs3%2Faws4_request&X-Amz-Date=20251003T135049Z&X-Amz-SignedHeaders=host&X-Amz-Expires=28800&X-Amz-Signature=0f2c5c555c594d2542ebd35a22b5446a4f13be2ba755cf903a7feff44c5b6756', 'name': 'certificate KCW 007B.pdf'}, {'file_id': 8633519, 's3_link': 'https://loandisk-borrowers.s3.amazonaws.com/MPESA_Statement_2024-07-28_to_2025-07-28_2547xxxxxx994-12149068.pdf?response-content-disposition=attachment%3B%20filename%3D%22MPESA_Statement_2024-07-28_to_2025-07-28_2547xxxxxx994.pdf%22&X-Amz-Content-Sha256=UNSIGNED-PAYLOAD&X-Amz-Algorithm=AWS4-HMAC-SHA256&X-Amz-Credential=AKIAYUBLFC5TP3LJIQ5H%2F20251003%2Fus-east-1%2Fs3%2Faws4_request&X-Amz-Date=20251003T135049Z&X-Amz-SignedHeaders=host&X-Amz-Expires=28800&X-Amz-Signature=a959ff24674bb153eecdcab6d1e73d3c26d7b16adbe03545c7acec937c81a443', 'name': 'MPESA_Statement_2024-07-28_to_2025-07-28_2547xxxxxx994.pdf'}, {'file_id': 8633520, 's3_link': 'https://loandisk-borrowers.s3.amazonaws.com/KRA%20PIN%20.G.%20%281%29-12149084.pdf?response-content-disposition=attachment%3B%20filename%3D%22KRA%2520PIN%2520.G.%2520%25281%2529.pdf%22&X-Amz-Content-Sha256=UNSIGNED-PAYLOAD&X-Amz-Algorithm=AWS4-HMAC-SHA256&X-Amz-Credential=AKIAYUBLFC5TP3LJIQ5H%2F20251003%2Fus-east-1%2Fs3%2Faws4_request&X-Amz-Date=20251003T135049Z&X-Amz-SignedHeaders=host&X-Amz-Expires=28800&X-Amz-Signature=044a0113a5b380cde9e5db91eecd1af6341885056cad1c2e51c0be5136c605d9', 'name': 'KRA PIN .G. (1).pdf'}, {'file_id': 8633521, 's3_link': 'https://loandisk-borrowers.s3.amazonaws.com/KCW%20007B%20%20icf%20%282%29-12149091.pdf?response-content-disposition=attachment%3B%20filename%3D%22KCW%2520007B%2520%2520icf%2520%25282%2529.pdf%22&X-Amz-Content-Sha256=UNSIGNED-PAYLOAD&X-Amz-Algorithm=AWS4-HMAC-SHA256&X-Amz-Credential=AKIAYUBLFC5TP3LJIQ5H%2F20251003%2Fus-east-1%2Fs3%2Faws4_request&X-Amz-Date=20251003T135049Z&X-Amz-SignedHeaders=host&X-Amz-Expires=28800&X-Amz-Signature=a28a5506c8c70cc0f9b9a49dca047b0599531c21ada87562c17a3c322f31d9a8', 'name': 'KCW 007B  icf (2).pdf'}, {'file_id': 8633522, 's3_link': 'https://loandisk-borrowers.s3.amazonaws.com/AFI-JK2HP933-RECEIPT-12149090.pdf?response-content-disposition=attachment%3B%20filename%3D%22AFI-JK2HP933-RECEIPT.pdf%22&X-Amz-Content-Sha256=UNSIGNED-PAYLOAD&X-Amz-Algorithm=AWS4-HMAC-SHA256&X-Amz-Credential=AKIAYUBLFC5TP3LJIQ5H%2F20251003%2Fus-east-1%2Fs3%2Faws4_request&X-Amz-Date=20251003T135049Z&X-Amz-SignedHeaders=host&X-Amz-Expires=28800&X-Amz-Signature=82ab3149c642a322c32521195c04d84b57e61b823e22dbac5623b0cd1c330bfd', 'name': 'AFI-JK2HP933-RECEIPT.pdf'}, {'file_id': 8633523, 's3_link': 'https://loandisk-borrowers.s3.amazonaws.com/certificate%20KCW%20007B%20%281%29-12149092.pdf?response-content-disposition=attachment%3B%20filename%3D%22certificate%2520KCW%2520007B%2520%25281%2529.pdf%22&X-Amz-Content-Sha256=UNSIGNED-PAYLOAD&X-Amz-Algorithm=AWS4-HMAC-SHA256&X-Amz-Credential=AKIAYUBLFC5TP3LJIQ5H%2F20251003%2Fus-east-1%2Fs3%2Faws4_request&X-Amz-Date=20251003T135049Z&X-Amz-SignedHeaders=host&X-Amz-Expires=28800&X-Amz-Signature=cf9c009b22a001286335f1beb52dca5ae447b41695c2830624a6011813061be5', 'name': 'certificate KCW 007B (1).pdf'}, {'file_id': 8633524, 's3_link': 'https://loandisk-borrowers.s3.amazonaws.com/KCW007B_1752668623_valuation%20%282%29-12149099.pdf?response-content-disposition=attachment%3B%20filename%3D%22KCW007B_1752668623_valuation%2520%25282%2529.pdf%22&X-Amz-Content-Sha256=UNSIGNED-PAYLOAD&X-Amz-Algorithm=AWS4-HMAC-SHA256&X-Amz-Credential=AKIAYUBLFC5TP3LJIQ5H%2F20251003%2Fus-east-1%2Fs3%2Faws4_request&X-Amz-Date=20251003T135049Z&X-Amz-SignedHeaders=host&X-Amz-Expires=28800&X-Amz-Signature=06d6fc0d959ff159b63c6df47cf91cf6981d7f6a7c91bd73627fcbb6dd860916', 'name': 'KCW007B_1752668623_valuation (2).pdf'}, {'file_id': 8633687, 's3_link': 'https://loandisk-borrowers.s3.amazonaws.com/PHOENIX%20CAPITAL%20LIMITED%20APPRAISAL%20CALCULATOR%20-%20GERALD%20NJUE%20KINYUA-12149295.xlsx?response-content-disposition=attachment%3B%20filename%3D%22PHOENIX%2520CAPITAL%2520LIMITED%2520APPRAISAL%2520CALCULATOR%2520-%2520GERALD%2520NJUE%2520KINYUA.xlsx%22&X-Amz-Content-Sha256=UNSIGNED-PAYLOAD&X-Amz-Algorithm=AWS4-HMAC-SHA256&X-Amz-Credential=AKIAYUBLFC5TP3LJIQ5H%2F20251003%2Fus-east-1%2Fs3%2Faws4_request&X-Amz-Date=20251003T135049Z&X-Amz-SignedHeaders=host&X-Amz-Expires=28800&X-Amz-Signature=643d9a2daa6b3075bf43d7b049181027be8dca6673ee71956ea6b2f64d05e41a', 'name': 'PHOENIX CAPITAL LIMITED APPRAISAL CALCULATOR - GERALD NJUE KINYUA.xlsx'}, {'file_id': 8700971, 's3_link': 'https://loandisk-borrowers.s3.amazonaws.com/GERALD%20KINYUA%20NJUE%20LOAN%20FORM%20-12253920.pdf?response-content-disposition=attachment%3B%20filename%3D%22GERALD%2520KINYUA%2520NJUE%2520LOAN%2520FORM%2520.pdf%22&X-Amz-Content-Sha256=UNSIGNED-PAYLOAD&X-Amz-Algorithm=AWS4-HMAC-SHA256&X-Amz-Credential=AKIAYUBLFC5TP3LJIQ5H%2F20251003%2Fus-east-1%2Fs3%2Faws4_request&X-Amz-Date=20251003T135049Z&X-Amz-SignedHeaders=host&X-Amz-Expires=28800&X-Amz-Signature=b7f20670bbcaa58285369c6e04ca64545549bdbf2ceb2d7fe22f957a5d04ae38', 'name': 'GERALD KINYUA NJUE LOAN FORM .pdf'}, {'file_id': 8700972, 's3_link': 'https://loandisk-borrowers.s3.amazonaws.com/GERALD%20KINYUA%20NJUE%20DOCUMENTS-12253918.pdf?response-content-disposition=attachment%3B%20filename%3D%22GERALD%2520KINYUA%2520NJUE%2520DOCUMENTS.pdf%22&X-Amz-Content-Sha256=UNSIGNED-PAYLOAD&X-Amz-Algorithm=AWS4-HMAC-SHA256&X-Amz-Credential=AKIAYUBLFC5TP3LJIQ5H%2F20251003%2Fus-east-1%2Fs3%2Faws4_request&X-Amz-Date=20251003T135049Z&X-Amz-SignedHeaders=host&X-Amz-Expires=28800&X-Amz-Signature=b74118aa5833c5d0eec183b5c8e5c0afa72fb84ee7d30f6e2ea07d86c481be7a', 'name': 'GERALD KINYUA NJUE DOCUMENTS.pdf'}]",,"[{'file_id': 8700986, 's3_link': 'https://loandisk-loans.s3.amazonaws.com/GRACE%20WAMBUI%20MACHARIA%20OFFER%20LETTER%20-12253929.pdf?response-content-disposition=attachment%3B%20filename%3D%22GRACE%2520WAMBUI%2520MACHARIA%2520OFFER%2520LETTER%2520.pdf%22&X-Amz-Content-Sha256=UNSIGNED-PAYLOAD&X-Amz-Algorithm=AWS4-HMAC-SHA256&X-Amz-Credential=AKIAYUBLFC5TP3LJIQ5H%2F20251003%2Fus-east-1%2Fs3%2Faws4_request&X-Amz-Date=20251003T135049Z&X-Amz-SignedHeaders=host&X-Amz-Expires=28800&X-Amz-Signature=b847148437b53bf4b944cdb02986b3c902b7276e79381ef451f808ef138204c4', 'name': 'GRACE WAMBUI MACHARIA OFFER LETTER .pdf'}, {'file_id': 8700987, 's3_link': 'https://loandisk-loans.s3.amazonaws.com/GERALD%20KINYUA%20NJUE%20LOAN%20FORM%20-12253928.pdf?response-content-disposition=attachment%3B%20filename%3D%22GERALD%2520KINYUA%2520NJUE%2520LOAN%2520FORM%2520.pdf%22&X-Amz-Content-Sha256=UNSIGNED-PAYLOAD&X-Amz-Algorithm=AWS4-HMAC-SHA256&X-Amz-Credential=AKIAYUBLFC5TP3LJIQ5H%2F20251003%2Fus-east-1%2Fs3%2Faws4_request&X-Amz-Date=20251003T135049Z&X-Amz-SignedHeaders=host&X-Amz-Expires=28800&X-Amz-Signature=e83851f7ae292a5474844dc33f896fad64846fd201f70f7f4db71e0277de2a8e', 'name': 'GERALD KINYUA NJUE LOAN FORM .pdf'}, {'file_id': 8700988, 's3_link': 'https://loandisk-loans.s3.amazonaws.com/GERALD%20KINYUA%20NJUE%20DOCUMENTS-12253927.pdf?response-content-disposition=attachment%3B%20filename%3D%22GERALD%2520KINYUA%2520NJUE%2520DOCUMENTS.pdf%22&X-Amz-Content-Sha256=UNSIGNED-PAYLOAD&X-Amz-Algorithm=AWS4-HMAC-SHA256&X-Amz-Credential=AKIAYUBLFC5TP3LJIQ5H%2F20251003%2Fus-east-1%2Fs3%2Faws4_request&X-Amz-Date=20251003T135049Z&X-Amz-SignedHeaders=host&X-Amz-Expires=28800&X-Amz-Signature=5578641e7bd8169d30e29302324c43058821b7c9484547f640d51f5b084aa868', 'name': 'GERALD KINYUA NJUE DOCUMENTS.pdf'}]",Samson Namale- Mercy Makau,,55886
8910159,36826,6760696,57356,27996,115000.00,25875.00,29/07/2025,flat_rate,percentage,Month,7.5000,Months,3,3,3,0.00,round_off_to_two_decimal,,,,,,,,,,,,,,,,,,,,,,,,,,,,163674.91,112949.90,766.67,113716.56999999999,76666.66,17250.0,6000.0,13799.91,35,115000.0,25875.0,9000.0,13799.91,[],163674.91,29/10/2025,0.00,5,,0,,0,,0,,0,,0,,0,,0,,0,,0,,0,,0,distribute_fees_evenly,9000.00,0,0,0,0,0,0,0,0,4.5000,0,0,0.00,1,,,,"[{'id': 'custom_field_23347', 'name': 'Sales Person'}, {'id': 'custom_field_23167', 'name': 'National ID'}, {'id': 'custom_field_23348', 'name': 'Sales Person(Agent/TL/RO)'}]",KE,Lewis,Njoroge Muraya,D.O.D -Defence,9884590,Male,1,0711165673,njorogelewis@yahoo.com,02/04/1987,P.O BOX 8018 00100,Nairobi,"MUGUTHA, RUIRU",00100,0711165673,Government Employee,,,,,[70406],25150321,Judy Wangu,"[{'file_id': 8642090, 's3_link': 'https://loandisk-borrowers.s3.amazonaws.com/VHT-JK9IAR2L5-RECEIPT-12161411.pdf?response-content-disposition=attachment%3B%20filename%3D%22VHT-JK9IAR2L5-RECEIPT.pdf%22&X-Amz-Content-Sha256=UNSIGNED-PAYLOAD&X-Amz-Algorithm=AWS4-HMAC-SHA256&X-Amz-Credential=AKIAYUBLFC5TP3LJIQ5H%2F20251003%2Fus-east-1%2Fs3%2Faws4_request&X-Amz-Date=20251003T135050Z&X-Amz-SignedHeaders=host&X-Amz-Expires=28800&X-Amz-Signature=15a2b37c37f5a6069f54f8134126668004694010bec18525c5797149c9d6cbeb', 'name': 'VHT-JK9IAR2L5-RECEIPT.pdf'}, {'file_id': 8642091, 's3_link': 'https://loandisk-borrowers.s3.amazonaws.com/KBM%20232P%20LOGBOOK%20-12161410.pdf?response-content-disposition=attachment%3B%20filename%3D%22KBM%2520232P%2520LOGBOOK%2520.pdf%22&X-Amz-Content-Sha256=UNSIGNED-PAYLOAD&X-Amz-Algorithm=AWS4-HMAC-SHA256&X-Amz-Credential=AKIAYUBLFC5TP3LJIQ5H%2F20251003%2Fus-east-1%2Fs3%2Faws4_request&X-Amz-Date=20251003T135050Z&X-Amz-SignedHeaders=host&X-Amz-Expires=28800&X-Amz-Signature=2b40d276ae00f4f01e3f8b587c5d94268ba43b76909a85e1984fbc758c6e5676', 'name': 'KBM 232P LOGBOOK .pdf'}, {'file_id': 8642092, 's3_link': 'https://loandisk-borrowers.s3.amazonaws.com/_MPESA_Statement_20240728_to_20250728_2547xxxxxx673-12161412.pdf?response-content-disposition=attachment%3B%20filename%3D%22_MPESA_Statement_20240728_to_20250728_2547xxxxxx673.pdf%22&X-Amz-Content-Sha256=UNSIGNED-PAYLOAD&X-Amz-Algorithm=AWS4-HMAC-SHA256&X-Amz-Credential=AKIAYUBLFC5TP3LJIQ5H%2F20251003%2Fus-east-1%2Fs3%2Faws4_request&X-Amz-Date=20251003T135050Z&X-Amz-SignedHeaders=host&X-Amz-Expires=28800&X-Amz-Signature=dcd928ce3dd48306caa5863628992f952dba487f51cb42340e4307c1251bf0b3', 'name': '_MPESA_Statement_20240728_to_20250728_2547xxxxxx673.pdf'}, {'file_id': 8642093, 's3_link': 'https://loandisk-borrowers.s3.amazonaws.com/LEWIS%20ID-12161414.pdf?response-content-disposition=attachment%3B%20filename%3D%22LEWIS%2520ID.pdf%22&X-Amz-Content-Sha256=UNSIGNED-PAYLOAD&X-Amz-Algorithm=AWS4-HMAC-SHA256&X-Amz-Credential=AKIAYUBLFC5TP3LJIQ5H%2F20251003%2Fus-east-1%2Fs3%2Faws4_request&X-Amz-Date=20251003T135050Z&X-Amz-SignedHeaders=host&X-Amz-Expires=28800&X-Amz-Signature=fe98d95b5206bb9067d0256288e23cda6883825b1fe5c37760426d4e70ce1fb5', 'name': 'LEWIS ID.pdf'}, {'file_id': 8642094, 's3_link': 'https://loandisk-borrowers.s3.amazonaws.com/_254711165673_LEWIS_NJOROGE_MURAYA_28-07-2025_18_00_Full_MPESA_Report%20%281%29-12161413.pdf?response-content-disposition=attachment%3B%20filename%3D%22_254711165673_LEWIS_NJOROGE_MURAYA_28-07-2025_18_00_Full_MPESA_Report%2520%25281%2529.pdf%22&X-Amz-Content-Sha256=UNSIGNED-PAYLOAD&X-Amz-Algorithm=AWS4-HMAC-SHA256&X-Amz-Credential=AKIAYUBLFC5TP3LJIQ5H%2F20251003%2Fus-east-1%2Fs3%2Faws4_request&X-Amz-Date=20251003T135050Z&X-Amz-SignedHeaders=host&X-Amz-Expires=28800&X-Amz-Signature=5cd26b4cc1a6ef5837983bd71304608c9ed49a7aa8a9444ecbfbad6feba1d1f3', 'name': '_254711165673_LEWIS_NJOROGE_MURAYA_28-07-2025_18_00_Full_MPESA_Report (1).pdf'}, {'file_id': 8642095, 's3_link': 'https://loandisk-borrowers.s3.amazonaws.com/LEWIS%20KRA-12161415.pdf?response-content-disposition=attachment%3B%20filename%3D%22LEWIS%2520KRA.pdf%22&X-Amz-Content-Sha256=UNSIGNED-PAYLOAD&X-Amz-Algorithm=AWS4-HMAC-SHA256&X-Amz-Credential=AKIAYUBLFC5TP3LJIQ5H%2F20251003%2Fus-east-1%2Fs3%2Faws4_request&X-Amz-Date=20251003T135050Z&X-Amz-SignedHeaders=host&X-Amz-Expires=28800&X-Amz-Signature=120cb958fb418c4fc6d64c3a171aa799ca413b5580844438e1c9f19e370777ca', 'name': 'LEWIS KRA.pdf'}, {'file_id': 8642096, 's3_link': 'https://loandisk-borrowers.s3.amazonaws.com/KBM%20232P_1753709646_valuation-12161443.pdf?response-content-disposition=attachment%3B%20filename%3D%22KBM%2520232P_1753709646_valuation.pdf%22&X-Amz-Content-Sha256=UNSIGNED-PAYLOAD&X-Amz-Algorithm=AWS4-HMAC-SHA256&X-Amz-Credential=AKIAYUBLFC5TP3LJIQ5H%2F20251003%2Fus-east-1%2Fs3%2Faws4_request&X-Amz-Date=20251003T135050Z&X-Amz-SignedHeaders=host&X-Amz-Expires=28800&X-Amz-Signature=2f731adf60a27a4b1a55bb466d2f8b5e47efcb74c42876a59f877a2feb84dece', 'name': 'KBM 232P_1753709646_valuation.pdf'}, {'file_id': 8642123, 's3_link': 'https://loandisk-borrowers.s3.amazonaws.com/Copy_of_PHOENIX_CAPITAL_LIMITED_APPRAISAL_CALCULATOR_-_LEWIS_NJOROGE%281%29%281%29-12161477.xlsx?response-content-disposition=attachment%3B%20filename%3D%22Copy_of_PHOENIX_CAPITAL_LIMITED_APPRAISAL_CALCULATOR_-_LEWIS_NJOROGE%25281%2529%25281%2529.xlsx%22&X-Amz-Content-Sha256=UNSIGNED-PAYLOAD&X-Amz-Algorithm=AWS4-HMAC-SHA256&X-Amz-Credential=AKIAYUBLFC5TP3LJIQ5H%2F20251003%2Fus-east-1%2Fs3%2Faws4_request&X-Amz-Date=20251003T135050Z&X-Amz-SignedHeaders=host&X-Amz-Expires=28800&X-Amz-Signature=b321f29f41e387fa2f134d14ae9941ffb53a29b7d7ace36a881ca98b2cb69ae9', 'name': 'Copy_of_PHOENIX_CAPITAL_LIMITED_APPRAISAL_CALCULATOR_-_LEWIS_NJOROGE(1)(1).xlsx'}, {'file_id': 8753309, 's3_link': 'https://loandisk-borrowers.s3.amazonaws.com/LEWIS%20NJOROGE%20MURAYA%20LOAN%20FORM%20-12328738.pdf?response-content-disposition=attachment%3B%20filename%3D%22LEWIS%2520NJOROGE%2520MURAYA%2520LOAN%2520FORM%2520.pdf%22&X-Amz-Content-Sha256=UNSIGNED-PAYLOAD&X-Amz-Algorithm=AWS4-HMAC-SHA256&X-Amz-Credential=AKIAYUBLFC5TP3LJIQ5H%2F20251003%2Fus-east-1%2Fs3%2Faws4_request&X-Amz-Date=20251003T135050Z&X-Amz-SignedHeaders=host&X-Amz-Expires=28800&X-Amz-Signature=d6ac6d5ff67e5d9af9578473b4b050462ecec7d1b4b229afa3d6b2640a977e24', 'name': 'LEWIS NJOROGE MURAYA LOAN FORM .pdf'}, {'file_id': 8753310, 's3_link': 'https://loandisk-borrowers.s3.amazonaws.com/LEWIS%20NJOROGE%20MURAYA%20OFFER%20LETTER%20-12328740.pdf?response-content-disposition=attachment%3B%20filename%3D%22LEWIS%2520NJOROGE%2520MURAYA%2520OFFER%2520LETTER%2520.pdf%22&X-Amz-Content-Sha256=UNSIGNED-PAYLOAD&X-Amz-Algorithm=AWS4-HMAC-SHA256&X-Amz-Credential=AKIAYUBLFC5TP3LJIQ5H%2F20251003%2Fus-east-1%2Fs3%2Faws4_request&X-Amz-Date=20251003T135050Z&X-Amz-SignedHeaders=host&X-Amz-Expires=28800&X-Amz-Signature=83a5c215ff45d4cd9e3626ce916a3a108bcaa3a09669a58f0317b949108a8d1d', 'name': 'LEWIS NJOROGE MURAYA OFFER LETTER .pdf'}]",,"[{'file_id': 8753329, 's3_link': 'https://loandisk-loans.s3.amazonaws.com/LEWIS%20NJOROGE%20MURAYA%20LOAN%20FORM%20-12328755.pdf?response-content-disposition=attachment%3B%20filename%3D%22LEWIS%2520NJOROGE%2520MURAYA%2520LOAN%2520FORM%2520.pdf%22&X-Amz-Content-Sha256=UNSIGNED-PAYLOAD&X-Amz-Algorithm=AWS4-HMAC-SHA256&X-Amz-Credential=AKIAYUBLFC5TP3LJIQ5H%2F20251003%2Fus-east-1%2Fs3%2Faws4_request&X-Amz-Date=20251003T135050Z&X-Amz-SignedHeaders=host&X-Amz-Expires=28800&X-Amz-Signature=d221b5c2d2f3418e27944cafb072b1455dac87c2300a812862b1289e424e70fa', 'name': 'LEWIS NJOROGE MURAYA LOAN FORM .pdf'}, {'file_id': 8753330, 's3_link': 'https://loandisk-loans.s3.amazonaws.com/LEWIS%20NJOROGE%20MURAYA%20OFFER%20LETTER%20-12328756.pdf?response-content-disposition=attachment%3B%20filename%3D%22LEWIS%2520NJOROGE%2520MURAYA%2520OFFER%2520LETTER%2520.pdf%22&X-Amz-Content-Sha256=UNSIGNED-PAYLOAD&X-Amz-Algorithm=AWS4-HMAC-SHA256&X-Amz-Credential=AKIAYUBLFC5TP3LJIQ5H%2F20251003%2Fus-east-1%2Fs3%2Faws4_request&X-Amz-Date=20251003T135050Z&X-Amz-SignedHeaders=host&X-Amz-Expires=28800&X-Amz-Signature=c0a65972ed62107947ae4f9adf18c1780876f81f68fa0c3d1a19e879c5a99bb2', 'name': 'LEWIS NJOROGE MURAYA OFFER LETTER .pdf'}, {'file_id': 8753331, 's3_link': 'https://loandisk-loans.s3.amazonaws.com/LEWIS%20NJOROGE%20MURAYA%20DOCUMENTS-12328754.pdf?response-content-disposition=attachment%3B%20filename%3D%22LEWIS%2520NJOROGE%2520MURAYA%2520DOCUMENTS.pdf%22&X-Amz-Content-Sha256=UNSIGNED-PAYLOAD&X-Amz-Algorithm=AWS4-HMAC-SHA256&X-Amz-Credential=AKIAYUBLFC5TP3LJIQ5H%2F20251003%2Fus-east-1%2Fs3%2Faws4_request&X-Amz-Date=20251003T135050Z&X-Amz-SignedHeaders=host&X-Amz-Expires=28800&X-Amz-Signature=aa8a0d2b9d55f49ac0e48f523e88468565144a5c6576e37b20f8c97c335b0b06', 'name': 'LEWIS NJOROGE MURAYA DOCUMENTS.pdf'}]",Judy  Wangu,,55886
9026906,300334,6852144,57369,27996,199325.00,143514.00,16/08/2025,flat_rate,percentage,Month,4.0000,Months,18,3,18,0.00,round_off_to_two_decimal,,,,,,,,,,,,,,,,,,,,,,,,,,,,402490.95,20235.10,196.46,20431.559999999998,11073.61,7973.0,599.1099999999997,785.8399999999997,17,199325.0,143514.0,51599.11,785.8399999999997,[],395223.95,16/02/2027,7267.00,16,,0,,0,,0,,0,,0,,0,,0,,0,,0,,0,,0,distribute_fees_evenly,54000.00,0,0,0,0,0,0,0,0,4.5000,0,0,0.00,1,,,,"[{'id': 'custom_field_23347', 'name': 'Sales Person'}, {'id': 'custom_field_23167', 'name': 'National ID'}, {'id': 'custom_field_23348', 'name': 'Sales Person(Agent/TL/RO)'}, {'id': 'custom_field_24875', 'name': 'Collector'}]",KE,Dominic,Gachanja Matiri,National Treasury,9884593,Male,1,0722959368,dgmatiri@gmail.com,01/02/1976,P.O BOX 1946-00232,Kiambu,KENYA,00232,0722959368,Government Employee,,68a050a4e6efc-12364960.jpg,,,[70406],13882879,Judy Wangu,"[{'file_id': 8778674, 's3_link': 'https://loandisk-borrowers.s3.amazonaws.com/DOMINIC%20ID%20BACK-12364920.jpg?response-content-disposition=attachment%3B%20filename%3D%22DOMINIC%2520ID%2520BACK.jpg%22&X-Amz-Content-Sha256=UNSIGNED-PAYLOAD&X-Amz-Algorithm=AWS4-HMAC-SHA256&X-Amz-Credential=AKIAYUBLFC5TP3LJIQ5H%2F20251003%2Fus-east-1%2Fs3%2Faws4_request&X-Amz-Date=20251003T135050Z&X-Amz-SignedHeaders=host&X-Amz-Expires=28800&X-Amz-Signature=7510d6ce11b606b8fa4fb842189fa526dc9322636c9539efbb488fd8fe28e5e0', 'name': 'DOMINIC ID BACK.jpg'}, {'file_id': 8778675, 's3_link': 'https://loandisk-borrowers.s3.amazonaws.com/DOMINIC%20ID-12364921.jpg?response-content-disposition=attachment%3B%20filename%3D%22DOMINIC%2520ID.jpg%22&X-Amz-Content-Sha256=UNSIGNED-PAYLOAD&X-Amz-Algorithm=AWS4-HMAC-SHA256&X-Amz-Credential=AKIAYUBLFC5TP3LJIQ5H%2F20251003%2Fus-east-1%2Fs3%2Faws4_request&X-Amz-Date=20251003T135050Z&X-Amz-SignedHeaders=host&X-Amz-Expires=28800&X-Amz-Signature=29799571d3f5a83f4f073ec5f677166806bca912a4ebd8a43ac2b095d365116b', 'name': 'DOMINIC ID.jpg'}, {'file_id': 8778676, 's3_link': 'https://loandisk-borrowers.s3.amazonaws.com/DOMINIC%20KRA-12364922.jpg?response-content-disposition=attachment%3B%20filename%3D%22DOMINIC%2520KRA.jpg%22&X-Amz-Content-Sha256=UNSIGNED-PAYLOAD&X-Amz-Algorithm=AWS4-HMAC-SHA256&X-Amz-Credential=AKIAYUBLFC5TP3LJIQ5H%2F20251003%2Fus-east-1%2Fs3%2Faws4_request&X-Amz-Date=20251003T135050Z&X-Amz-SignedHeaders=host&X-Amz-Expires=28800&X-Amz-Signature=0131fbb70af49ce61dea7d86b6f0724402a928c3ff8ae068c16fe77a544dbd80', 'name': 'DOMINIC KRA.jpg'}, {'file_id': 8778677, 's3_link': 'https://loandisk-borrowers.s3.amazonaws.com/DOMINIC%20LOGBOOK-12364923.jpg?response-content-disposition=attachment%3B%20filename%3D%22DOMINIC%2520LOGBOOK.jpg%22&X-Amz-Content-Sha256=UNSIGNED-PAYLOAD&X-Amz-Algorithm=AWS4-HMAC-SHA256&X-Amz-Credential=AKIAYUBLFC5TP3LJIQ5H%2F20251003%2Fus-east-1%2Fs3%2Faws4_request&X-Amz-Date=20251003T135050Z&X-Amz-SignedHeaders=host&X-Amz-Expires=28800&X-Amz-Signature=5bbc73f5707f773adb100cac4dec727f9376f7bf4c8c4587d48f16c3392d465e', 'name': 'DOMINIC LOGBOOK.jpg'}, {'file_id': 8778678, 's3_link': 'https://loandisk-borrowers.s3.amazonaws.com/Dominic%20Response%20Letter-12364955.pdf?response-content-disposition=attachment%3B%20filename%3D%22Dominic%2520Response%2520Letter.pdf%22&X-Amz-Content-Sha256=UNSIGNED-PAYLOAD&X-Amz-Algorithm=AWS4-HMAC-SHA256&X-Amz-Credential=AKIAYUBLFC5TP3LJIQ5H%2F20251003%2Fus-east-1%2Fs3%2Faws4_request&X-Amz-Date=20251003T135050Z&X-Amz-SignedHeaders=host&X-Amz-Expires=28800&X-Amz-Signature=ddeb23f2748746b0a7f86cb9c726893215b56a5f7bbd30c8e1f489012a21ab3a', 'name': 'Dominic Response Letter.pdf'}, {'file_id': 8778679, 's3_link': 'https://loandisk-borrowers.s3.amazonaws.com/AG3196149%20Loan%20Statement-12364954.pdf?response-content-disposition=attachment%3B%20filename%3D%22AG3196149%2520Loan%2520Statement.pdf%22&X-Amz-Content-Sha256=UNSIGNED-PAYLOAD&X-Amz-Algorithm=AWS4-HMAC-SHA256&X-Amz-Credential=AKIAYUBLFC5TP3LJIQ5H%2F20251003%2Fus-east-1%2Fs3%2Faws4_request&X-Amz-Date=20251003T135050Z&X-Amz-SignedHeaders=host&X-Amz-Expires=28800&X-Amz-Signature=b9b4040cf005c4d6f8f7f960fab9f4f0ec4a4ca2b7511c0a550188c76101fee3', 'name': 'AG3196149 Loan Statement.pdf'}, {'file_id': 8778681, 's3_link': 'https://loandisk-borrowers.s3.amazonaws.com/KCB644A_1749038442_valuation%20%283%29-12364957.pdf?response-content-disposition=attachment%3B%20filename%3D%22KCB644A_1749038442_valuation%2520%25283%2529.pdf%22&X-Amz-Content-Sha256=UNSIGNED-PAYLOAD&X-Amz-Algorithm=AWS4-HMAC-SHA256&X-Amz-Credential=AKIAYUBLFC5TP3LJIQ5H%2F20251003%2Fus-east-1%2Fs3%2Faws4_request&X-Amz-Date=20251003T135050Z&X-Amz-SignedHeaders=host&X-Amz-Expires=28800&X-Amz-Signature=650621411276ff818b8604da3b1b2f8c0ef4d709bb4938785fe5944a6c20d39e', 'name': 'KCB644A_1749038442_valuation (3).pdf'}, {'file_id': 8778703, 's3_link': 'https://loandisk-borrowers.s3.amazonaws.com/MPESA_Statement_2024-08-16_to_2025-08-16_2547xxxxxx368-12364977.pdf?response-content-disposition=attachment%3B%20filename%3D%22MPESA_Statement_2024-08-16_to_2025-08-16_2547xxxxxx368.pdf%22&X-Amz-Content-Sha256=UNSIGNED-PAYLOAD&X-Amz-Algorithm=AWS4-HMAC-SHA256&X-Amz-Credential=AKIAYUBLFC5TP3LJIQ5H%2F20251003%2Fus-east-1%2Fs3%2Faws4_request&X-Amz-Date=20251003T135050Z&X-Amz-SignedHeaders=host&X-Amz-Expires=28800&X-Amz-Signature=f3b6bad55ea68005e881ecefe4b50678af2f700c5cb36e1f3d8da2e22a2a832b', 'name': 'MPESA_Statement_2024-08-16_to_2025-08-16_2547xxxxxx368.pdf'}, {'file_id': 8778750, 's3_link': 'https://loandisk-borrowers.s3.amazonaws.com/_254722959368_DOMINIC_GACHANJA_MATIRI_16-08-2025_12_38_Full_MPESA_Report-12365047.pdf?response-content-disposition=attachment%3B%20filename%3D%22_254722959368_DOMINIC_GACHANJA_MATIRI_16-08-2025_12_38_Full_MPESA_Report.pdf%22&X-Amz-Content-Sha256=UNSIGNED-PAYLOAD&X-Amz-Algorithm=AWS4-HMAC-SHA256&X-Amz-Credential=AKIAYUBLFC5TP3LJIQ5H%2F20251003%2Fus-east-1%2Fs3%2Faws4_request&X-Amz-Date=20251003T135050Z&X-Amz-SignedHeaders=host&X-Amz-Expires=28800&X-Amz-Signature=5413c961e213ddcf5f720127f6bf0f0d87dcb62cb359a6d8d887040706a5c47f', 'name': '_254722959368_DOMINIC_GACHANJA_MATIRI_16-08-2025_12_38_Full_MPESA_Report.pdf'}, {'file_id': 8778811, 's3_link': 'https://loandisk-borrowers.s3.amazonaws.com/PHOENIX%20CAPITAL%20LIMITED%20APPRAISAL%20CALCULATOR%20-%20Dominic%20Gachanja-12365115.xlsx?response-content-disposition=attachment%3B%20filename%3D%22PHOENIX%2520CAPITAL%2520LIMITED%2520APPRAISAL%2520CALCULATOR%2520-%2520Dominic%2520Gachanja.xlsx%22&X-Amz-Content-Sha256=UNSIGNED-PAYLOAD&X-Amz-Algorithm=AWS4-HMAC-SHA256&X-Amz-Credential=AKIAYUBLFC5TP3LJIQ5H%2F20251003%2Fus-east-1%2Fs3%2Faws4_request&X-Amz-Date=20251003T135050Z&X-Amz-SignedHeaders=host&X-Amz-Expires=28800&X-Amz-Signature=05ccc2b4df42dc3e029e773fec3c9f25dd7f2577e51c030583b22ab29d0addc2', 'name': 'PHOENIX CAPITAL LIMITED APPRAISAL CALCULATOR - Dominic Gachanja.xlsx'}, {'file_id': 8818461, 's3_link': 'https://loandisk-borrowers.s3.amazonaws.com/DOMINIC%20GACHANJA%20MATIRI%20OFFER%20LETTER-12420429.pdf?response-content-disposition=attachment%3B%20filename%3D%22DOMINIC%2520GACHANJA%2520MATIRI%2520OFFER%2520LETTER.pdf%22&X-Amz-Content-Sha256=UNSIGNED-PAYLOAD&X-Amz-Algorithm=AWS4-HMAC-SHA256&X-Amz-Credential=AKIAYUBLFC5TP3LJIQ5H%2F20251003%2Fus-east-1%2Fs3%2Faws4_request&X-Amz-Date=20251003T135050Z&X-Amz-SignedHeaders=host&X-Amz-Expires=28800&X-Amz-Signature=85ac2aea932dcf24fb85ddedd2c968f605a2b0872a28560af9349ec8a054f6d5', 'name': 'DOMINIC GACHANJA MATIRI OFFER LETTER.pdf'}, {'file_id': 8818462, 's3_link': 'https://loandisk-borrowers.s3.amazonaws.com/DOMINIC%20GACHANJA%20MATIRI%20LOAN%20FORM%20-12420428.pdf?response-content-disposition=attachment%3B%20filename%3D%22DOMINIC%2520GACHANJA%2520MATIRI%2520LOAN%2520FORM%2520.pdf%22&X-Amz-Content-Sha256=UNSIGNED-PAYLOAD&X-Amz-Algorithm=AWS4-HMAC-SHA256&X-Amz-Credential=AKIAYUBLFC5TP3LJIQ5H%2F20251003%2Fus-east-1%2Fs3%2Faws4_request&X-Amz-Date=20251003T135050Z&X-Amz-SignedHeaders=host&X-Amz-Expires=28800&X-Amz-Signature=704432c7b23ba2ee9e85a1d8ba489a638c8874eb7665b96622a63a5fb70a5e5b', 'name': 'DOMINIC GACHANJA MATIRI LOAN FORM .pdf'}]",https://loandisk-borrowers-photo-thumbnails.s3.amazonaws.com/68a050a4e6efc-12364960.jpg?X-Amz-Content-Sha256=UNSIGNED-PAYLOAD&X-Amz-Algorithm=AWS4-HMAC-SHA256&X-Amz-Credential=AKIAYUBLFC5TP3LJIQ5H%2F20251003%2Fus-east-1%2Fs3%2Faws4_request&X-Amz-Date=20251003T135050Z&X-Amz-SignedHeaders=host&X-Amz-Expires=28800&X-Amz-Signature=4aef67ab36d78da5605fd98547aa89fa3a2766c5f91c6b4af901810fb7d5e9ca,"[{'file_id': 8818468, 's3_link': 'https://loandisk-loans.s3.amazonaws.com/DOMINIC%20GACHANJA%20MATIRI%20LOAN%20FORM%20-12420439.pdf?response-content-disposition=attachment%3B%20filename%3D%22DOMINIC%2520GACHANJA%2520MATIRI%2520LOAN%2520FORM%2520.pdf%22&X-Amz-Content-Sha256=UNSIGNED-PAYLOAD&X-Amz-Algorithm=AWS4-HMAC-SHA256&X-Amz-Credential=AKIAYUBLFC5TP3LJIQ5H%2F20251003%2Fus-east-1%2Fs3%2Faws4_request&X-Amz-Date=20251003T135050Z&X-Amz-SignedHeaders=host&X-Amz-Expires=28800&X-Amz-Signature=f715ecc27b9a407147f9acc47f3546d24efce2bbbd67e526577fef7a992bb4e1', 'name': 'DOMINIC GACHANJA MATIRI LOAN FORM .pdf'}, {'file_id': 8818469, 's3_link': 'https://loandisk-loans.s3.amazonaws.com/DOMINIC%20GACHANJA%20MATIRI%20OFFER%20LETTER-12420440.pdf?response-content-disposition=attachment%3B%20filename%3D%22DOMINIC%2520GACHANJA%2520MATIRI%2520OFFER%2520LETTER.pdf%22&X-Amz-Content-Sha256=UNSIGNED-PAYLOAD&X-Amz-Algorithm=AWS4-HMAC-SHA256&X-Amz-Credential=AKIAYUBLFC5TP3LJIQ5H%2F20251003%2Fus-east-1%2Fs3%2Faws4_request&X-Amz-Date=20251003T135050Z&X-Amz-SignedHeaders=host&X-Amz-Expires=28800&X-Amz-Signature=f4a3c7de6197c40f882472839fac44311f97af98fd08f49e509df310969f9bb7', 'name': 'DOMINIC GACHANJA MATIRI OFFER LETTER.pdf'}, {'file_id': 8818470, 's3_link': 'https://loandisk-loans.s3.amazonaws.com/DOMINIC%20GACHANJA%20MATIRI%20DOCUMENTS-12420438.pdf?response-content-disposition=attachment%3B%20filename%3D%22DOMINIC%2520GACHANJA%2520MATIRI%2520DOCUMENTS.pdf%22&X-Amz-Content-Sha256=UNSIGNED-PAYLOAD&X-Amz-Algorithm=AWS4-HMAC-SHA256&X-Amz-Credential=AKIAYUBLFC5TP3LJIQ5H%2F20251003%2Fus-east-1%2Fs3%2Faws4_request&X-Amz-Date=20251003T135050Z&X-Amz-SignedHeaders=host&X-Amz-Expires=28800&X-Amz-Signature=cee1d25374c427c2de1b1c774187aeae6ebb26f6805a4ee9cfe1b0812eeb754d', 'name': 'DOMINIC GACHANJA MATIRI DOCUMENTS.pdf'}]",Judy Wangu,29649 - Samson Namale,55886
9103690,300334,6270322,3275707,27996,120000.00,19200.00,28/08/2025,flat_rate,percentage,Month,4.0000,Months,4,3,4,0.00,round_off_to_two_decimal,,,,,,,,,,,,,,,,,,,,,,,,,,,,153090.00,39312,378.0,39690.0,30000.0,4800.0,3000.0,1890.0,5,120000.0,19200.0,12000.0,1890.0,[],153090.00,28/12/2025,0.00,5,,0,,0,,0,,0,,0,,0,,0,,0,,0,,0,,0,distribute_fees_evenly,12000.00,0,0,0,0,0,0,0,0,0,0,0,0.00,1,,,,"[{'id': 'custom_field_23347', 'name': 'Sales Person'}, {'id': 'custom_field_23167', 'name': 'National ID'}, {'id': 'custom_field_23348', 'name': 'Sales Person(Agent/TL/RO)'}]",KE,Willis,Omondi Onduru,CHRISTINE ONE LOGISTICS,LR-2025-03-10004,Male,1,0721407955,ondurusakwa@gmail.com,01/01/1978,GATE B FEDHA,Nairobi,Nairobi,,0717903055,Owner,,67c9456a44a79-10713629.jpeg,,,[39213],20531069,clement,"[{'file_id': 7650697, 's3_link': 'https://loandisk-borrowers.s3.amazonaws.com/WILLIS%20KRA%20PIN%20%26%20ID%20COPY-10713624.pdf?response-content-disposition=attachment%3B%20filename%3D%22WILLIS%2520KRA%2520PIN%2520%2526%2520ID%2520COPY.pdf%22&X-Amz-Content-Sha256=UNSIGNED-PAYLOAD&X-Amz-Algorithm=AWS4-HMAC-SHA256&X-Amz-Credential=AKIAYUBLFC5TP3LJIQ5H%2F20251003%2Fus-east-1%2Fs3%2Faws4_request&X-Amz-Date=20251003T135050Z&X-Amz-SignedHeaders=host&X-Amz-Expires=28800&X-Amz-Signature=f5853f5bdf34fcb1b9575a5eac27954b998af9716a62e51daf7dcc650c2a7c7d', 'name': 'WILLIS KRA PIN & ID COPY.pdf'}]",https://loandisk-borrowers-photo-thumbnails.s3.amazonaws.com/67c9456a44a79-10713629.jpeg?X-Amz-Content-Sha256=UNSIGNED-PAYLOAD&X-Amz-Algorithm=AWS4-HMAC-SHA256&X-Amz-Credential=AKIAYUBLFC5TP3LJIQ5H%2F20251003%2Fus-east-1%2Fs3%2Faws4_request&X-Amz-Date=20251003T135050Z&X-Amz-SignedHeaders=host&X-Amz-Expires=28800&X-Amz-Signature=b6c459cbc55a8ed936f6b29526cc561240e66181fa05ab1846aa375c0cc7b272,"[{'file_id': 8991834, 's3_link': 'https://loandisk-loans.s3.amazonaws.com/WILLIS%20ONDURU-OFFER%20LETTER-12677477.pdf?response-content-disposition=attachment%3B%20filename%3D%22WILLIS%2520ONDURU-OFFER%2520LETTER.pdf%22&X-Amz-Content-Sha256=UNSIGNED-PAYLOAD&X-Amz-Algorithm=AWS4-HMAC-SHA256&X-Amz-Credential=AKIAYUBLFC5TP3LJIQ5H%2F20251003%2Fus-east-1%2Fs3%2Faws4_request&X-Amz-Date=20251003T135050Z&X-Amz-SignedHeaders=host&X-Amz-Expires=28800&X-Amz-Signature=c2995d17d47786ae14252abb577685493a0b3b6f8f555307dafa0dec334235fa', 'name': 'WILLIS ONDURU-OFFER LETTER.pdf'}]",Clement Lukoye,,55886
6226884,36826,3662869,57134,27996,268280.28,253524.86,04/04/2024,flat_rate,percentage,Month,13.5000,Months,7,10,1,0.00,round_off_to_two_decimal,,,,,,,,,,,,,,,,,,,,,,,,,,,,534805.14,499305.14,0,499305.14,268280.28,231024.86,0.0,0.0,333,268280.28,231024.86,0.0,0.0,"[{'loan_id': 6018190}, {'loan_id': 5547918}, {'loan_id': 5403593}]",509305.14,04/11/2024,25500.00,6,charge_fees_on_last_repayment,3000.00,,0,,0,,0,,0,,0,,0,,0,,0,,0,,0,dont_include,10000.00,0,0,0,0,0,0,0,0,0,0,1,0.00,1,,,,"[{'id': 'custom_field_23347', 'name': 'Sales Person'}, {'id': 'custom_field_23167', 'name': 'National ID'}, {'id': 'custom_field_23348', 'name': 'Sales Person(Agent/TL/RO)'}]",KE,Isaac,Kingathia Wachira,UNITY ONE TRANSPORTERS,13543779,Male,1,0725450925,Isaacjuatechcargo@gmail.com,07/08/1975,UTAWALA KINCAR TSAVO COART,Nairobi,Nairobi,,0720200806,Owner,,6458bb5a7e82e-5217708.jpeg,,,[97469],13543779,-,,https://loandisk-borrowers-photo-thumbnails.s3.amazonaws.com/6458bb5a7e82e-5217708.jpeg?X-Amz-Content-Sha256=UNSIGNED-PAYLOAD&X-Amz-Algorithm=AWS4-HMAC-SHA256&X-Amz-Credential=AKIAYUBLFC5TP3LJIQ5H%2F20251003%2Fus-east-1%2Fs3%2Faws4_request&X-Amz-Date=20251003T135053Z&X-Amz-SignedHeaders=host&X-Amz-Expires=28800&X-Amz-Signature=e35c16ebcd72b4e9b526a1e1049d2c144b2c9af2dd7a4a333dbb02084f368175,,anne,,12936
6736350,36826,4519608,57533,27999,360000.00,324000.00,31/07/2024,flat_rate,percentage,Month,5.0000,Months,18,3,18,0.00,round_off_to_two_decimal,,,,,,,,,,,,,,,,,,,,,,,,,,,,1107869.88,770032.0,42702.88,812734.88,240288.16,209151.84,27500.0,335794.88,337,320288.16000000003,281151.83999999997,78000.0,335794.88,[],1015234.88,31/01/2026,92635.00,5,,0,,0,,0,,0,,0,,0,,0,charge_fees_on_last_repayment,40500.00,,0,,0,,0,distribute_fees_evenly,45000.00,0,0,0,0,0,0,0,0,0,0,0,0.00,1,,,,"[{'id': 'custom_field_23167', 'name': 'National ID'}, {'id': 'custom_field_23348', 'name': 'Sales Person(Agent/TL/RO)'}]",KE,Peter,Maina Waiganjo,DALAMARE DIARIES,36591996,Male,1,0722443507,waiganjomp@gmail.com,12/12/1962,UMOJA  PCEA CHURCH,Nairobi,Nairobi,,0722325452,Owner,,64f09a7f833ba-6155112.jpeg,,,[97469],36591996,-,"[{'file_id': 4502204, 's3_link': 'https://loandisk-borrowers.s3.amazonaws.com/WAIGANJO%20KRA0353-6155110.pdf?response-content-disposition=attachment%3B%20filename%3D%22WAIGANJO%2520KRA0353.pdf%22&X-Amz-Content-Sha256=UNSIGNED-PAYLOAD&X-Amz-Algorithm=AWS4-HMAC-SHA256&X-Amz-Credential=AKIAYUBLFC5TP3LJIQ5H%2F20251003%2Fus-east-1%2Fs3%2Faws4_request&X-Amz-Date=20251003T135053Z&X-Amz-SignedHeaders=host&X-Amz-Expires=28800&X-Amz-Signature=1f77cbb3dbc85148ad409d70287826a117902b2a5f232be35f9e866ab6328328', 'name': 'WAIGANJO KRA0353.pdf'}, {'file_id': 4502205, 's3_link': 'https://loandisk-borrowers.s3.amazonaws.com/WAIGANJO%20ID0352-6155111.pdf?response-content-disposition=attachment%3B%20filename%3D%22WAIGANJO%2520ID0352.pdf%22&X-Amz-Content-Sha256=UNSIGNED-PAYLOAD&X-Amz-Algorithm=AWS4-HMAC-SHA256&X-Amz-Credential=AKIAYUBLFC5TP3LJIQ5H%2F20251003%2Fus-east-1%2Fs3%2Faws4_request&X-Amz-Date=20251003T135053Z&X-Amz-SignedHeaders=host&X-Amz-Expires=28800&X-Amz-Signature=ae153c45290291f302b5f058ab1644727d4116ceb9e9d43b5191f4af14426ea9', 'name': 'WAIGANJO ID0352.pdf'}]",https://loandisk-borrowers-photo-thumbnails.s3.amazonaws.com/64f09a7f833ba-6155112.jpeg?X-Amz-Content-Sha256=UNSIGNED-PAYLOAD&X-Amz-Algorithm=AWS4-HMAC-SHA256&X-Amz-Credential=AKIAYUBLFC5TP3LJIQ5H%2F20251003%2Fus-east-1%2Fs3%2Faws4_request&X-Amz-Date=20251003T135053Z&X-Amz-SignedHeaders=host&X-Amz-Expires=28800&X-Amz-Signature=dba56e1981d91fbb9a1a14d42609abacf3ed10670ac2c7bc86a31d1e695ff58a,"[{'file_id': 6293840, 's3_link': 'https://loandisk-loans.s3.amazonaws.com/ilovepdf_merged%20%2827%29-8727370.pdf?response-content-disposition=attachment%3B%20filename%3D%22ilovepdf_merged%2520%252827%2529.pdf%22&X-Amz-Content-Sha256=UNSIGNED-PAYLOAD&X-Amz-Algorithm=AWS4-HMAC-SHA256&X-Amz-Credential=AKIAYUBLFC5TP3LJIQ5H%2F20251003%2Fus-east-1%2Fs3%2Faws4_request&X-Amz-Date=20251003T135053Z&X-Amz-SignedHeaders=host&X-Amz-Expires=28800&X-Amz-Signature=ef1a196fb3c2e7cdc785c0325747040ebc2a38c483368be7befc298260b411ac', 'name': 'ilovepdf_merged (27).pdf'}, {'file_id': 6712967, 's3_link': 'https://loandisk-loans.s3.amazonaws.com/DEMAND%20LETTER%20-%20PETER%20MAINA%20WAIGANJO%20-9339577.pdf?response-content-disposition=attachment%3B%20filename%3D%22DEMAND%2520LETTER%2520-%2520PETER%2520MAINA%2520WAIGANJO%2520.pdf%22&X-Amz-Content-Sha256=UNSIGNED-PAYLOAD&X-Amz-Algorithm=AWS4-HMAC-SHA256&X-Amz-Credential=AKIAYUBLFC5TP3LJIQ5H%2F20251003%2Fus-east-1%2Fs3%2Faws4_request&X-Amz-Date=20251003T135053Z&X-Amz-SignedHeaders=host&X-Amz-Expires=28800&X-Amz-Signature=fe34deafb462a270364689650a99cbc0547e9909d97f9b64f155fc6aa653bf41', 'name': 'DEMAND LETTER - PETER MAINA WAIGANJO .pdf'}]",,,12936
7100075,36826,3047338,57716,27999,50000.00,15000.00,02/10/2024,flat_rate,percentage,Month,15.0000,Months,2,3,2,0.00,round_off_to_two_decimal,,,,,,,,,,,,,,,,,,,,,,,,,,,,246200.00,246200.0,0,246200.0,50000.0,15000.0,21950.0,159250.0,335,50000.0,15000.0,21950.0,159250.0,[],246200.00,02/12/2024,0.00,6,,0,,0,,0,,0,,0,,0,,0,,0,charge_fees_on_last_repayment,21950.00,,0,,0,,0,0,0,0,0,0,0,0,0,0,0,0,0.00,1,,,,"[{'id': 'custom_field_23167', 'name': 'National ID'}, {'id': 'custom_field_23348', 'name': 'Sales Person(Agent/TL/RO)'}]",KE,Jason,Mochoge Mairura,Mwangi & Kamwara Associates,31842332,Male,1,0757966468,jasonmairura@gmail.com,29/05/1994,Fedha -Riverbank,Nairobi,,,0728549786/0740838979,Private Sector Employee,,63933bdfb1f07-4223012.jpeg,,,[97469],31842332,-,,https://loandisk-borrowers-photo-thumbnails.s3.amazonaws.com/63933bdfb1f07-4223012.jpeg?X-Amz-Content-Sha256=UNSIGNED-PAYLOAD&X-Amz-Algorithm=AWS4-HMAC-SHA256&X-Amz-Credential=AKIAYUBLFC5TP3LJIQ5H%2F20251003%2Fus-east-1%2Fs3%2Faws4_request&X-Amz-Date=20251003T135054Z&X-Amz-SignedHeaders=host&X-Amz-Expires=28800&X-Amz-Signature=2a2fe9270faa25b95838054466de85ce7479d665e28103049d2de6fec58c2c31,"[{'file_id': 6677291, 's3_link': 'https://loandisk-loans.s3.amazonaws.com/JASON%20MOCHOGE-9286933.pdf?response-content-disposition=attachment%3B%20filename%3D%22JASON%2520MOCHOGE.pdf%22&X-Amz-Content-Sha256=UNSIGNED-PAYLOAD&X-Amz-Algorithm=AWS4-HMAC-SHA256&X-Amz-Credential=AKIAYUBLFC5TP3LJIQ5H%2F20251003%2Fus-east-1%2Fs3%2Faws4_request&X-Amz-Date=20251003T135054Z&X-Amz-SignedHeaders=host&X-Amz-Expires=28800&X-Amz-Signature=5206680a56b24fe7ef02b398df628cdb63e9da52406c66c37ce8b6bec01b6511', 'name': 'JASON MOCHOGE.pdf'}]",,,12936
7113936,36826,3047338,57723,27999,137000.00,41100.00,04/10/2024,flat_rate,percentage,Month,15.0000,Months,2,3,2,0.00,round_off_to_two_decimal,,,,,,,,,,,,,,,,,,,,,,,,,,,,647705.00,647705.0,0,647705.0,137000.0,41100.0,36000.0,433605.0,333,137000.0,41100.0,36000.0,433605.0,[],647705.00,04/12/2024,0.00,6,,0,,0,,0,,0,,0,,0,,0,,0,charge_fees_on_last_repayment,30000.00,,0,,0,charge_fees_on_last_repayment,6000.00,0,0,0,0,0,0,0,0,0,0,0,0.00,1,,,,"[{'id': 'custom_field_23167', 'name': 'National ID'}, {'id': 'custom_field_23348', 'name': 'Sales Person(Agent/TL/RO)'}]",KE,Jason,Mochoge Mairura,Mwangi & Kamwara Associates,31842332,Male,1,0757966468,jasonmairura@gmail.com,29/05/1994,Fedha -Riverbank,Nairobi,,,0728549786/0740838979,Private Sector Employee,,63933bdfb1f07-4223012.jpeg,,,[97469],31842332,-,,https://loandisk-borrowers-photo-thumbnails.s3.amazonaws.com/63933bdfb1f07-4223012.jpeg?X-Amz-Content-Sha256=UNSIGNED-PAYLOAD&X-Amz-Algorithm=AWS4-HMAC-SHA256&X-Amz-Credential=AKIAYUBLFC5TP3LJIQ5H%2F20251003%2Fus-east-1%2Fs3%2Faws4_request&X-Amz-Date=20251003T135054Z&X-Amz-SignedHeaders=host&X-Amz-Expires=28800&X-Amz-Signature=2a2fe9270faa25b95838054466de85ce7479d665e28103049d2de6fec58c2c31,,,,12936
7209784,36826,5766598,57761,27996,450000.00,67500.00,20/10/2024,flat_rate,percentage,Month,15.0000,Months,1,3,1,0.00,round_off_to_two_decimal,,,,,,,,,,,,,,,,,,,,,,,,,,,,1939500.00,1939500.0,0,1939500.0,450000.0,67500.0,0.0,1422000.0,317,450000.0,67500.0,0.0,1422000.0,[{'loan_id': 7030473}],1939500.00,20/11/2024,0.00,6,,0,,0,,0,,0,,0,,0,,0,,0,,0,,0,charge_fees_on_last_repayment,0.00,,0,0,0,0,0,0,0,0,0,0,0,0,0.00,1,,,,"[{'id': 'custom_field_23167', 'name': 'National ID'}, {'id': 'custom_field_23348', 'name': 'Sales Person(Agent/TL/RO)'}]",KE,Haron,Ndishu Mbugua,,22295976,Male,1,0721165709,mbuguaharry24@gmail.com,01/01/1978,NAKURU,Nairobi,Nairobi,,0725300673,Owner,,66f2695d27121-9186215.jpeg,,,[97469],22295976,Cecilia Mackson,"[{'file_id': 6610126, 's3_link': 'https://loandisk-borrowers.s3.amazonaws.com/Image%20%2815%29%20%283%29-9186208.pdf?response-content-disposition=attachment%3B%20filename%3D%22Image%2520%252815%2529%2520%25283%2529.pdf%22&X-Amz-Content-Sha256=UNSIGNED-PAYLOAD&X-Amz-Algorithm=AWS4-HMAC-SHA256&X-Amz-Credential=AKIAYUBLFC5TP3LJIQ5H%2F20251003%2Fus-east-1%2Fs3%2Faws4_request&X-Amz-Date=20251003T135054Z&X-Amz-SignedHeaders=host&X-Amz-Expires=28800&X-Amz-Signature=11e7dc5f33b5d665fcf17669052a16e744c1c5e62f9e4667a12bafb67f4db6ef', 'name': 'Image (15) (3).pdf'}]",https://loandisk-borrowers-photo-thumbnails.s3.amazonaws.com/66f2695d27121-9186215.jpeg?X-Amz-Content-Sha256=UNSIGNED-PAYLOAD&X-Amz-Algorithm=AWS4-HMAC-SHA256&X-Amz-Credential=AKIAYUBLFC5TP3LJIQ5H%2F20251003%2Fus-east-1%2Fs3%2Faws4_request&X-Amz-Date=20251003T135054Z&X-Amz-SignedHeaders=host&X-Amz-Expires=28800&X-Amz-Signature=a9b0721f9a432938dc6830f18756c41e07d1999a00615ebcca08129a9bbf2834,,,,12936
7265471,36826,3047338,57795,27996,41000.00,6150.00,30/10/2024,flat_rate,percentage,Month,15.0000,Months,1,3,1,0.00,round_off_to_two_decimal,,,,,,,,,,,,,,,,,,,,,,,,,,,,172610.00,172610.0,0,172610.0,41000.0,6150.0,0.0,125460.0,307,41000.0,6150.0,0.0,125460.0,[{'loan_id': 7088274}],172610.00,30/11/2024,0.00,6,,0,,0,,0,,0,,0,,0,,0,,0,,0,,0,,0,,0,0,0,0,0,0,0,0,0,0,0,0,0.00,1,,,,"[{'id': 'custom_field_23167', 'name': 'National ID'}, {'id': 'custom_field_23348', 'name': 'Sales Person(Agent/TL/RO)'}]",KE,Jason,Mochoge Mairura,Mwangi & Kamwara Associates,31842332,Male,1,0757966468,jasonmairura@gmail.com,29/05/1994,Fedha -Riverbank,Nairobi,,,0728549786/0740838979,Private Sector Employee,,63933bdfb1f07-4223012.jpeg,,,[97469],31842332,-,,https://loandisk-borrowers-photo-thumbnails.s3.amazonaws.com/63933bdfb1f07-4223012.jpeg?X-Amz-Content-Sha256=UNSIGNED-PAYLOAD&X-Amz-Algorithm=AWS4-HMAC-SHA256&X-Amz-Credential=AKIAYUBLFC5TP3LJIQ5H%2F20251003%2Fus-east-1%2Fs3%2Faws4_request&X-Amz-Date=20251003T135054Z&X-Amz-SignedHeaders=host&X-Amz-Expires=28800&X-Amz-Signature=2a2fe9270faa25b95838054466de85ce7479d665e28103049d2de6fec58c2c31,,,,12936
7300623,36826,5155076,57810,27996,118200.00,53190.00,01/10/2024,flat_rate,percentage,Month,15.0000,Months,3,3,3,0.00,round_off_to_two_decimal,,,,,,,,,,,,,,,,,,,,,,,,,,,,536324.00,536324.0,0,536324.0,118200.0,53190.0,6000.0,358934.0,336,118200.0,53190.0,6000.0,358934.0,[{'loan_id': 6735798}],536324.00,01/01/2025,0.00,6,,0,,0,,0,,0,,0,,0,,0,,0,,0,,0,,0,charge_fees_on_last_repayment,6000.00,0,0,0,0,0,0,0,0,0,0,0,0.00,1,,,,"[{'id': 'custom_field_23167', 'name': 'National ID'}, {'id': 'custom_field_23348', 'name': 'Sales Person(Agent/TL/RO)'}]",KE,Brooklyn,Odhiambo Oketch,TURTLE BAY,37452424,Male,1,0745547015,berlymigire@gmail.com,15/07/2000,GREENSPAN NEXT TO FISH FRIES PHASE 8 DELTA COURT HSE NO 394,Nairobi,Nairobi,,0722350825,,,65f031178010e-7543422.jpeg,,,[97469],37452424,-,"[{'file_id': 5458920, 's3_link': 'https://loandisk-borrowers.s3.amazonaws.com/Image%20%2811%29%20-%20Copy-7543410.jpg?response-content-disposition=attachment%3B%20filename%3D%22Image%2520%252811%2529%2520-%2520Copy.jpg%22&X-Amz-Content-Sha256=UNSIGNED-PAYLOAD&X-Amz-Algorithm=AWS4-HMAC-SHA256&X-Amz-Credential=AKIAYUBLFC5TP3LJIQ5H%2F20251003%2Fus-east-1%2Fs3%2Faws4_request&X-Amz-Date=20251003T135054Z&X-Amz-SignedHeaders=host&X-Amz-Expires=28800&X-Amz-Signature=68c265ee1fd8a32ad30b8d1e18d17c1eb3837ce4bccef841aecbff4fd55793e8', 'name': 'Image (11) - Copy.jpg'}, {'file_id': 5458921, 's3_link': 'https://loandisk-borrowers.s3.amazonaws.com/Image%20%2810%29%20-%20Copy-7543409.jpg?response-content-disposition=attachment%3B%20filename%3D%22Image%2520%252810%2529%2520-%2520Copy.jpg%22&X-Amz-Content-Sha256=UNSIGNED-PAYLOAD&X-Amz-Algorithm=AWS4-HMAC-SHA256&X-Amz-Credential=AKIAYUBLFC5TP3LJIQ5H%2F20251003%2Fus-east-1%2Fs3%2Faws4_request&X-Amz-Date=20251003T135054Z&X-Amz-SignedHeaders=host&X-Amz-Expires=28800&X-Amz-Signature=a18d6e0ecebeef00ab87670a6d05cfc863d8393bafbe0b3f0164ef4f7ae1f228', 'name': 'Image (10) - Copy.jpg'}]",https://loandisk-borrowers-photo-thumbnails.s3.amazonaws.com/65f031178010e-7543422.jpeg?X-Amz-Content-Sha256=UNSIGNED-PAYLOAD&X-Amz-Algorithm=AWS4-HMAC-SHA256&X-Amz-Credential=AKIAYUBLFC5TP3LJIQ5H%2F20251003%2Fus-east-1%2Fs3%2Faws4_request&X-Amz-Date=20251003T135054Z&X-Amz-SignedHeaders=host&X-Amz-Expires=28800&X-Amz-Signature=c6e9137906d0a634e8be687ea084c3d999bebe7a22f77e75e9dd666b45782699,,,,12936
7651703,36826,6053431,9384808,27996,300000.00,216000.00,04/01/2025,flat_rate,percentage,Month,4.0000,Months,18,3,18,0.00,round_off_to_two_decimal,,,,,,,,,,,,,,,,,,,,,,,,,,,,904520.00,436797.79000000004,1333.33,438131.12000000005,133333.36,96000.0,120464.42000000001,88333.34000000001,175,300000.0,216000.0,160186.66,88333.34,[{'loan_id': 7486462}],764520.00,04/07/2026,140000.00,5,,0,,0,,0,,0,,0,,0,,0,,0,,0,,0,distribute_fees_evenly,17500.00,distribute_fees_evenly,54000.00,0,0,0,0,0,0,0,0,0,0,0,0.00,1,,,,"[{'id': 'custom_field_23167', 'name': 'National ID'}, {'id': 'custom_field_23348', 'name': 'Sales Person(Agent/TL/RO)'}]",KE,Joel,Ombima Abwao,,29217100,Male,1,0718608170,jolinoconstruction@gmail.com,23/06/1991,UMOJA,Nairobi,Nairobi,,0705794266,,,6752abede589f-9894850.jpeg,,,[97469],292171100,-,"[{'file_id': 7095008, 's3_link': 'https://loandisk-borrowers.s3.amazonaws.com/JOEL%20ID-9894835.pdf?response-content-disposition=attachment%3B%20filename%3D%22JOEL%2520ID.pdf%22&X-Amz-Content-Sha256=UNSIGNED-PAYLOAD&X-Amz-Algorithm=AWS4-HMAC-SHA256&X-Amz-Credential=AKIAYUBLFC5TP3LJIQ5H%2F20251003%2Fus-east-1%2Fs3%2Faws4_request&X-Amz-Date=20251003T135054Z&X-Amz-SignedHeaders=host&X-Amz-Expires=28800&X-Amz-Signature=b205f0393cfcf3bbaf846d3ac593b97390f58cd464f528b180a6e193dd13000d', 'name': 'JOEL ID.pdf'}]",https://loandisk-borrowers-photo-thumbnails.s3.amazonaws.com/6752abede589f-9894850.jpeg?X-Amz-Content-Sha256=UNSIGNED-PAYLOAD&X-Amz-Algorithm=AWS4-HMAC-SHA256&X-Amz-Credential=AKIAYUBLFC5TP3LJIQ5H%2F20251003%2Fus-east-1%2Fs3%2Faws4_request&X-Amz-Date=20251003T135054Z&X-Amz-SignedHeaders=host&X-Amz-Expires=28800&X-Amz-Signature=4e5dfd9c16f1d0bb3cc8f6e39038cdaa7459b514deb68457b6724c66b42a0810,"[{'file_id': 7264864, 's3_link': 'https://loandisk-loans.s3.amazonaws.com/JOEL%20OMBIMA%20RESTRUCTURE-10142478.pdf?response-content-disposition=attachment%3B%20filename%3D%22JOEL%2520OMBIMA%2520RESTRUCTURE.pdf%22&X-Amz-Content-Sha256=UNSIGNED-PAYLOAD&X-Amz-Algorithm=AWS4-HMAC-SHA256&X-Amz-Credential=AKIAYUBLFC5TP3LJIQ5H%2F20251003%2Fus-east-1%2Fs3%2Faws4_request&X-Amz-Date=20251003T135054Z&X-Amz-SignedHeaders=host&X-Amz-Expires=28800&X-Amz-Signature=5ad33d005fb95222ffdfa579533d3c61331e55cc3a080f7b2c28e3ecb0134069', 'name': 'JOEL OMBIMA RESTRUCTURE.pdf'}]",,,12936
7658067,36826,5849492,9384811,27996,250000.00,75000.00,15/12/2024,flat_rate,percentage,Month,15.0000,Months,2,10,1,0.00,round_off_to_two_decimal,,,,,,,,,,,,,,,,,,,,,,,,,,,,897500.00,797500.0,0,797500.0,250000.0,75000.0,0.0,472500.0,230,250000.0,75000.0,0.0,472500.0,"[{'loan_id': 7404687}, {'loan_id': 7179575}]",797500.00,15/02/2025,100000.00,6,,0,,0,,0,,0,,0,,0,,0,,0,,0,,0,,0,,0,0,0,0,0,0,0,0,0,0,0,0,0.00,1,,,,"[{'id': 'custom_field_23167', 'name': 'National ID'}, {'id': 'custom_field_23348', 'name': 'Sales Person(Agent/TL/RO)'}]",KE,Rachael,Kamene Munywoki,JUREC COSMETIC,27506191,Female,2,0713195575,bonikioko@yahoo.com,13/03/2024,DONHOLM,Nairobi,Nairobi,,0704394373,Owner,,670f750024ad0-9401904.jpeg,,,[97469],27506191,-,"[{'file_id': 6756637, 's3_link': 'https://loandisk-borrowers.s3.amazonaws.com/RACHAEL%20KRA%20%26%20ID-9401893.pdf?response-content-disposition=attachment%3B%20filename%3D%22RACHAEL%2520KRA%2520%2526%2520ID.pdf%22&X-Amz-Content-Sha256=UNSIGNED-PAYLOAD&X-Amz-Algorithm=AWS4-HMAC-SHA256&X-Amz-Credential=AKIAYUBLFC5TP3LJIQ5H%2F20251003%2Fus-east-1%2Fs3%2Faws4_request&X-Amz-Date=20251003T135054Z&X-Amz-SignedHeaders=host&X-Amz-Expires=28800&X-Amz-Signature=85a7920d1796c5fb416a2a48a2c139f663d655bcb698702b660aecfcc1238d2e', 'name': 'RACHAEL KRA & ID.pdf'}]",https://loandisk-borrowers-photo-thumbnails.s3.amazonaws.com/670f750024ad0-9401904.jpeg?X-Amz-Content-Sha256=UNSIGNED-PAYLOAD&X-Amz-Algorithm=AWS4-HMAC-SHA256&X-Amz-Credential=AKIAYUBLFC5TP3LJIQ5H%2F20251003%2Fus-east-1%2Fs3%2Faws4_request&X-Amz-Date=20251003T135054Z&X-Amz-SignedHeaders=host&X-Amz-Expires=28800&X-Amz-Signature=40b1b2ab3f3ed84d205c0c738b22d0f5f68f490a4e438c8f64db79382a2d1d48,,,,12936
7793278,36826,4993977,3274829,27996,179250.00,57360.00,31/01/2025,flat_rate,percentage,Month,4.0000,Months,8,3,8,0.00,round_off_to_two_decimal,,,,,,,,,,,,,,,,,,,,,,,,,,,,289934.09,35827.090000000026,0,35827.090000000026,22406.25,7170.0,5802.720000000001,448.1199999999995,3,22406.25,7170.0,5802.720000000001,448.1199999999999,[],35827.09,30/09/2025,254107.00,6,,0,,0,,0,,0,,0,,0,,0,,0,,0,,0,distribute_fees_evenly,22425.00,distribute_fees_evenly,24000.00,0,0,0,0,0,0,0,0,0,0,0,0.00,1,,,,"[{'id': 'custom_field_23167', 'name': 'National ID'}]",KE,James,Njoroge Mburu,JAYS AUTO GARAGE,22673264,Male,1,0722447961,ajactam@gmail.com,16/06/1980,REDHILL NEXT TO SOVREIGN SUITES,Nairobi,Nairobi,,0202420290/0707967088/0717272023,Owner,,65b7af9927e54-7213717.jpeg,,,[40280],22673264,,"[{'file_id': 5224329, 's3_link': 'https://loandisk-borrowers.s3.amazonaws.com/Image%20%2814%29-7213713.jpg?response-content-disposition=attachment%3B%20filename%3D%22Image%2520%252814%2529.jpg%22&X-Amz-Content-Sha256=UNSIGNED-PAYLOAD&X-Amz-Algorithm=AWS4-HMAC-SHA256&X-Amz-Credential=AKIAYUBLFC5TP3LJIQ5H%2F20251003%2Fus-east-1%2Fs3%2Faws4_request&X-Amz-Date=20251003T135054Z&X-Amz-SignedHeaders=host&X-Amz-Expires=28800&X-Amz-Signature=696a4bff3534ca27bb7352d2678b6d55868d23072d7253f81fefebf1553e540a', 'name': 'Image (14).jpg'}, {'file_id': 5224330, 's3_link': 'https://loandisk-borrowers.s3.amazonaws.com/Image%20%2813%29-7213712.jpg?response-content-disposition=attachment%3B%20filename%3D%22Image%2520%252813%2529.jpg%22&X-Amz-Content-Sha256=UNSIGNED-PAYLOAD&X-Amz-Algorithm=AWS4-HMAC-SHA256&X-Amz-Credential=AKIAYUBLFC5TP3LJIQ5H%2F20251003%2Fus-east-1%2Fs3%2Faws4_request&X-Amz-Date=20251003T135054Z&X-Amz-SignedHeaders=host&X-Amz-Expires=28800&X-Amz-Signature=58ca2f0fd463ff438ac582aeb3ed14a39558f79455c38c1d17fff399cdcc447a', 'name': 'Image (13).jpg'}]",https://loandisk-borrowers-photo-thumbnails.s3.amazonaws.com/65b7af9927e54-7213717.jpeg?X-Amz-Content-Sha256=UNSIGNED-PAYLOAD&X-Amz-Algorithm=AWS4-HMAC-SHA256&X-Amz-Credential=AKIAYUBLFC5TP3LJIQ5H%2F20251003%2Fus-east-1%2Fs3%2Faws4_request&X-Amz-Date=20251003T135054Z&X-Amz-SignedHeaders=host&X-Amz-Expires=28800&X-Amz-Signature=986ce76af0a45a5c480030f67c47f38c6d418dcc9d315a61ab0b71a3ba5ec57f,"[{'file_id': 7428513, 's3_link': 'https://loandisk-loans.s3.amazonaws.com/JAMES%20NJOROGE%20MBURU-OFFER%20LETTER-10383662.pdf?response-content-disposition=attachment%3B%20filename%3D%22JAMES%2520NJOROGE%2520MBURU-OFFER%2520LETTER.pdf%22&X-Amz-Content-Sha256=UNSIGNED-PAYLOAD&X-Amz-Algorithm=AWS4-HMAC-SHA256&X-Amz-Credential=AKIAYUBLFC5TP3LJIQ5H%2F20251003%2Fus-east-1%2Fs3%2Faws4_request&X-Amz-Date=20251003T135054Z&X-Amz-SignedHeaders=host&X-Amz-Expires=28800&X-Amz-Signature=d71ace69b05a754717466522537abeebaacea14d8173e0bae79b8d0094b1a9cd', 'name': 'JAMES NJOROGE MBURU-OFFER LETTER.pdf'}]",,,12936
7850086,36826,6207606,3274862,182697,650000.00,97500.00,10/02/2025,flat_rate,percentage,Month,15.0000,Months,1,3,1,0.00,round_off_to_two_decimal,,,,,,,,,,,,,,,,,,,,,,,,,,,,2086500.00,2086500.0,0,2086500.0,650000.0,97500.0,0.0,1339000.0,207,650000.0,97500.0,0.0,1339000.0,[],2086500.00,10/03/2025,0.00,6,,0,,0,,0,,0,,0,,0,,0,,0,,0,,0,,0,,0,0,0,0,0,0,0,0,0,0,0,0,0.00,1,,,,"[{'id': 'custom_field_23167', 'name': 'National ID'}, {'id': 'custom_field_23348', 'name': 'Sales Person(Agent/TL/RO)'}]",KE,John,Otieno Udede,JOHNSON COSTRUCTION,36702380,Male,1,0112048399,mcudede@gmail.com,03/12/1997,LANGATA,Nairobi,Nairobi,,0735791588/0799836494,Owner,,67ac7816afb47-10484580.jpeg,,,[97469],36702380,Cecilia,"[{'file_id': 7503873, 's3_link': 'https://loandisk-borrowers.s3.amazonaws.com/JOHN%20UDEDE%20-ID%20%26%20KRA%20PIN-10493366.pdf?response-content-disposition=attachment%3B%20filename%3D%22JOHN%2520UDEDE%2520-ID%2520%2526%2520KRA%2520PIN.pdf%22&X-Amz-Content-Sha256=UNSIGNED-PAYLOAD&X-Amz-Algorithm=AWS4-HMAC-SHA256&X-Amz-Credential=AKIAYUBLFC5TP3LJIQ5H%2F20251003%2Fus-east-1%2Fs3%2Faws4_request&X-Amz-Date=20251003T135055Z&X-Amz-SignedHeaders=host&X-Amz-Expires=28800&X-Amz-Signature=a6be888c314227baf4b46c780b25169464e0155fbc24196a8b4655f0cc60d14d', 'name': 'JOHN UDEDE -ID & KRA PIN.pdf'}]",https://loandisk-borrowers-photo-thumbnails.s3.amazonaws.com/67ac7816afb47-10484580.jpeg?X-Amz-Content-Sha256=UNSIGNED-PAYLOAD&X-Amz-Algorithm=AWS4-HMAC-SHA256&X-Amz-Credential=AKIAYUBLFC5TP3LJIQ5H%2F20251003%2Fus-east-1%2Fs3%2Faws4_request&X-Amz-Date=20251003T135055Z&X-Amz-SignedHeaders=host&X-Amz-Expires=28800&X-Amz-Signature=3861d2ba80cb785bb371162463a4eacadbcacd75364948cfc62a13138134c430,"[{'file_id': 7503888, 's3_link': 'https://loandisk-loans.s3.amazonaws.com/JOHN%20UDEDE%20-LOAN%20FORMS-10493374.pdf?response-content-disposition=attachment%3B%20filename%3D%22JOHN%2520UDEDE%2520-LOAN%2520FORMS.pdf%22&X-Amz-Content-Sha256=UNSIGNED-PAYLOAD&X-Amz-Algorithm=AWS4-HMAC-SHA256&X-Amz-Credential=AKIAYUBLFC5TP3LJIQ5H%2F20251003%2Fus-east-1%2Fs3%2Faws4_request&X-Amz-Date=20251003T135055Z&X-Amz-SignedHeaders=host&X-Amz-Expires=28800&X-Amz-Signature=097caed4b0578bfe4a4995411dfc2356887ef82302923d51642fbb6443b55f5e', 'name': 'JOHN UDEDE -LOAN FORMS.pdf'}]",,,12936
8045629,36826,6290286,3275013,182697,780000.00,117000.00,12/03/2025,flat_rate,percentage,Month,15.0000,Months,1,3,1,0.00,round_off_to_two_decimal,,,,,,,,,,,,,,,,,,,,,,,,,,,,940200.00,160200.0,0,160200.0,0.0,117000.0,43200.0,0.0,174,0.0,117000.0,43200.0,0.0,[],160200.00,12/04/2025,780000.00,6,,0,,0,,0,,0,,0,,0,,0,,0,,0,,0,,0,charge_fees_on_first_repayment,3000.00,0,0,0,0,0,0,0,0,0,0,0,0.00,1,,,,"[{'id': 'custom_field_23347', 'name': 'Sales Person'}, {'id': 'custom_field_23167', 'name': 'National ID'}, {'id': 'custom_field_23348', 'name': 'Sales Person(Agent/TL/RO)'}]",KE,Rodgers,Ochieng' Obuya,TOURS AND TRAVEL,LR-2025-03-10008,Male,1,0725452160,rodgersochieng94@gmail.com,15/12/1994,BURUBURU,Nairobi,Nairobi,,0704536219,Employee,,67d3c25b60a04-10796212.jpeg,,,[97469],32736174,ERICK OWUOR,"[{'file_id': 7706748, 's3_link': 'https://loandisk-borrowers.s3.amazonaws.com/RODGERS%20OCHIENG-ID%20%26%20KRA%20PIN-10796181.pdf?response-content-disposition=attachment%3B%20filename%3D%22RODGERS%2520OCHIENG-ID%2520%2526%2520KRA%2520PIN.pdf%22&X-Amz-Content-Sha256=UNSIGNED-PAYLOAD&X-Amz-Algorithm=AWS4-HMAC-SHA256&X-Amz-Credential=AKIAYUBLFC5TP3LJIQ5H%2F20251003%2Fus-east-1%2Fs3%2Faws4_request&X-Amz-Date=20251003T135055Z&X-Amz-SignedHeaders=host&X-Amz-Expires=28800&X-Amz-Signature=6b136bd65a3b7b34554a6c515dc9d878ff0c481ed5d4ac9400fb0b8e6e500980', 'name': 'RODGERS OCHIENG-ID & KRA PIN.pdf'}]",https://loandisk-borrowers-photo-thumbnails.s3.amazonaws.com/67d3c25b60a04-10796212.jpeg?X-Amz-Content-Sha256=UNSIGNED-PAYLOAD&X-Amz-Algorithm=AWS4-HMAC-SHA256&X-Amz-Credential=AKIAYUBLFC5TP3LJIQ5H%2F20251003%2Fus-east-1%2Fs3%2Faws4_request&X-Amz-Date=20251003T135055Z&X-Amz-SignedHeaders=host&X-Amz-Expires=28800&X-Amz-Signature=74a9fbb067e7a5cee09bbb0cfcba15d1ecf1149e0d58e83c18c01184cd7996fe,"[{'file_id': 7707341, 's3_link': 'https://loandisk-loans.s3.amazonaws.com/RODGERS%20OCHIENG-%20LOAN%20FORMS-10796841.pdf?response-content-disposition=attachment%3B%20filename%3D%22RODGERS%2520OCHIENG-%2520LOAN%2520FORMS.pdf%22&X-Amz-Content-Sha256=UNSIGNED-PAYLOAD&X-Amz-Algorithm=AWS4-HMAC-SHA256&X-Amz-Credential=AKIAYUBLFC5TP3LJIQ5H%2F20251003%2Fus-east-1%2Fs3%2Faws4_request&X-Amz-Date=20251003T135055Z&X-Amz-SignedHeaders=host&X-Amz-Expires=28800&X-Amz-Signature=d744162f7ffbb982b4294842aeafc6437ac9bb8db7c3725b39b63f1e29fb18e0', 'name': 'RODGERS OCHIENG- LOAN FORMS.pdf'}]",Erick Owuor,,12936
8120356,36826,2803277,3275054,27996,125042.58,18756.39,10/03/2025,flat_rate,percentage,Month,15.0000,Months,1,3,1,0.00,round_off_to_two_decimal,,,,,,,,,,,,,,,,,,,,,,,,,,,,362624.22,362624.22,0,362624.22,125042.58,18756.39,0.0,218825.25,176,125042.58,18756.39,0.0,218825.25,"[{'loan_id': 7913577}, {'loan_id': 7658097}, {'loan_id': 7353477}, {'loan_id': 7014087}, {'loan_id': 6818079}, {'loan_id': 6381822}, {'loan_id': 6268131}, {'loan_id': 6003967}, {'loan_id': 5926424}, {'loan_id': 5753550}, {'loan_id': 5589299}, {'loan_id': 5484957}, {'loan_id': 5288754}, {'loan_id': 5188678}, {'loan_id': 4944619}]",362624.22,10/04/2025,0.00,6,,0,,0,,0,,0,,0,,0,,0,,0,,0,,0,,0,,0,0,0,0,0,0,0,0,0,0,0,0,0.00,1,,,,"[{'id': 'custom_field_23347', 'name': 'Sales Person'}, {'id': 'custom_field_23167', 'name': 'National ID'}, {'id': 'custom_field_23348', 'name': 'Sales Person(Agent/TL/RO)'}]",KE,Boniface,Kioko Mutinda,Bonve Africa Limited,30541028,Male,1,0704394373,bonikioko@yahoo.com,30/08/1992,Mowlem heights Estate (HNO 304D),Nairobi,,,0713195573,Owner,,6480587cb1498-5479191.jpeg,,,[97469],30541028,-,"[{'file_id': 2713101, 's3_link': 'https://loandisk-borrowers.s3.amazonaws.com/BONIFACE%20KIOKO%20MUTINDA20220830_10295241-3549784.pdf?response-content-disposition=attachment%3B%20filename%3D%22BONIFACE%2520KIOKO%2520MUTINDA20220830_10295241.pdf%22&X-Amz-Content-Sha256=UNSIGNED-PAYLOAD&X-Amz-Algorithm=AWS4-HMAC-SHA256&X-Amz-Credential=AKIAYUBLFC5TP3LJIQ5H%2F20251003%2Fus-east-1%2Fs3%2Faws4_request&X-Amz-Date=20251003T135055Z&X-Amz-SignedHeaders=host&X-Amz-Expires=28800&X-Amz-Signature=2901e5546c2f7b2399c1ada0ec14ddb978315de76cba5d3bab4d18028e29f2c7', 'name': 'BONIFACE KIOKO MUTINDA20220830_10295241.pdf'}, {'file_id': 2713102, 's3_link': 'https://loandisk-borrowers.s3.amazonaws.com/BONIFACE%20KIOKO%20MUTINDA20220830_10291504-3549786.pdf?response-content-disposition=attachment%3B%20filename%3D%22BONIFACE%2520KIOKO%2520MUTINDA20220830_10291504.pdf%22&X-Amz-Content-Sha256=UNSIGNED-PAYLOAD&X-Amz-Algorithm=AWS4-HMAC-SHA256&X-Amz-Credential=AKIAYUBLFC5TP3LJIQ5H%2F20251003%2Fus-east-1%2Fs3%2Faws4_request&X-Amz-Date=20251003T135055Z&X-Amz-SignedHeaders=host&X-Amz-Expires=28800&X-Amz-Signature=53e9b96114e924a8041e06a7acd63bce25cb3e0167b40141382bacb0377b5afc', 'name': 'BONIFACE KIOKO MUTINDA20220830_10291504.pdf'}]",https://loandisk-borrowers-photo-thumbnails.s3.amazonaws.com/6480587cb1498-5479191.jpeg?X-Amz-Content-Sha256=UNSIGNED-PAYLOAD&X-Amz-Algorithm=AWS4-HMAC-SHA256&X-Amz-Credential=AKIAYUBLFC5TP3LJIQ5H%2F20251003%2Fus-east-1%2Fs3%2Faws4_request&X-Amz-Date=20251003T135055Z&X-Amz-SignedHeaders=host&X-Amz-Expires=28800&X-Amz-Signature=5fce3f95a159e1909f301ad4f8d210434bdfadcc811cba3c7c8222576278def0,,Clement,,12936
8135816,36826,6339256,3275060,27996,660000.00,99000.00,28/03/2025,flat_rate,percentage,Month,15.0000,Months,1,3,1,0.00,round_off_to_two_decimal,,,,,,,,,,,,,,,,,,,,,,,,,,,,1173700.00,543700.0,0,543700.0,30000.0,99000.0,40000.0,374700.0,158,30000.0,99000.0,40000.0,374700.0,[],543700.00,28/04/2025,630000.00,6,,0,,0,,0,,0,,0,,0,,0,,0,,0,,0,,0,,0,0,0,0,0,0,0,0,0,0,0,0,0.00,1,,,,"[{'id': 'custom_field_23347', 'name': 'Sales Person'}, {'id': 'custom_field_23167', 'name': 'National ID'}, {'id': 'custom_field_23348', 'name': 'Sales Person(Agent/TL/RO)'}]",KE,Daisy,Chemutai Langata,HARDWARE/TRANSPORT,LR-2025-03-10017,Female,2,0723298608,daisylangat2019@gmail.com,01/01/1990,KANGUNDO ROAD-UMOJA2,Nairobi,Nairobi,,0723636079,,,,,,[97469],29284302,Erick Owuor,"[{'file_id': 7807900, 's3_link': 'https://loandisk-borrowers.s3.amazonaws.com/DAISY%20CHEMUTAI%20ID%20%26%20KRA%20PIN-10941245.pdf?response-content-disposition=attachment%3B%20filename%3D%22DAISY%2520CHEMUTAI%2520ID%2520%2526%2520KRA%2520PIN.pdf%22&X-Amz-Content-Sha256=UNSIGNED-PAYLOAD&X-Amz-Algorithm=AWS4-HMAC-SHA256&X-Amz-Credential=AKIAYUBLFC5TP3LJIQ5H%2F20251003%2Fus-east-1%2Fs3%2Faws4_request&X-Amz-Date=20251003T135055Z&X-Amz-SignedHeaders=host&X-Amz-Expires=28800&X-Amz-Signature=3debe7750841fabf5cd4909852109d3cdb8001e511ee22078604bbfe828654fd', 'name': 'DAISY CHEMUTAI ID & KRA PIN.pdf'}]",,"[{'file_id': 7807874, 's3_link': 'https://loandisk-loans.s3.amazonaws.com/DAISY%20CHEMUTAI-LOAN%20FORMS-10941207.pdf?response-content-disposition=attachment%3B%20filename%3D%22DAISY%2520CHEMUTAI-LOAN%2520FORMS.pdf%22&X-Amz-Content-Sha256=UNSIGNED-PAYLOAD&X-Amz-Algorithm=AWS4-HMAC-SHA256&X-Amz-Credential=AKIAYUBLFC5TP3LJIQ5H%2F20251003%2Fus-east-1%2Fs3%2Faws4_request&X-Amz-Date=20251003T135055Z&X-Amz-SignedHeaders=host&X-Amz-Expires=28800&X-Amz-Signature=4fa4ad901c86fd18862f2004e8202b60a3006ce046a99f0ec56d643a70418792', 'name': 'DAISY CHEMUTAI-LOAN FORMS.pdf'}]",Erick Owuor,,12936
8174321,36826,3086170,3275093,27996,136985.65,13698.57,23/03/2025,flat_rate,percentage,Month,10.0000,Months,1,12,1,0.00,round_off_to_two_decimal,,,,,,,,,,,,,,,,,,,,,,,,,,,,331505.74,301505.74,0,301505.74,136985.65,13698.57,0.0,150821.52,133,136985.65,13698.57,0.0,150821.52,"[{'loan_id': 8038419}, {'loan_id': 7882522}, {'loan_id': 7536636}, {'loan_id': 7289207}, {'loan_id': 6798732}, {'loan_id': 6619227}, {'loan_id': 6437348}, {'loan_id': 6365385}, {'loan_id': 6146265}, {'loan_id': 5985293}, {'loan_id': 5835390}, {'loan_id': 5693247}, {'loan_id': 5546876}, {'loan_id': 5404234}, {'loan_id': 5290729}, {'loan_id': 5046521}, {'loan_id': 4871000}, {'loan_id': 4743175}, {'loan_id': 4548320}, {'loan_id': 4424672}, {'loan_id': 4266018}, {'loan_id': 4128990}, {'loan_id': 3917830}, {'loan_id': 3794206}]",301505.74,23/05/2025,30000.00,6,,0,,0,,0,,0,,0,,0,,0,,0,,0,,0,,0,,0,0,0,0,0,0,0,0,0,0,0,0,0.00,1,,,,"[{'id': 'custom_field_23347', 'name': 'Sales Person'}, {'id': 'custom_field_23167', 'name': 'National ID'}, {'id': 'custom_field_23348', 'name': 'Sales Person(Agent/TL/RO)'}]",KE,John,Musembi Wambua,,13678338,Male,1,0721662885,musewambu@gmail.com,26/07/2022,18 Mlolongo,Nairobi,,,0722984645,,,,,,[97469],13678338,Samson Namale,"[{'file_id': 3274069, 's3_link': 'https://loandisk-borrowers.s3.amazonaws.com/ID%20COPY20221230_11503331%20%281%29-4311156.pdf?response-content-disposition=attachment%3B%20filename%3D%22ID%2520COPY20221230_11503331%2520%25281%2529.pdf%22&X-Amz-Content-Sha256=UNSIGNED-PAYLOAD&X-Amz-Algorithm=AWS4-HMAC-SHA256&X-Amz-Credential=AKIAYUBLFC5TP3LJIQ5H%2F20251003%2Fus-east-1%2Fs3%2Faws4_request&X-Amz-Date=20251003T135055Z&X-Amz-SignedHeaders=host&X-Amz-Expires=28800&X-Amz-Signature=ac4d4d19633c2be7bd3ac1e81ac0f657262568c7537369fbe388186265b9d00e', 'name': 'ID COPY20221230_11503331 (1).pdf'}, {'file_id': 3274070, 's3_link': 'https://loandisk-borrowers.s3.amazonaws.com/KRA%20PIN20221230_11451451%20%281%29-4311158.pdf?response-content-disposition=attachment%3B%20filename%3D%22KRA%2520PIN20221230_11451451%2520%25281%2529.pdf%22&X-Amz-Content-Sha256=UNSIGNED-PAYLOAD&X-Amz-Algorithm=AWS4-HMAC-SHA256&X-Amz-Credential=AKIAYUBLFC5TP3LJIQ5H%2F20251003%2Fus-east-1%2Fs3%2Faws4_request&X-Amz-Date=20251003T135055Z&X-Amz-SignedHeaders=host&X-Amz-Expires=28800&X-Amz-Signature=319263a0a5ef8137224d33a2a4f7930cd437770a4c114f562418608913be4694', 'name': 'KRA PIN20221230_11451451 (1).pdf'}]",,,Clement,,12936
8219707,253137,6370597,3275128,27999,773700.00,116055.00,11/04/2025,flat_rate,percentage,Month,15.0000,Months,1,3,1,0.00,round_off_to_two_decimal,,,,,,,,,,,,,,,,,,,,,,,,,,,,2083085.00,1483085.0,0,1483085.0,773700.0,116055.0,110150.0,483180.0,145,773700.0,116055.0,110150.0,483180.0,[],1483085.00,11/05/2025,600000.00,6,,0,,0,,0,,0,,0,,0,,0,,0,,0,,0,,0,,0,0,0,0,0,0,0,0,0,0,0,0,0.00,1,,,,"[{'id': 'custom_field_23347', 'name': 'Sales Person'}, {'id': 'custom_field_23167', 'name': 'National ID'}, {'id': 'custom_field_23348', 'name': 'Sales Person(Agent/TL/RO)'}]",KE,Dominic,Ndunda Nzioki,RETAIL & REPAIR,LR-2025-04-10020,Male,1,0720417247,dominicndunda22@gmail.com,22/12/1986,umoja III,Nairobi,Nairobi,,0794388917/0716015127,Owner,,67f8c9bab7d15-11073136.jpeg,,,[97469],25148496,Erick Owuor,"[{'file_id': 7904432, 's3_link': 'https://loandisk-borrowers.s3.amazonaws.com/DOMINIC%20NDUNDA%20ID%20%26%20KRA%20PIN-11089620.pdf?response-content-disposition=attachment%3B%20filename%3D%22DOMINIC%2520NDUNDA%2520ID%2520%2526%2520KRA%2520PIN.pdf%22&X-Amz-Content-Sha256=UNSIGNED-PAYLOAD&X-Amz-Algorithm=AWS4-HMAC-SHA256&X-Amz-Credential=AKIAYUBLFC5TP3LJIQ5H%2F20251003%2Fus-east-1%2Fs3%2Faws4_request&X-Amz-Date=20251003T135055Z&X-Amz-SignedHeaders=host&X-Amz-Expires=28800&X-Amz-Signature=70e8a6446fc1bdd6450b0f0c6609ca84c3d0f346e105ca6aeed1dc236fd09902', 'name': 'DOMINIC NDUNDA ID & KRA PIN.pdf'}]",https://loandisk-borrowers-photo-thumbnails.s3.amazonaws.com/67f8c9bab7d15-11073136.jpeg?X-Amz-Content-Sha256=UNSIGNED-PAYLOAD&X-Amz-Algorithm=AWS4-HMAC-SHA256&X-Amz-Credential=AKIAYUBLFC5TP3LJIQ5H%2F20251003%2Fus-east-1%2Fs3%2Faws4_request&X-Amz-Date=20251003T135055Z&X-Amz-SignedHeaders=host&X-Amz-Expires=28800&X-Amz-Signature=b89ce9c42e9aac35b86abc2cd94a420d40c435c56f79d94d3756996f003fbcbc,"[{'file_id': 7904689, 's3_link': 'https://loandisk-loans.s3.amazonaws.com/DOMINIC%20NDUNDA%20-LOAN%20FORMS-11089979.pdf?response-content-disposition=attachment%3B%20filename%3D%22DOMINIC%2520NDUNDA%2520-LOAN%2520FORMS.pdf%22&X-Amz-Content-Sha256=UNSIGNED-PAYLOAD&X-Amz-Algorithm=AWS4-HMAC-SHA256&X-Amz-Credential=AKIAYUBLFC5TP3LJIQ5H%2F20251003%2Fus-east-1%2Fs3%2Faws4_request&X-Amz-Date=20251003T135055Z&X-Amz-SignedHeaders=host&X-Amz-Expires=28800&X-Amz-Signature=5bbfddca4c076127c3ad6aecc98dac253b9420fcf7a292d4769643d48e3e42ad', 'name': 'DOMINIC NDUNDA -LOAN FORMS.pdf'}]",eric,,12936
8234417,253137,6294353,3275137,27996,300000.00,45000.00,13/04/2025,flat_rate,percentage,Month,15.0000,Months,1,3,1,0.00,round_off_to_two_decimal,,,,,,,,,,,,,,,,,,,,,,,,,,,,793500.00,793500.0,0,793500.0,300000.0,45000.0,34500.0,414000.0,143,300000.0,45000.0,34500.0,414000.0,[{'loan_id': 8056171}],793500.00,13/05/2025,0.00,6,,0,,0,,0,,0,,0,,0,,0,,0,,0,,0,,0,,0,0,0,0,0,0,0,0,0,0,0,0,0.00,1,,,,"[{'id': 'custom_field_23347', 'name': 'Sales Person'}, {'id': 'custom_field_23167', 'name': 'National ID'}, {'id': 'custom_field_23348', 'name': 'Sales Person(Agent/TL/RO)'}]",KE,Elizabeth,Mutindi King'ola,UNI SUPPLIES,LR-2025-03-10009,Female,2,0797517565,king'olaliz7.kl@gmail.com,22/01/1995,DONHOLM,Nairobi,Nairobi,,0729470055,Owner,,67d7c2622bd34-10816445.jpeg,,,[97469],33671889,Cecilia Mackson,"[{'file_id': 7720522, 's3_link': 'https://loandisk-borrowers.s3.amazonaws.com/ELIZABETH%20ID%20%26%20KRA%20PIN-10816442.pdf?response-content-disposition=attachment%3B%20filename%3D%22ELIZABETH%2520ID%2520%2526%2520KRA%2520PIN.pdf%22&X-Amz-Content-Sha256=UNSIGNED-PAYLOAD&X-Amz-Algorithm=AWS4-HMAC-SHA256&X-Amz-Credential=AKIAYUBLFC5TP3LJIQ5H%2F20251003%2Fus-east-1%2Fs3%2Faws4_request&X-Amz-Date=20251003T135055Z&X-Amz-SignedHeaders=host&X-Amz-Expires=28800&X-Amz-Signature=39f39559039625217b3ae2f80cb78dc32f117693c651370b59f10876656636f8', 'name': 'ELIZABETH ID & KRA PIN.pdf'}]",https://loandisk-borrowers-photo-thumbnails.s3.amazonaws.com/67d7c2622bd34-10816445.jpeg?X-Amz-Content-Sha256=UNSIGNED-PAYLOAD&X-Amz-Algorithm=AWS4-HMAC-SHA256&X-Amz-Credential=AKIAYUBLFC5TP3LJIQ5H%2F20251003%2Fus-east-1%2Fs3%2Faws4_request&X-Amz-Date=20251003T135055Z&X-Amz-SignedHeaders=host&X-Amz-Expires=28800&X-Amz-Signature=0c0912e7c9b2ef815145ec42616b927e5a383bdbdb08bf8b0c5dc3f63068d170,,anne,,12936
8263186,36826,6396070,3275158,27996,100000.00,45000.00,17/04/2025,flat_rate,percentage,Month,7.5000,Months,6,3,6,0.00,round_off_to_two_decimal,,,,,,,,,,,,,,,,,,,,,,,,,,,,219757.74,78999.42000000001,166.67,79166.09000000001,16666.670000000013,7500.0,52499.37,2500.05,25,33333.32000000001,15000.0,55499.37,2500.05,[],106332.74,17/10/2025,113425.00,5,,0,,0,,0,,0,,0,,0,,0,,0,,0,,0,,0,distribute_fees_evenly,18000.00,0,0,0,0,0,0,0,0,0,0,0,0.00,1,,,,"[{'id': 'custom_field_23347', 'name': 'Sales Person'}, {'id': 'custom_field_23167', 'name': 'National ID'}, {'id': 'custom_field_23348', 'name': 'Sales Person(Agent/TL/RO)'}]",KE,Stephen,Wanjohi Maina,TEXAS BUTCHERY,LR-2025-04-10028,Male,1,0712467155,mainasteve@gmail.com,16/06/1984,KOMAROCK,Nairobi,Nairobi,,0719520556,Owner,,68077991298a1-11149393.jpeg,,,[97555],25519054,Vincent Odede,"[{'file_id': 7946115, 's3_link': 'https://loandisk-borrowers.s3.amazonaws.com/STEPHEN%20ID%20%20KRA%20PIN-11149379.pdf?response-content-disposition=attachment%3B%20filename%3D%22STEPHEN%2520ID%2520%2520KRA%2520PIN.pdf%22&X-Amz-Content-Sha256=UNSIGNED-PAYLOAD&X-Amz-Algorithm=AWS4-HMAC-SHA256&X-Amz-Credential=AKIAYUBLFC5TP3LJIQ5H%2F20251003%2Fus-east-1%2Fs3%2Faws4_request&X-Amz-Date=20251003T135055Z&X-Amz-SignedHeaders=host&X-Amz-Expires=28800&X-Amz-Signature=0152d8a7c59611d606c47905f097fcf29725ec5c6f6d4992b2aef1bd54684649', 'name': 'STEPHEN ID  KRA PIN.pdf'}]",https://loandisk-borrowers-photo-thumbnails.s3.amazonaws.com/68077991298a1-11149393.jpeg?X-Amz-Content-Sha256=UNSIGNED-PAYLOAD&X-Amz-Algorithm=AWS4-HMAC-SHA256&X-Amz-Credential=AKIAYUBLFC5TP3LJIQ5H%2F20251003%2Fus-east-1%2Fs3%2Faws4_request&X-Amz-Date=20251003T135055Z&X-Amz-SignedHeaders=host&X-Amz-Expires=28800&X-Amz-Signature=e891296c94551c3950ae055388136b5b806450b3cbc377d9bb9e1851227164b8,"[{'file_id': 7946218, 's3_link': 'https://loandisk-loans.s3.amazonaws.com/STEPHEN%20WANJOHI-LOAN%20FORMS-11149509.pdf?response-content-disposition=attachment%3B%20filename%3D%22STEPHEN%2520WANJOHI-LOAN%2520FORMS.pdf%22&X-Amz-Content-Sha256=UNSIGNED-PAYLOAD&X-Amz-Algorithm=AWS4-HMAC-SHA256&X-Amz-Credential=AKIAYUBLFC5TP3LJIQ5H%2F20251003%2Fus-east-1%2Fs3%2Faws4_request&X-Amz-Date=20251003T135055Z&X-Amz-SignedHeaders=host&X-Amz-Expires=28800&X-Amz-Signature=f61dad5990e13ee1ea1b7fa0b73c651e1bc01a07df0f7d7f8343d5aff65bd09e', 'name': 'STEPHEN WANJOHI-LOAN FORMS.pdf'}]",Clement,,12936
8310760,36826,6422646,3275185,27996,100000.00,45000.00,25/04/2025,flat_rate,percentage,Month,7.5000,Months,6,3,6,0.00,round_off_to_two_decimal,,,,,,,,,,,,,,,,,,,,,,,,,,,,164895.68,9425.109999999986,88.92,9514.029999999986,8891.590000000011,0.0,0.0,622.4399999999999,8,25558.240000000005,7500.0,3000.0,622.44,[],36680.68,25/10/2025,128215.00,16,,0,,0,,0,,0,,0,,0,,0,,0,,0,,0,,0,distribute_fees_evenly,18000.00,0,0,0,0,0,0,0,0,0,0,0,0.00,1,,,,"[{'id': 'custom_field_23347', 'name': 'Sales Person'}, {'id': 'custom_field_23167', 'name': 'National ID'}, {'id': 'custom_field_23348', 'name': 'Sales Person(Agent/TL/RO)'}]",KE,Martin,Waweru Gichuhi,REAL ESTATE,LR-2025-04-10034,Male,1,0720595723,gichuhi23@gmail.com,30/08/1980,KASARANI-SUNTON,Nairobi,Nairobi,,0722307446,Owner,,680f2adfe64b4-11209007.jpeg,,,[97555],22723522,Josephine Kitonga,"[{'file_id': 7988100, 's3_link': 'https://loandisk-borrowers.s3.amazonaws.com/MARTIN%20WAWERU%20ID%20%26%20KRA%20PIN-11209003.pdf?response-content-disposition=attachment%3B%20filename%3D%22MARTIN%2520WAWERU%2520ID%2520%2526%2520KRA%2520PIN.pdf%22&X-Amz-Content-Sha256=UNSIGNED-PAYLOAD&X-Amz-Algorithm=AWS4-HMAC-SHA256&X-Amz-Credential=AKIAYUBLFC5TP3LJIQ5H%2F20251003%2Fus-east-1%2Fs3%2Faws4_request&X-Amz-Date=20251003T135056Z&X-Amz-SignedHeaders=host&X-Amz-Expires=28800&X-Amz-Signature=3b7992fd64498580a992c4abcaaf780e343eb46d956a22dd25c814804134f223', 'name': 'MARTIN WAWERU ID & KRA PIN.pdf'}]",https://loandisk-borrowers-photo-thumbnails.s3.amazonaws.com/680f2adfe64b4-11209007.jpeg?X-Amz-Content-Sha256=UNSIGNED-PAYLOAD&X-Amz-Algorithm=AWS4-HMAC-SHA256&X-Amz-Credential=AKIAYUBLFC5TP3LJIQ5H%2F20251003%2Fus-east-1%2Fs3%2Faws4_request&X-Amz-Date=20251003T135056Z&X-Amz-SignedHeaders=host&X-Amz-Expires=28800&X-Amz-Signature=61eaaf6a0f00ebb176ae2de83e73496c0bf47b80d3cecb09b28999aa794a1d04,"[{'file_id': 7988110, 's3_link': 'https://loandisk-loans.s3.amazonaws.com/MARTIN%20WAWERU%20-LOAN%20FORMS-11209011.pdf?response-content-disposition=attachment%3B%20filename%3D%22MARTIN%2520WAWERU%2520-LOAN%2520FORMS.pdf%22&X-Amz-Content-Sha256=UNSIGNED-PAYLOAD&X-Amz-Algorithm=AWS4-HMAC-SHA256&X-Amz-Credential=AKIAYUBLFC5TP3LJIQ5H%2F20251003%2Fus-east-1%2Fs3%2Faws4_request&X-Amz-Date=20251003T135056Z&X-Amz-SignedHeaders=host&X-Amz-Expires=28800&X-Amz-Signature=715222242342416b5c2c5c84e20233cc67461d674ac73ca10a4f4e1d1d06c927', 'name': 'MARTIN WAWERU -LOAN FORMS.pdf'}]",Josephine Kitonga,,12936
8310798,253137,6422665,3275186,27996,100000.00,15000.00,25/04/2025,flat_rate,percentage,Month,15.0000,Months,1,3,1,0.00,round_off_to_two_decimal,,,,,,,,,,,,,,,,,,,,,,,,,,,,244000.00,244000.0,0,244000.0,100000.0,15000.0,3000.0,126000.0,131,100000.0,15000.0,3000.0,126000.0,[],244000.00,25/05/2025,0.00,6,,0,,0,,0,,0,,0,,0,,0,,0,,0,,0,,0,charge_fees_on_last_repayment,3000.00,0,0,0,0,0,0,0,0,0,0,0,0.00,1,,,,"[{'id': 'custom_field_23347', 'name': 'Sales Person'}, {'id': 'custom_field_23167', 'name': 'National ID'}, {'id': 'custom_field_23348', 'name': 'Sales Person(Agent/TL/RO)'}]",KE,Billy,Samuel Njoroge,TRANSPORT,LR-2025-04-10035,Male,1,0722581927,njorogebillysam@gmail.com,20/10/1980,JUJA,Nairobi,Nairobi,,0717124291,Owner,,680f337c9e5c6-11209392.jpeg,,,[97469],22011666,Erick Owuor,"[{'file_id': 7988402, 's3_link': 'https://loandisk-borrowers.s3.amazonaws.com/BILLY%20NJOROGE%20ID%20%26%20KRA%20PIN-11209365.pdf?response-content-disposition=attachment%3B%20filename%3D%22BILLY%2520NJOROGE%2520ID%2520%2526%2520KRA%2520PIN.pdf%22&X-Amz-Content-Sha256=UNSIGNED-PAYLOAD&X-Amz-Algorithm=AWS4-HMAC-SHA256&X-Amz-Credential=AKIAYUBLFC5TP3LJIQ5H%2F20251003%2Fus-east-1%2Fs3%2Faws4_request&X-Amz-Date=20251003T135056Z&X-Amz-SignedHeaders=host&X-Amz-Expires=28800&X-Amz-Signature=1dcb3a06f2e4b08c97953ca53a42c77c19260653e7489d0f762c8ef1a162777a', 'name': 'BILLY NJOROGE ID & KRA PIN.pdf'}]",https://loandisk-borrowers-photo-thumbnails.s3.amazonaws.com/680f337c9e5c6-11209392.jpeg?X-Amz-Content-Sha256=UNSIGNED-PAYLOAD&X-Amz-Algorithm=AWS4-HMAC-SHA256&X-Amz-Credential=AKIAYUBLFC5TP3LJIQ5H%2F20251003%2Fus-east-1%2Fs3%2Faws4_request&X-Amz-Date=20251003T135056Z&X-Amz-SignedHeaders=host&X-Amz-Expires=28800&X-Amz-Signature=fa886293faf42bc699a7f94d40f61aed39e4f5b65eada599c7d4772d89a34792,"[{'file_id': 7988410, 's3_link': 'https://loandisk-loans.s3.amazonaws.com/BILLY%20NJOROGE-LOAN%20FORMS-11209369.pdf?response-content-disposition=attachment%3B%20filename%3D%22BILLY%2520NJOROGE-LOAN%2520FORMS.pdf%22&X-Amz-Content-Sha256=UNSIGNED-PAYLOAD&X-Amz-Algorithm=AWS4-HMAC-SHA256&X-Amz-Credential=AKIAYUBLFC5TP3LJIQ5H%2F20251003%2Fus-east-1%2Fs3%2Faws4_request&X-Amz-Date=20251003T135056Z&X-Amz-SignedHeaders=host&X-Amz-Expires=28800&X-Amz-Signature=8796f7d5838ef4629188e230a977be6be82a51351dd12fd16dfca6b4fe779ac9', 'name': 'BILLY NJOROGE-LOAN FORMS.pdf'}]",Erick Owuor,,12936
8338233,36826,6163211,3275220,27996,130000.00,78000.00,30/04/2025,flat_rate,percentage,Month,7.5000,Months,8,3,8,0.00,round_off_to_two_decimal,,,,,,,,,,,,,,,,,,,,,,,,,,,,228512.96,25910.459999999992,162.50,26072.959999999992,16250.0,9660.46,0.0,162.5,3,65000.0,38910.46,6750.0,162.5,"[{'loan_id': 8174408}, {'loan_id': 7989272}, {'loan_id': 7747575}]",110822.96,30/12/2025,117690.00,16,,0,,0,,0,,0,,0,,0,,0,,0,,0,,0,,0,distribute_fees_evenly,18000.00,0,0,0,0,0,0,0,0,0,0,0,0.00,1,,,,"[{'id': 'custom_field_23347', 'name': 'Sales Person'}, {'id': 'custom_field_23167', 'name': 'National ID'}, {'id': 'custom_field_23348', 'name': 'Sales Person(Agent/TL/RO)'}]",KE,Nyamweya,Ochwangi,MIRIAWAN SNACKS,13482470,Male,1,0721557149,nochwangi@yahoo.com,20/12/1974,"KOMAROCK PHASE 2,PLOT 180",Nairobi,Nairobi,,0720619644/,Owner,,6794885216d5e-10288315.jpeg,,,[97555],13482470,-,"[{'file_id': 7365126, 's3_link': 'https://loandisk-borrowers.s3.amazonaws.com/NYAMWEYA%20ID%20%26%20KRA%20PIN-10288310.pdf?response-content-disposition=attachment%3B%20filename%3D%22NYAMWEYA%2520ID%2520%2526%2520KRA%2520PIN.pdf%22&X-Amz-Content-Sha256=UNSIGNED-PAYLOAD&X-Amz-Algorithm=AWS4-HMAC-SHA256&X-Amz-Credential=AKIAYUBLFC5TP3LJIQ5H%2F20251003%2Fus-east-1%2Fs3%2Faws4_request&X-Amz-Date=20251003T135056Z&X-Amz-SignedHeaders=host&X-Amz-Expires=28800&X-Amz-Signature=fd7feb9e03763bbb62beb15ad0fecc89ff015b9a2e1cd6081f8b25cc30e18671', 'name': 'NYAMWEYA ID & KRA PIN.pdf'}]",https://loandisk-borrowers-photo-thumbnails.s3.amazonaws.com/6794885216d5e-10288315.jpeg?X-Amz-Content-Sha256=UNSIGNED-PAYLOAD&X-Amz-Algorithm=AWS4-HMAC-SHA256&X-Amz-Credential=AKIAYUBLFC5TP3LJIQ5H%2F20251003%2Fus-east-1%2Fs3%2Faws4_request&X-Amz-Date=20251003T135056Z&X-Amz-SignedHeaders=host&X-Amz-Expires=28800&X-Amz-Signature=bc6d3638844f14d043e05a97f29b5410fb717af68762aefa71fd568562b5e22e,"[{'file_id': 8019426, 's3_link': 'https://loandisk-loans.s3.amazonaws.com/NYAMWEYA%20-OFFER%20LETTER-11259539.pdf?response-content-disposition=attachment%3B%20filename%3D%22NYAMWEYA%2520-OFFER%2520LETTER.pdf%22&X-Amz-Content-Sha256=UNSIGNED-PAYLOAD&X-Amz-Algorithm=AWS4-HMAC-SHA256&X-Amz-Credential=AKIAYUBLFC5TP3LJIQ5H%2F20251003%2Fus-east-1%2Fs3%2Faws4_request&X-Amz-Date=20251003T135056Z&X-Amz-SignedHeaders=host&X-Amz-Expires=28800&X-Amz-Signature=85d2846709223b61137824c5f045de210a5ab36aba6b468e9a6bd4fe7a398361', 'name': 'NYAMWEYA -OFFER LETTER.pdf'}]",Clement,,12936
8491498,253137,6494817,3275311,182697,1446460.00,216969.00,26/05/2025,flat_rate,percentage,Month,15.0000,Months,1,3,1,0.00,round_off_to_two_decimal,,0.0,0.0,0.0,,0.00,0.00,,0.00,0.0,charge_interest_normally,charge_principal_normally,0.00,0.0,0.0,0.0,0.0,0.0,,0.0,0.0000,0.0,,,0.0,0.0,,3161140.40,3161140.4,0,3161140.4,1446460.0,216969.0,138039.0,1359672.4000000001,99,1446460.0,216969.0,138039.0,1359672.4,[],3161140.40,26/06/2025,0.00,6,,0,,0,,0,,0,,0,,0,,0,,0,,0,,0,,0,charge_fees_on_last_repayment,3000.00,0,0,0,0,0,0,0,0,0,0,0,0.00,1,16758.0,,,"[{'id': 'custom_field_23347', 'name': 'Sales Person'}, {'id': 'custom_field_23167', 'name': 'National ID'}, {'id': 'custom_field_23348', 'name': 'Sales Person(Agent/TL/RO)'}]",KE,MAXWELL,OMONDI LUSI,TRANSPORT,LR-2025-05-10052,Male,1,0719303260,maxwellomondi92@gmail.com,04/06/1992,KANGUNDO ROAD-MANYANJA NEAR UNITY PRIMARY SCHOOL,Nairobi,Nairobi,,0705794266/0706113118/0726588261,Owner,,683575fcc3cf1-11498235.jpeg,,,[97469],29462266,Erick Owuor,"[{'file_id': 8185584, 's3_link': 'https://loandisk-borrowers.s3.amazonaws.com/MAXWELL%20LUSI%20ID%20%26%20KRA%20PIN-11498232.pdf?response-content-disposition=attachment%3B%20filename%3D%22MAXWELL%2520LUSI%2520ID%2520%2526%2520KRA%2520PIN.pdf%22&X-Amz-Content-Sha256=UNSIGNED-PAYLOAD&X-Amz-Algorithm=AWS4-HMAC-SHA256&X-Amz-Credential=AKIAYUBLFC5TP3LJIQ5H%2F20251003%2Fus-east-1%2Fs3%2Faws4_request&X-Amz-Date=20251003T135056Z&X-Amz-SignedHeaders=host&X-Amz-Expires=28800&X-Amz-Signature=5302aa3e7a31dab4fc2077e588044d53d3062e5ca399290c84ba5da85ff3d620', 'name': 'MAXWELL LUSI ID & KRA PIN.pdf'}]",https://loandisk-borrowers-photo-thumbnails.s3.amazonaws.com/683575fcc3cf1-11498235.jpeg?X-Amz-Content-Sha256=UNSIGNED-PAYLOAD&X-Amz-Algorithm=AWS4-HMAC-SHA256&X-Amz-Credential=AKIAYUBLFC5TP3LJIQ5H%2F20251003%2Fus-east-1%2Fs3%2Faws4_request&X-Amz-Date=20251003T135056Z&X-Amz-SignedHeaders=host&X-Amz-Expires=28800&X-Amz-Signature=a7994b7818a9b6431910924e4737f4d3ed4a71ca9e6d1bae2326ffe87e449859,"[{'file_id': 8186503, 's3_link': 'https://loandisk-loans.s3.amazonaws.com/MAXWELL%20LUSI-LOAN%20FORMS-11499461.pdf?response-content-disposition=attachment%3B%20filename%3D%22MAXWELL%2520LUSI-LOAN%2520FORMS.pdf%22&X-Amz-Content-Sha256=UNSIGNED-PAYLOAD&X-Amz-Algorithm=AWS4-HMAC-SHA256&X-Amz-Credential=AKIAYUBLFC5TP3LJIQ5H%2F20251003%2Fus-east-1%2Fs3%2Faws4_request&X-Amz-Date=20251003T135056Z&X-Amz-SignedHeaders=host&X-Amz-Expires=28800&X-Amz-Signature=d7aa24a7b4f10601491fc4618e5ff5bf4a5a0390a67e5995236fe8987616e42b', 'name': 'MAXWELL LUSI-LOAN FORMS.pdf'}]",Erick Owuor,,12936
8606933,253137,6540241,3275403,27999,270000.00,81000.00,12/06/2025,flat_rate,percentage,Month,15.0000,Months,2,3,2,0.00,round_off_to_two_decimal,,,,,,,,,,,,,,,,,,,,,,,,,,,,435000.00,377550.0,0,377550.0,270000.0,46000.0,61550.0,0.0,83,270000.0,46000.0,61550.0,0.0,[],400000.00,12/08/2025,35000.00,6,,0,,0,,0,,0,,0,,0,,0,,0,,0,,0,,0,,0,0,0,0,0,0,0,0,0,0,0,1,22450.00,1,,,,"[{'id': 'custom_field_23347', 'name': 'Sales Person'}, {'id': 'custom_field_23167', 'name': 'National ID'}, {'id': 'custom_field_23348', 'name': 'Sales Person(Agent/TL/RO)'}]",KE,Samson,Kuka Chebusia,FARMING,LR-2025-06-10058,Male,1,0710680808,samsonuka60@gmail.com,01/01/1970,NAIROBI,NAIROBI,NAIROBI,,0726574332,Owner,,6851172cab606-11718372.jpeg,,,[97555],10341258,Cecilia mackson,"[{'file_id': 8312657, 's3_link': 'https://loandisk-borrowers.s3.amazonaws.com/CHEBUSIA-ID%20%26%20KRA%20PIN-11687101.pdf?response-content-disposition=attachment%3B%20filename%3D%22CHEBUSIA-ID%2520%2526%2520KRA%2520PIN.pdf%22&X-Amz-Content-Sha256=UNSIGNED-PAYLOAD&X-Amz-Algorithm=AWS4-HMAC-SHA256&X-Amz-Credential=AKIAYUBLFC5TP3LJIQ5H%2F20251003%2Fus-east-1%2Fs3%2Faws4_request&X-Amz-Date=20251003T135056Z&X-Amz-SignedHeaders=host&X-Amz-Expires=28800&X-Amz-Signature=71d2d1af009b7aa4ac58792c5a6516b806eccc10ec88cbf495660c6e03c946c0', 'name': 'CHEBUSIA-ID & KRA PIN.pdf'}]",https://loandisk-borrowers-photo-thumbnails.s3.amazonaws.com/6851172cab606-11718372.jpeg?X-Amz-Content-Sha256=UNSIGNED-PAYLOAD&X-Amz-Algorithm=AWS4-HMAC-SHA256&X-Amz-Credential=AKIAYUBLFC5TP3LJIQ5H%2F20251003%2Fus-east-1%2Fs3%2Faws4_request&X-Amz-Date=20251003T135056Z&X-Amz-SignedHeaders=host&X-Amz-Expires=28800&X-Amz-Signature=f44a0b10a17a2341e244b2df826531d87bc1ac495cf23d7542630ef9b28eb30b,"[{'file_id': 8312655, 's3_link': 'https://loandisk-loans.s3.amazonaws.com/SAMSON%20CHEBUSIA%20-LOAN%20FORMS-11687091.pdf?response-content-disposition=attachment%3B%20filename%3D%22SAMSON%2520CHEBUSIA%2520-LOAN%2520FORMS.pdf%22&X-Amz-Content-Sha256=UNSIGNED-PAYLOAD&X-Amz-Algorithm=AWS4-HMAC-SHA256&X-Amz-Credential=AKIAYUBLFC5TP3LJIQ5H%2F20251003%2Fus-east-1%2Fs3%2Faws4_request&X-Amz-Date=20251003T135056Z&X-Amz-SignedHeaders=host&X-Amz-Expires=28800&X-Amz-Signature=4fee99d631b830677ece42700607dff8273623d1bf5aeae3409f544195093791', 'name': 'SAMSON CHEBUSIA -LOAN FORMS.pdf'}]",Cecilia,,12936
8636981,253137,6469432,3275414,27996,207900.00,31185.00,13/06/2025,flat_rate,percentage,Month,15.0000,Months,1,3,1,0.00,round_off_to_two_decimal,,,,,,,,,,,,,,,,,,,,,,,,,,,,399168.00,399168.0,0,399168.0,207900.0,31185.0,0.0,160083.0,82,207900.0,31185.0,0.0,160083.0,[{'loan_id': 8412731}],399168.00,13/07/2025,0.00,6,,0,,0,,0,,0,,0,,0,,0,,0,,0,,0,,0,,0,0,0,0,0,0,0,0,0,0,0,0,0.00,1,,,,"[{'id': 'custom_field_23347', 'name': 'Sales Person'}, {'id': 'custom_field_23167', 'name': 'National ID'}, {'id': 'custom_field_23348', 'name': 'Sales Person(Agent/TL/RO)'}]",KE,Evander,Ochieng Amonde,MOD,LR-2025-05-10047,Male,1,0721755430,evanderamonde@gmail.com,08/12/1990,ISINYA,Nairobi,Nairobi,,0727273774,,,682585623f474-11382107.jpeg,,,[39213],27996698,Cecilia Mackson,"[{'file_id': 8103434, 's3_link': 'https://loandisk-borrowers.s3.amazonaws.com/EVANDER%20ID%20%26%20KRA%20PIN-11382087.pdf?response-content-disposition=attachment%3B%20filename%3D%22EVANDER%2520ID%2520%2526%2520KRA%2520PIN.pdf%22&X-Amz-Content-Sha256=UNSIGNED-PAYLOAD&X-Amz-Algorithm=AWS4-HMAC-SHA256&X-Amz-Credential=AKIAYUBLFC5TP3LJIQ5H%2F20251003%2Fus-east-1%2Fs3%2Faws4_request&X-Amz-Date=20251003T135056Z&X-Amz-SignedHeaders=host&X-Amz-Expires=28800&X-Amz-Signature=85c1909e0f4c8fd2ad3291e0cfa170c20ddee4f42488129d493cfa5313d52a47', 'name': 'EVANDER ID & KRA PIN.pdf'}]",https://loandisk-borrowers-photo-thumbnails.s3.amazonaws.com/682585623f474-11382107.jpeg?X-Amz-Content-Sha256=UNSIGNED-PAYLOAD&X-Amz-Algorithm=AWS4-HMAC-SHA256&X-Amz-Credential=AKIAYUBLFC5TP3LJIQ5H%2F20251003%2Fus-east-1%2Fs3%2Faws4_request&X-Amz-Date=20251003T135056Z&X-Amz-SignedHeaders=host&X-Amz-Expires=28800&X-Amz-Signature=c578e124d68d7332a28222a29f5dddbed2cfbde36ba6dc0e159e60428bd939cb,,Clement,,12936
8645012,240139,6533839,3275420,27999,87130.00,17430.00,10/06/2025,flat_rate,percentage,Month,2.0000,Months,10,3,10,0.00,round_off_to_integer,,0.0,0.0,0.0,,0.00,0.00,,0.00,0.0,charge_interest_normally,charge_principal_normally,0.00,0.0,0.0,0.0,0.0,0.0,,0.0,0.0000,0.0,,,0.0,0.0,,105560.00,10556.0,10523,21079.0,17426.0,3486.0,167.0,0.0,54,78417.0,15687.0,867.0,0.0,[],94971.00,10/04/2026,10589.00,5,,0,,0,,0,distribute_fees_evenly,1000.00,,0,,0,,0,,0,,0,,0,,0,,0,0,0,0,0,0,0,0,0,0,0,0,0.00,1,0.0,,,"[{'id': 'custom_field_23347', 'name': 'Sales Person'}, {'id': 'custom_field_23167', 'name': 'National ID'}, {'id': 'custom_field_23348', 'name': 'Sales Person(Agent/TL/RO)'}]",KE,Wilfred,Ndubi Nyakundi,OFFSPRING ENTERTAINMENT AND CYBER,LR-2025-06-10057,Male,1,0790175544,wilfrednyakundi956@gmail.com,01/09/1999,KIKUYU,NAIROBI,NAIROBI,100-00902,0796546771,Employee,,68495a6672881-11664312.jpeg,,,[97555],36721773,Erick Owuor,"[{'file_id': 8296496, 's3_link': 'https://loandisk-borrowers.s3.amazonaws.com/WILFRED%20ID%20%26%20KRA%20PIN-11664311.pdf?response-content-disposition=attachment%3B%20filename%3D%22WILFRED%2520ID%2520%2526%2520KRA%2520PIN.pdf%22&X-Amz-Content-Sha256=UNSIGNED-PAYLOAD&X-Amz-Algorithm=AWS4-HMAC-SHA256&X-Amz-Credential=AKIAYUBLFC5TP3LJIQ5H%2F20251003%2Fus-east-1%2Fs3%2Faws4_request&X-Amz-Date=20251003T135056Z&X-Amz-SignedHeaders=host&X-Amz-Expires=28800&X-Amz-Signature=32119b944f62c2c2ce4f9e8ca256fd733e22e8f9094bbebf5c526ea3b683fc33', 'name': 'WILFRED ID & KRA PIN.pdf'}]",https://loandisk-borrowers-photo-thumbnails.s3.amazonaws.com/68495a6672881-11664312.jpeg?X-Amz-Content-Sha256=UNSIGNED-PAYLOAD&X-Amz-Algorithm=AWS4-HMAC-SHA256&X-Amz-Credential=AKIAYUBLFC5TP3LJIQ5H%2F20251003%2Fus-east-1%2Fs3%2Faws4_request&X-Amz-Date=20251003T135056Z&X-Amz-SignedHeaders=host&X-Amz-Expires=28800&X-Amz-Signature=9dbbe6398c31038c336fcab866fe6616f3fa29568b87ab7517809ada8d1f2dcc,"[{'file_id': 8357654, 's3_link': 'https://loandisk-loans.s3.amazonaws.com/NDUBI%20IPF%20FORM-11749662.pdf?response-content-disposition=attachment%3B%20filename%3D%22NDUBI%2520IPF%2520FORM.pdf%22&X-Amz-Content-Sha256=UNSIGNED-PAYLOAD&X-Amz-Algorithm=AWS4-HMAC-SHA256&X-Amz-Credential=AKIAYUBLFC5TP3LJIQ5H%2F20251003%2Fus-east-1%2Fs3%2Faws4_request&X-Amz-Date=20251003T135056Z&X-Amz-SignedHeaders=host&X-Amz-Expires=28800&X-Amz-Signature=f88102f4ea7718c4a42d123c10bbfb23bbb25f9f06f3ff116a8ef1d26ffa9411', 'name': 'NDUBI IPF FORM.pdf'}]",Erick Owuor,,12936
8649825,253137,6480294,3275426,27996,267749.50,40162.43,19/06/2025,flat_rate,percentage,Month,15.0000,Months,1,3,1,0.00,round_off_to_two_decimal,,,,,,,,,,,,,,,,,,,,,,,,,,,,498014.43,498014.43,0,498014.43,267749.5,40162.43,0.0,190102.5,76,267749.5,40162.43,0.0,190102.5,[{'loan_id': 8446713}],498014.43,19/07/2025,0.00,6,,0,,0,,0,,0,,0,,0,,0,,0,,0,,0,,0,,0,0,0,0,0,0,0,0,0,0,0,0,0.00,1,,,,"[{'id': 'custom_field_23347', 'name': 'Sales Person'}, {'id': 'custom_field_23167', 'name': 'National ID'}, {'id': 'custom_field_23348', 'name': 'Sales Person(Agent/TL/RO)'}]",KE,Jackson,Oketch Oloo,SANGANU ENTERPRISE,LR-2025-05-10050,Male,1,0728369926,joketch85@gmail.com,02/09/1986,ZIMMERMAN,Nairobi,Nairobi,,0738129828,Employee,,682c1ddf4eb52-11423886.jpeg,,,[97555],24588307,Erick Owuor,"[{'file_id': 8132643, 's3_link': 'https://loandisk-borrowers.s3.amazonaws.com/JACKSON%20OKETCH%20-ID%20%26%20KRA%20PIN-11423879.pdf?response-content-disposition=attachment%3B%20filename%3D%22JACKSON%2520OKETCH%2520-ID%2520%2526%2520KRA%2520PIN.pdf%22&X-Amz-Content-Sha256=UNSIGNED-PAYLOAD&X-Amz-Algorithm=AWS4-HMAC-SHA256&X-Amz-Credential=AKIAYUBLFC5TP3LJIQ5H%2F20251003%2Fus-east-1%2Fs3%2Faws4_request&X-Amz-Date=20251003T135056Z&X-Amz-SignedHeaders=host&X-Amz-Expires=28800&X-Amz-Signature=77364b7a49c7d2ea3c118d3e721cb60d75d304e4ca1e8044b1122652200c7b92', 'name': 'JACKSON OKETCH -ID & KRA PIN.pdf'}]",https://loandisk-borrowers-photo-thumbnails.s3.amazonaws.com/682c1ddf4eb52-11423886.jpeg?X-Amz-Content-Sha256=UNSIGNED-PAYLOAD&X-Amz-Algorithm=AWS4-HMAC-SHA256&X-Amz-Credential=AKIAYUBLFC5TP3LJIQ5H%2F20251003%2Fus-east-1%2Fs3%2Faws4_request&X-Amz-Date=20251003T135056Z&X-Amz-SignedHeaders=host&X-Amz-Expires=28800&X-Amz-Signature=84b7914ef67b769add8e46377d8358ea4eee12f55994eb37d3ae9025faf2e907,,-,,12936
8654701,36826,6558100,3275428,182697,438600.00,421056.00,20/06/2025,flat_rate,percentage,Month,4.0000,Months,24,3,24,0.00,round_off_to_two_decimal,,0.0,0.0,0.0,,0.00,0.00,,0.00,0.0,charge_interest_normally,charge_principal_normally,0.00,0.0,0.0,0.0,0.0,0.0,,0.0,0.0000,0.0,,,0.0,0.0,,1077986.32,124801.35999999999,185.96,124987.31999999999,18595.5,17544.0,86520.0,2327.8199999999997,44,402370.5,385968.0,149520.0,2327.8199999999997,[],940186.32,20/06/2027,137800.00,5,,0,,0,,0,,0,,0,,0,,0,,0,,0,,0,,0,distribute_fees_evenly,72000.00,0,0,0,0,0,0,0,0,0,0,0,0.00,1,16758.0,,,"[{'id': 'custom_field_23347', 'name': 'Sales Person'}, {'id': 'custom_field_23167', 'name': 'National ID'}, {'id': 'custom_field_23348', 'name': 'Sales Person(Agent/TL/RO)'}]",KE,Kevine,Ochieng Onyango,MECHANIC,LR-2025-06-10063,Male,1,0720101028,kevineochieng@gmail.com,17/08/1991,UMOJA 2,NAIROBI,NAIROBI,,0701221308,Owner,,68592706094ea-11780720.jpeg,,,[39213],28986181,Erick Owuor,"[{'file_id': 8380670, 's3_link': 'https://loandisk-borrowers.s3.amazonaws.com/KEVIN%20ID%20%26%20KRA%20PIN-11780716.pdf?response-content-disposition=attachment%3B%20filename%3D%22KEVIN%2520ID%2520%2526%2520KRA%2520PIN.pdf%22&X-Amz-Content-Sha256=UNSIGNED-PAYLOAD&X-Amz-Algorithm=AWS4-HMAC-SHA256&X-Amz-Credential=AKIAYUBLFC5TP3LJIQ5H%2F20251003%2Fus-east-1%2Fs3%2Faws4_request&X-Amz-Date=20251003T135057Z&X-Amz-SignedHeaders=host&X-Amz-Expires=28800&X-Amz-Signature=1fc62248070af1108d82adebefaf06ced533cd9f89458b51722e3d839a1cd2d7', 'name': 'KEVIN ID & KRA PIN.pdf'}]",https://loandisk-borrowers-photo-thumbnails.s3.amazonaws.com/68592706094ea-11780720.jpeg?X-Amz-Content-Sha256=UNSIGNED-PAYLOAD&X-Amz-Algorithm=AWS4-HMAC-SHA256&X-Amz-Credential=AKIAYUBLFC5TP3LJIQ5H%2F20251003%2Fus-east-1%2Fs3%2Faws4_request&X-Amz-Date=20251003T135057Z&X-Amz-SignedHeaders=host&X-Amz-Expires=28800&X-Amz-Signature=75e2d8a4c016809af3648e531488bd63b18be8962250dec7e6f159ed6cb08ce3,"[{'file_id': 8381236, 's3_link': 'https://loandisk-loans.s3.amazonaws.com/KEVIN%20OCHIENG-LOAN%20FORMS-11781426.pdf?response-content-disposition=attachment%3B%20filename%3D%22KEVIN%2520OCHIENG-LOAN%2520FORMS.pdf%22&X-Amz-Content-Sha256=UNSIGNED-PAYLOAD&X-Amz-Algorithm=AWS4-HMAC-SHA256&X-Amz-Credential=AKIAYUBLFC5TP3LJIQ5H%2F20251003%2Fus-east-1%2Fs3%2Faws4_request&X-Amz-Date=20251003T135057Z&X-Amz-SignedHeaders=host&X-Amz-Expires=28800&X-Amz-Signature=23a887b71e66e1435f00abe02b30cc3add35bd370951668b1c4e17f1e5d69b48', 'name': 'KEVIN OCHIENG-LOAN FORMS.pdf'}]",Erick Owuor,,12936
8692355,253137,6573718,3275455,182697,1600000.00,240000.00,26/06/2025,flat_rate,percentage,Month,15.0000,Months,1,3,1,0.00,round_off_to_two_decimal,,0.0,0.0,0.0,,0.00,0.00,,0.00,0.0,charge_interest_normally,charge_principal_normally,0.00,0.0,0.0,0.0,0.0,0.0,,0.0,0.0000,0.0,,,0.0,0.0,,2867000.00,2467000.0,0,2467000.0,1600000.0,240000.0,3000.0,624000.0,69,1600000.0,240000.0,3000.0,624000.0,[],2467000.00,26/07/2025,400000.00,6,,0,,0,,0,,0,,0,,0,,0,,0,,0,,0,,0,charge_fees_on_last_repayment,3000.00,0,0,0,0,0,0,0,0,0,0,0,0.00,1,16758.0,,,"[{'id': 'custom_field_23347', 'name': 'Sales Person'}, {'id': 'custom_field_23167', 'name': 'National ID'}, {'id': 'custom_field_23348', 'name': 'Sales Person(Agent/TL/RO)'}]",KE,Geoffrey,Kennedy Zedekiah Wauna,ACQUISITION CONSULTING,LR-2025-06-10066,Male,1,0722599907,gwauna19ke@yahoo.com,01/11/1981,ATHI RIVER,NAIROBI,NAIROBI,,0714575968,Employee,,685d2454d77a2-11820071.jpeg,,,[39213],22840768,Kevin Odongo,"[{'file_id': 8408599, 's3_link': 'https://loandisk-borrowers.s3.amazonaws.com/PHOENIX%20CAPITAL%20LIMITED%20APPRAISAL%20CALCULATOR%20%282%29-11819792.xlsx?response-content-disposition=attachment%3B%20filename%3D%22PHOENIX%2520CAPITAL%2520LIMITED%2520APPRAISAL%2520CALCULATOR%2520%25282%2529.xlsx%22&X-Amz-Content-Sha256=UNSIGNED-PAYLOAD&X-Amz-Algorithm=AWS4-HMAC-SHA256&X-Amz-Credential=AKIAYUBLFC5TP3LJIQ5H%2F20251003%2Fus-east-1%2Fs3%2Faws4_request&X-Amz-Date=20251003T135057Z&X-Amz-SignedHeaders=host&X-Amz-Expires=28800&X-Amz-Signature=0b8a112937b4a73ce49b21e4a341a15d3aed011f5bc382f916045309afcf56e9', 'name': 'PHOENIX CAPITAL LIMITED APPRAISAL CALCULATOR (2).xlsx'}, {'file_id': 8408638, 's3_link': 'https://loandisk-borrowers.s3.amazonaws.com/_254722599907_GEOFFREY_KENNEDY_WAUNA_24-06-2025_09_06_Full_MPESA_Report%20%281%29%20%281%29-11819829.pdf?response-content-disposition=attachment%3B%20filename%3D%22_254722599907_GEOFFREY_KENNEDY_WAUNA_24-06-2025_09_06_Full_MPESA_Report%2520%25281%2529%2520%25281%2529.pdf%22&X-Amz-Content-Sha256=UNSIGNED-PAYLOAD&X-Amz-Algorithm=AWS4-HMAC-SHA256&X-Amz-Credential=AKIAYUBLFC5TP3LJIQ5H%2F20251003%2Fus-east-1%2Fs3%2Faws4_request&X-Amz-Date=20251003T135057Z&X-Amz-SignedHeaders=host&X-Amz-Expires=28800&X-Amz-Signature=2e752de76961f42ba2368e934946dc2a86798fe9fe74538feb7528507b39e270', 'name': '_254722599907_GEOFFREY_KENNEDY_WAUNA_24-06-2025_09_06_Full_MPESA_Report (1) (1).pdf'}, {'file_id': 8408642, 's3_link': 'https://loandisk-borrowers.s3.amazonaws.com/KDR033M_1750848252_valuation%20%281%29-11819837.pdf?response-content-disposition=attachment%3B%20filename%3D%22KDR033M_1750848252_valuation%2520%25281%2529.pdf%22&X-Amz-Content-Sha256=UNSIGNED-PAYLOAD&X-Amz-Algorithm=AWS4-HMAC-SHA256&X-Amz-Credential=AKIAYUBLFC5TP3LJIQ5H%2F20251003%2Fus-east-1%2Fs3%2Faws4_request&X-Amz-Date=20251003T135057Z&X-Amz-SignedHeaders=host&X-Amz-Expires=28800&X-Amz-Signature=2e8c975f3b4f9735b94d06c9281624b7e046855c12dac87edea9c2843a57559f', 'name': 'KDR033M_1750848252_valuation (1).pdf'}, {'file_id': 8408675, 's3_link': 'https://loandisk-borrowers.s3.amazonaws.com/TAPELIFT%20KDR%20033M-11819902.pdf?response-content-disposition=attachment%3B%20filename%3D%22TAPELIFT%2520KDR%2520033M.pdf%22&X-Amz-Content-Sha256=UNSIGNED-PAYLOAD&X-Amz-Algorithm=AWS4-HMAC-SHA256&X-Amz-Credential=AKIAYUBLFC5TP3LJIQ5H%2F20251003%2Fus-east-1%2Fs3%2Faws4_request&X-Amz-Date=20251003T135057Z&X-Amz-SignedHeaders=host&X-Amz-Expires=28800&X-Amz-Signature=e47a1442bd5d4b0cc1f9f83be891e257ddde5c3df2613583e06dd34ace1ab964', 'name': 'TAPELIFT KDR 033M.pdf'}, {'file_id': 8408827, 's3_link': 'https://loandisk-borrowers.s3.amazonaws.com/GEOFFREY%20KENNEDY-LOAN%20APPLICATION%20FORMS-11820055.pdf?response-content-disposition=attachment%3B%20filename%3D%22GEOFFREY%2520KENNEDY-LOAN%2520APPLICATION%2520FORMS.pdf%22&X-Amz-Content-Sha256=UNSIGNED-PAYLOAD&X-Amz-Algorithm=AWS4-HMAC-SHA256&X-Amz-Credential=AKIAYUBLFC5TP3LJIQ5H%2F20251003%2Fus-east-1%2Fs3%2Faws4_request&X-Amz-Date=20251003T135057Z&X-Amz-SignedHeaders=host&X-Amz-Expires=28800&X-Amz-Signature=d10db42c77e1915601f432570830cca693496d7e0900324df2496f1f72e3c2db', 'name': 'GEOFFREY KENNEDY-LOAN APPLICATION FORMS.pdf'}]",https://loandisk-borrowers-photo-thumbnails.s3.amazonaws.com/685d2454d77a2-11820071.jpeg?X-Amz-Content-Sha256=UNSIGNED-PAYLOAD&X-Amz-Algorithm=AWS4-HMAC-SHA256&X-Amz-Credential=AKIAYUBLFC5TP3LJIQ5H%2F20251003%2Fus-east-1%2Fs3%2Faws4_request&X-Amz-Date=20251003T135057Z&X-Amz-SignedHeaders=host&X-Amz-Expires=28800&X-Amz-Signature=4811a76bee16a11f041557a0897e50be3893bd9b24cd80b3f887822d90b8ce7f,"[{'file_id': 8415079, 's3_link': 'https://loandisk-loans.s3.amazonaws.com/GEOFFREY%20KENNEDY-LOAN%20APPLICATION%20FORMS%20%281%29-11829633.pdf?response-content-disposition=attachment%3B%20filename%3D%22GEOFFREY%2520KENNEDY-LOAN%2520APPLICATION%2520FORMS%2520%25281%2529.pdf%22&X-Amz-Content-Sha256=UNSIGNED-PAYLOAD&X-Amz-Algorithm=AWS4-HMAC-SHA256&X-Amz-Credential=AKIAYUBLFC5TP3LJIQ5H%2F20251003%2Fus-east-1%2Fs3%2Faws4_request&X-Amz-Date=20251003T135057Z&X-Amz-SignedHeaders=host&X-Amz-Expires=28800&X-Amz-Signature=9904e53d89fe99ad4c7d51c932f9cb7d8b7ae63334b687b56c065c7ed121063f', 'name': 'GEOFFREY KENNEDY-LOAN APPLICATION FORMS (1).pdf'}]",Kevin Odongo,,12936
8697854,240140,6089649,3275460,27999,85925.00,10314.00,18/06/2025,flat_rate,percentage,Month,2.0000,Months,6,3,6,0.00,round_off_to_integer,,0.0,0.0,0.0,,0.00,0.00,,0.00,0.0,charge_interest_normally,charge_principal_normally,0.00,0.0,0.0,0.0,0.0,0.0,,0.0,0.0000,0.0,,,0.0,0.0,,97239.00,32414.0,16207,48621.0,42963.0,5157.0,501.0,0.0,77,85925.0,10314.0,1000.0,0.0,[],97239.00,18/12/2025,0.00,5,,0,,0,,0,distribute_fees_evenly,1000.00,,0,,0,,0,,0,,0,,0,,0,,0,0,0,0,0,0,0,0,0,0,0,0,0.00,1,0.0,,,"[{'id': 'custom_field_23347', 'name': 'Sales Person'}, {'id': 'custom_field_23167', 'name': 'National ID'}, {'id': 'custom_field_23348', 'name': 'Sales Person(Agent/TL/RO)'}]",KE,Duncan,Kipkosgei Chumba,YONGDE INTERNATIONAL LTD,31905944,Male,1,0758480766,,08/03/1995,THIKA,Nairobi,Nairobi,,0715300273,Owner,,,,,[40280],31905944,Erick Owuor,,,"[{'file_id': 8416481, 's3_link': 'https://loandisk-loans.s3.amazonaws.com/DUNCAN%20CHUMBA-IPF%20FORM-11831078.pdf?response-content-disposition=attachment%3B%20filename%3D%22DUNCAN%2520CHUMBA-IPF%2520FORM.pdf%22&X-Amz-Content-Sha256=UNSIGNED-PAYLOAD&X-Amz-Algorithm=AWS4-HMAC-SHA256&X-Amz-Credential=AKIAYUBLFC5TP3LJIQ5H%2F20251003%2Fus-east-1%2Fs3%2Faws4_request&X-Amz-Date=20251003T135057Z&X-Amz-SignedHeaders=host&X-Amz-Expires=28800&X-Amz-Signature=95f5829fb7f091402fc1700243d607caa6ca81f7bc93d988800383bfac51d20d', 'name': 'DUNCAN CHUMBA-IPF FORM.pdf'}]",Erick Owuor,,12936
8725356,36826,6347043,3275486,27996,280000.00,44800.00,01/07/2025,flat_rate,percentage,Month,4.0000,Months,4,3,4,0.00,round_off_to_two_decimal,,,,,,,,,,,,,,,,,,,,,,,,,,,,339288.00,84188.0,700,84888.0,70000.0,11200.0,2988.0,700.0,2,140000.0,22400.0,5988.0,700.0,[],169088.00,01/11/2025,170200.00,16,,0,,0,,0,,0,,0,,0,,0,,0,,0,,0,,0,distribute_fees_evenly,12000.00,0,0,0,0,0,0,0,0,0,0,0,0.00,1,,,,"[{'id': 'custom_field_23347', 'name': 'Sales Person'}, {'id': 'custom_field_23167', 'name': 'National ID'}, {'id': 'custom_field_23348', 'name': 'Sales Person(Agent/TL/RO)'}]",KE,Cecilia,Njeri Kiragu,ALMACO GLOBAL LIMITED,LR-2025-04-10017,Male,2,0720702704,cclkiragu@gmail.com,01/01/1970,GREENSPAN-SAVANNAH ROAD-HARAMBE SACCO ESTATE,Nairobi,Nairobi,,0722577360,,,67ed015bb850e-10983663.jpeg,,,[39213],11178332,Josephine Kitonga,"[{'file_id': 7831522, 's3_link': 'https://loandisk-borrowers.s3.amazonaws.com/CECILIA%20NJERI%20ID%20%26%20KRA%20PIN-10981916.pdf?response-content-disposition=attachment%3B%20filename%3D%22CECILIA%2520NJERI%2520ID%2520%2526%2520KRA%2520PIN.pdf%22&X-Amz-Content-Sha256=UNSIGNED-PAYLOAD&X-Amz-Algorithm=AWS4-HMAC-SHA256&X-Amz-Credential=AKIAYUBLFC5TP3LJIQ5H%2F20251003%2Fus-east-1%2Fs3%2Faws4_request&X-Amz-Date=20251003T135057Z&X-Amz-SignedHeaders=host&X-Amz-Expires=28800&X-Amz-Signature=70367afdbe0f1dd21af17e01d9fa69efb5bbea998f51f253aef0eb906d09439a', 'name': 'CECILIA NJERI ID & KRA PIN.pdf'}]",https://loandisk-borrowers-photo-thumbnails.s3.amazonaws.com/67ed015bb850e-10983663.jpeg?X-Amz-Content-Sha256=UNSIGNED-PAYLOAD&X-Amz-Algorithm=AWS4-HMAC-SHA256&X-Amz-Credential=AKIAYUBLFC5TP3LJIQ5H%2F20251003%2Fus-east-1%2Fs3%2Faws4_request&X-Amz-Date=20251003T135057Z&X-Amz-SignedHeaders=host&X-Amz-Expires=28800&X-Amz-Signature=bec6a23d767627e4f8eb55101971ab5dfebc32da0aa9796d1d221a3b44727657,"[{'file_id': 8480370, 's3_link': 'https://loandisk-loans.s3.amazonaws.com/CECILIA%20KIRAGU-OFFER%20LETTER-11931519.pdf?response-content-disposition=attachment%3B%20filename%3D%22CECILIA%2520KIRAGU-OFFER%2520LETTER.pdf%22&X-Amz-Content-Sha256=UNSIGNED-PAYLOAD&X-Amz-Algorithm=AWS4-HMAC-SHA256&X-Amz-Credential=AKIAYUBLFC5TP3LJIQ5H%2F20251003%2Fus-east-1%2Fs3%2Faws4_request&X-Amz-Date=20251003T135057Z&X-Amz-SignedHeaders=host&X-Amz-Expires=28800&X-Amz-Signature=28b082231fd580bc0d0b5a6fd3ac474ee1f171b4a9468fa674a7c7c96a79e614', 'name': 'CECILIA KIRAGU-OFFER LETTER.pdf'}]",Clement,,12936
8946085,253137,4341402,3275607,27996,205056.88,102528.44,02/08/2025,flat_rate,percentage,Month,5.0000,Months,10,3,10,0.00,round_off_to_two_decimal,,,,,,,,,,,,,,,,,,,,,,,,,,,,349863.32,-13.67,34986.33,34972.66,20505.69,10252.84,4227.8,0.0,1,184551.19,92275.6,38036.53,0.0,"[{'loan_id': 8747094}, {'loan_id': 8554526}, {'loan_id': 8424070}, {'loan_id': 8222298}, {'loan_id': 7980378}, {'loan_id': 7805324}, {'loan_id': 7695646}, {'loan_id': 7518388}, {'loan_id': 7301138}, {'loan_id': 7156594}, {'loan_id': 7033055}, {'loan_id': 6811737}, {'loan_id': 6626376}, {'loan_id': 6311719}, {'loan_id': 6189116}, {'loan_id': 6007137}, {'loan_id': 5864316}, {'loan_id': 5791863}, {'loan_id': 5589330}, {'loan_id': 5429394}, {'loan_id': 5274167}, {'loan_id': 5096472}, {'loan_id': 4872411}]",314863.32,02/06/2026,35000.00,16,,0,,0,,0,,0,,0,,0,,0,,0,,0,,0,distribute_fees_evenly,12278.00,distribute_fees_evenly,30000.00,0,0,0,0,0,0,0,0,0,0,0,0.00,1,,,,"[{'id': 'custom_field_23347', 'name': 'Sales Person'}, {'id': 'custom_field_23167', 'name': 'National ID'}]",KE,Peter,Kariuki,BEI NAFUU MATRESSES,10797423,Male,1,0716850767,x6kariuki@gmail.com,05/05/1970,NGONG ROAD-PRESTIGE,Nairobi,Nairobi,,0701415561,Owner,,64ccb12b00383-5942867.jpeg,,,[40280],10797423,,"[{'file_id': 4362907, 's3_link': 'https://loandisk-borrowers.s3.amazonaws.com/KARIUKI%20ID0026-5942854.pdf?response-content-disposition=attachment%3B%20filename%3D%22KARIUKI%2520ID0026.pdf%22&X-Amz-Content-Sha256=UNSIGNED-PAYLOAD&X-Amz-Algorithm=AWS4-HMAC-SHA256&X-Amz-Credential=AKIAYUBLFC5TP3LJIQ5H%2F20251003%2Fus-east-1%2Fs3%2Faws4_request&X-Amz-Date=20251003T135057Z&X-Amz-SignedHeaders=host&X-Amz-Expires=28800&X-Amz-Signature=bc8b2aa4ab9422de212818dea875ad11b68d9c1eae1d11169db211b07675c78d', 'name': 'KARIUKI ID0026.pdf'}, {'file_id': 4362908, 's3_link': 'https://loandisk-borrowers.s3.amazonaws.com/KARIUKI%20KRA0025-5942852.pdf?response-content-disposition=attachment%3B%20filename%3D%22KARIUKI%2520KRA0025.pdf%22&X-Amz-Content-Sha256=UNSIGNED-PAYLOAD&X-Amz-Algorithm=AWS4-HMAC-SHA256&X-Amz-Credential=AKIAYUBLFC5TP3LJIQ5H%2F20251003%2Fus-east-1%2Fs3%2Faws4_request&X-Amz-Date=20251003T135057Z&X-Amz-SignedHeaders=host&X-Amz-Expires=28800&X-Amz-Signature=c4ed3c49e74c7ef3ac7dd997705c1cc8047637ad42ef97f43055e273ed1dddb0', 'name': 'KARIUKI KRA0025.pdf'}, {'file_id': 4362909, 's3_link': 'https://loandisk-borrowers.s3.amazonaws.com/KARIUKI%20COMPANIES%20ACT0030-5942853.pdf?response-content-disposition=attachment%3B%20filename%3D%22KARIUKI%2520COMPANIES%2520ACT0030.pdf%22&X-Amz-Content-Sha256=UNSIGNED-PAYLOAD&X-Amz-Algorithm=AWS4-HMAC-SHA256&X-Amz-Credential=AKIAYUBLFC5TP3LJIQ5H%2F20251003%2Fus-east-1%2Fs3%2Faws4_request&X-Amz-Date=20251003T135057Z&X-Amz-SignedHeaders=host&X-Amz-Expires=28800&X-Amz-Signature=30ccac3876bc38a046bfdf87d69fbe3d9d1fe6e134012024476ceb5028259302', 'name': 'KARIUKI COMPANIES ACT0030.pdf'}, {'file_id': 4362910, 's3_link': 'https://loandisk-borrowers.s3.amazonaws.com/WhatsApp%20Image%202023-08-04%20at%2011.01.21-5942862.jpeg?response-content-disposition=attachment%3B%20filename%3D%22WhatsApp%2520Image%25202023-08-04%2520at%252011.01.21.jpeg%22&X-Amz-Content-Sha256=UNSIGNED-PAYLOAD&X-Amz-Algorithm=AWS4-HMAC-SHA256&X-Amz-Credential=AKIAYUBLFC5TP3LJIQ5H%2F20251003%2Fus-east-1%2Fs3%2Faws4_request&X-Amz-Date=20251003T135057Z&X-Amz-SignedHeaders=host&X-Amz-Expires=28800&X-Amz-Signature=be6d7ea16e1f36cc6b24c48cfc26afbbf16a312f4caa02f7dfa68f6f16f1a33d', 'name': 'WhatsApp Image 2023-08-04 at 11.01.21.jpeg'}]",https://loandisk-borrowers-photo-thumbnails.s3.amazonaws.com/64ccb12b00383-5942867.jpeg?X-Amz-Content-Sha256=UNSIGNED-PAYLOAD&X-Amz-Algorithm=AWS4-HMAC-SHA256&X-Amz-Credential=AKIAYUBLFC5TP3LJIQ5H%2F20251003%2Fus-east-1%2Fs3%2Faws4_request&X-Amz-Date=20251003T135057Z&X-Amz-SignedHeaders=host&X-Amz-Expires=28800&X-Amz-Signature=bd0f00c9cafc1f3e4f1758a559d84c4d9fc805086db59e07d07e0a7c7bf14d69,"[{'file_id': 8937848, 's3_link': 'https://loandisk-loans.s3.amazonaws.com/PETER%20KARIUKI-OFFER%20LETTER-12598303.pdf?response-content-disposition=attachment%3B%20filename%3D%22PETER%2520KARIUKI-OFFER%2520LETTER.pdf%22&X-Amz-Content-Sha256=UNSIGNED-PAYLOAD&X-Amz-Algorithm=AWS4-HMAC-SHA256&X-Amz-Credential=AKIAYUBLFC5TP3LJIQ5H%2F20251003%2Fus-east-1%2Fs3%2Faws4_request&X-Amz-Date=20251003T135057Z&X-Amz-SignedHeaders=host&X-Amz-Expires=28800&X-Amz-Signature=4f54d6e8452859f120d2e238f5c20d83e1a17e1795a1d0177821d197219febcf', 'name': 'PETER KARIUKI-OFFER LETTER.pdf'}]",Anne Nekesa,,12936
8954100,253137,3004177,3275613,27996,183698.55,27554.78,25/07/2025,flat_rate,percentage,Month,15.0000,Months,1,3,1,0.00,round_off_to_two_decimal,,,,,,,,,,,,,,,,,,,,,,,,,,,,282371.99,282371.99,0,282371.99,183698.55,27554.78,8661.0,62457.659999999996,39,183698.55,27554.78,8661.0,62457.66,"[{'loan_id': 8716516}, {'loan_id': 8589472}, {'loan_id': 8174392}, {'loan_id': 7999416}, {'loan_id': 7876489}, {'loan_id': 7688678}, {'loan_id': 7513329}, {'loan_id': 7281776}, {'loan_id': 7168268}, {'loan_id': 6715088}, {'loan_id': 6590650}, {'loan_id': 6418311}, {'loan_id': 6245965}]",282371.99,25/08/2025,0.00,6,,0,,0,,0,,0,,0,,0,,0,,0,,0,,0,,0,,0,0,0,0,0,0,0,0,0,0,0,0,0.00,1,,,,"[{'id': 'custom_field_23347', 'name': 'Sales Person'}, {'id': 'custom_field_23167', 'name': 'National ID'}, {'id': 'custom_field_23348', 'name': 'Sales Person(Agent/TL/RO)'}]",KE,Felix,Mwinzi Mulwa,Mini Bakeris,9884365,Male,1,0705312505,mulwa_felix@yahoo.com,16/11/1983,Syokimau-SpringVille Estate ( House number 464),Nairobi,,,0783437504/0727872694/0721601436,Private Sector Employee,,636e1b76b421d-4032063.jpeg,,,[40280],22910176,-,"[{'file_id': 3082655, 's3_link': 'https://loandisk-borrowers.s3.amazonaws.com/FELIX%20MWINZI%20MULUA20221114_14244327%20%281%29-4050175.pdf?response-content-disposition=attachment%3B%20filename%3D%22FELIX%2520MWINZI%2520MULUA20221114_14244327%2520%25281%2529.pdf%22&X-Amz-Content-Sha256=UNSIGNED-PAYLOAD&X-Amz-Algorithm=AWS4-HMAC-SHA256&X-Amz-Credential=AKIAYUBLFC5TP3LJIQ5H%2F20251003%2Fus-east-1%2Fs3%2Faws4_request&X-Amz-Date=20251003T135057Z&X-Amz-SignedHeaders=host&X-Amz-Expires=28800&X-Amz-Signature=bbad65881e37ab97f5aee4d7de4efcc51ca2cda7a5483ea2d91a292ac3d7f535', 'name': 'FELIX MWINZI MULUA20221114_14244327 (1).pdf'}, {'file_id': 3082656, 's3_link': 'https://loandisk-borrowers.s3.amazonaws.com/FELIX%20MWINZI%20MULUA20221114_14221761%20%281%29-4050179.pdf?response-content-disposition=attachment%3B%20filename%3D%22FELIX%2520MWINZI%2520MULUA20221114_14221761%2520%25281%2529.pdf%22&X-Amz-Content-Sha256=UNSIGNED-PAYLOAD&X-Amz-Algorithm=AWS4-HMAC-SHA256&X-Amz-Credential=AKIAYUBLFC5TP3LJIQ5H%2F20251003%2Fus-east-1%2Fs3%2Faws4_request&X-Amz-Date=20251003T135057Z&X-Amz-SignedHeaders=host&X-Amz-Expires=28800&X-Amz-Signature=65c9995e1fcce638e4072273652823f167af85e0e7c7b0b9b3ac3f543bd7de78', 'name': 'FELIX MWINZI MULUA20221114_14221761 (1).pdf'}, {'file_id': 3082657, 's3_link': 'https://loandisk-borrowers.s3.amazonaws.com/FELIX%20MWINZI%20MULUA20221114_14202969%20%281%29-4050180.pdf?response-content-disposition=attachment%3B%20filename%3D%22FELIX%2520MWINZI%2520MULUA20221114_14202969%2520%25281%2529.pdf%22&X-Amz-Content-Sha256=UNSIGNED-PAYLOAD&X-Amz-Algorithm=AWS4-HMAC-SHA256&X-Amz-Credential=AKIAYUBLFC5TP3LJIQ5H%2F20251003%2Fus-east-1%2Fs3%2Faws4_request&X-Amz-Date=20251003T135057Z&X-Amz-SignedHeaders=host&X-Amz-Expires=28800&X-Amz-Signature=30fb1b11354c226fb609b582a78d3eccfb8c4d768f3ff03be6a5bec0d7ff454e', 'name': 'FELIX MWINZI MULUA20221114_14202969 (1).pdf'}]",https://loandisk-borrowers-photo-thumbnails.s3.amazonaws.com/636e1b76b421d-4032063.jpeg?X-Amz-Content-Sha256=UNSIGNED-PAYLOAD&X-Amz-Algorithm=AWS4-HMAC-SHA256&X-Amz-Credential=AKIAYUBLFC5TP3LJIQ5H%2F20251003%2Fus-east-1%2Fs3%2Faws4_request&X-Amz-Date=20251003T135057Z&X-Amz-SignedHeaders=host&X-Amz-Expires=28800&X-Amz-Signature=5dae629f0ec9db6456513c49ad1eeea9b6a05c2095be7c40dd1f85c14fb544e2,,anne,,12936
8999625,253137,6086872,3275641,27996,250000.00,56250.00,25/07/2025,flat_rate,percentage,Month,7.5000,Months,3,3,3,0.00,round_off_to_two_decimal,,,,,,,,,,,,,,,,,,,,,,,,,,,,340419.92,154044.08,1292.50,155336.58,129249.91,18750.0,3000.0,4336.669999999998,39,212583.25,37500.0,6000.0,4336.669999999998,"[{'loan_id': 8695068}, {'loan_id': 8451016}, {'loan_id': 8231428}, {'loan_id': 8101911}, {'loan_id': 7916028}, {'loan_id': 7640735}]",260419.92,25/10/2025,80000.00,5,,0,,0,,0,,0,,0,,0,,0,,0,,0,,0,,0,distribute_fees_evenly,9000.00,0,0,0,0,0,0,0,0,0,0,0,0.00,1,,,,"[{'id': 'custom_field_23347', 'name': 'Sales Person'}, {'id': 'custom_field_23167', 'name': 'National ID'}, {'id': 'custom_field_23348', 'name': 'Sales Person(Agent/TL/RO)'}]",KE,Eric,W Gicheru,RETAIL PHARMACY,7060135,Male,1,0714037053,ericgicheru@gmail.com,03/10/1966,KASARANI,Nairobi,Nairobi,,0717714344/0722748851,Owner,,6763b68c7e1bf-9994942.jpeg,,,[40280],7060135,-,"[{'file_id': 7167422, 's3_link': 'https://loandisk-borrowers.s3.amazonaws.com/ERIC%20GICHERU%20ID%20%26%20KRA%20PIN-9994940.pdf?response-content-disposition=attachment%3B%20filename%3D%22ERIC%2520GICHERU%2520ID%2520%2526%2520KRA%2520PIN.pdf%22&X-Amz-Content-Sha256=UNSIGNED-PAYLOAD&X-Amz-Algorithm=AWS4-HMAC-SHA256&X-Amz-Credential=AKIAYUBLFC5TP3LJIQ5H%2F20251003%2Fus-east-1%2Fs3%2Faws4_request&X-Amz-Date=20251003T135057Z&X-Amz-SignedHeaders=host&X-Amz-Expires=28800&X-Amz-Signature=a47858dd5fa3ec9d542300c7be112e381dd9aa043bdec1a3c1cb77f841ee5cc0', 'name': 'ERIC GICHERU ID & KRA PIN.pdf'}]",https://loandisk-borrowers-photo-thumbnails.s3.amazonaws.com/6763b68c7e1bf-9994942.jpeg?X-Amz-Content-Sha256=UNSIGNED-PAYLOAD&X-Amz-Algorithm=AWS4-HMAC-SHA256&X-Amz-Credential=AKIAYUBLFC5TP3LJIQ5H%2F20251003%2Fus-east-1%2Fs3%2Faws4_request&X-Amz-Date=20251003T135057Z&X-Amz-SignedHeaders=host&X-Amz-Expires=28800&X-Amz-Signature=771e78f24959500ce7a5eeb99f2479d9087bc28e25b9ca7ec372bbbbd0e9a5d3,"[{'file_id': 8758885, 's3_link': 'https://loandisk-loans.s3.amazonaws.com/ERICK%20GICHERU-RESTRUCTURE%20OFFER%20LETTER-12337036.pdf?response-content-disposition=attachment%3B%20filename%3D%22ERICK%2520GICHERU-RESTRUCTURE%2520OFFER%2520LETTER.pdf%22&X-Amz-Content-Sha256=UNSIGNED-PAYLOAD&X-Amz-Algorithm=AWS4-HMAC-SHA256&X-Amz-Credential=AKIAYUBLFC5TP3LJIQ5H%2F20251003%2Fus-east-1%2Fs3%2Faws4_request&X-Amz-Date=20251003T135057Z&X-Amz-SignedHeaders=host&X-Amz-Expires=28800&X-Amz-Signature=6207047eb5b8dfd6788672d7d6055415f032f0aa8ec4455e1c7407df72385169', 'name': 'ERICK GICHERU-RESTRUCTURE OFFER LETTER.pdf'}]",Anne Nekesa,,12936
9006494,36800,3680459,3275646,27996,29849.34,4477.40,04/08/2025,flat_rate,percentage,Month,15.0000,Months,1,3,1,0.00,round_off_to_two_decimal,,,,,,,,,,,,,,,,,,,,,,,,,,,,42684.46,42684.46,0,42684.46,29849.34,4477.4,0.0,8357.72,29,29849.34,4477.4,0.0,8357.72,"[{'loan_id': 8817023}, {'loan_id': 8509302}, {'loan_id': 8392601}, {'loan_id': 8083325}, {'loan_id': 7929990}, {'loan_id': 7693747}, {'loan_id': 7554831}, {'loan_id': 7360128}, {'loan_id': 7215491}, {'loan_id': 6817201}, {'loan_id': 6651391}, {'loan_id': 6490310}, {'loan_id': 6287208}]",42684.46,04/09/2025,0.00,6,,0,,0,,0,,0,,0,,0,,0,,0,,0,,0,,0,,0,0,0,0,0,0,0,0,0,0,0,0,0.00,1,,,,"[{'id': 'custom_field_23347', 'name': 'Sales Person'}, {'id': 'custom_field_23167', 'name': 'National ID'}, {'id': 'custom_field_23348', 'name': 'Sales Person(Agent/TL/RO)'}]",KE,Michael,Ogutu  Oduor,,9884353,Male,1,0722617063,michealoduoragutu@gmail.com,,,,,,,,,,,,[39213],13681687,s,,,,Clement Lukoye,,12936
9032107,240139,6734927,3275666,27999,47042.00,9410.00,25/07/2025,flat_rate,percentage,Month,2.0000,Months,10,3,10,0.00,round_off_to_integer,,0.0,0.0,0.0,,0.00,0.00,,0.00,0.0,charge_interest_normally,charge_principal_normally,0.00,0.0,0.0,0.0,0.0,0.0,,0.0,0.0000,0.0,,,0.0,0.0,,57452.00,0.0,5745,5745.0,4704.0,941.0,100.0,0.0,8,42338.0,8469.0,900.0,0.0,[],51707.00,25/05/2026,5745.00,5,,0,,0,,0,distribute_fees_evenly,1000.00,,0,,0,,0,,0,,0,,0,,0,,0,0,0,0,0,0,0,0,0,0,0,0,0.00,1,0.0,,,"[{'id': 'custom_field_23347', 'name': 'Sales Person'}, {'id': 'custom_field_23167', 'name': 'National ID'}, {'id': 'custom_field_23348', 'name': 'Sales Person(Agent/TL/RO)'}]",KE,Edward,Misheck Kere,EDCOMM SOLUTIONS,LR-2025-07-10073,Male,1,0729304109,kereedward@gmail.com,23/04/1978,KINOO,Nairobi,Nairobi,,0721264226,Owner,,68889f1c0b09f-12159506.jpeg,,,[97555],20243164,Kevin Odongo,"[{'file_id': 8612408, 's3_link': 'https://loandisk-borrowers.s3.amazonaws.com/LOAN_CALCULATOR_EDWARD_MISHECK-12119379.xlsx?response-content-disposition=attachment%3B%20filename%3D%22LOAN_CALCULATOR_EDWARD_MISHECK.xlsx%22&X-Amz-Content-Sha256=UNSIGNED-PAYLOAD&X-Amz-Algorithm=AWS4-HMAC-SHA256&X-Amz-Credential=AKIAYUBLFC5TP3LJIQ5H%2F20251003%2Fus-east-1%2Fs3%2Faws4_request&X-Amz-Date=20251003T135058Z&X-Amz-SignedHeaders=host&X-Amz-Expires=28800&X-Amz-Signature=3fe8610002261782048e5cdeca5311a04310a9b564ca6c0b767fa035813a5220', 'name': 'LOAN_CALCULATOR_EDWARD_MISHECK.xlsx'}, {'file_id': 8612409, 's3_link': 'https://loandisk-borrowers.s3.amazonaws.com/WhatsApp%20Image%202025-07-25%20at%2009.35.24-12119390.jpeg?response-content-disposition=attachment%3B%20filename%3D%22WhatsApp%2520Image%25202025-07-25%2520at%252009.35.24.jpeg%22&X-Amz-Content-Sha256=UNSIGNED-PAYLOAD&X-Amz-Algorithm=AWS4-HMAC-SHA256&X-Amz-Credential=AKIAYUBLFC5TP3LJIQ5H%2F20251003%2Fus-east-1%2Fs3%2Faws4_request&X-Amz-Date=20251003T135058Z&X-Amz-SignedHeaders=host&X-Amz-Expires=28800&X-Amz-Signature=d1e7da50a24011eb12948fbaed53e9ae056995cb9b3b0716b9c34a11126c9c8c', 'name': 'WhatsApp Image 2025-07-25 at 09.35.24.jpeg'}, {'file_id': 8612410, 's3_link': 'https://loandisk-borrowers.s3.amazonaws.com/KDE679R_1752839577_valuation%20%281%29%20%282%29-12119385.pdf?response-content-disposition=attachment%3B%20filename%3D%22KDE679R_1752839577_valuation%2520%25281%2529%2520%25282%2529.pdf%22&X-Amz-Content-Sha256=UNSIGNED-PAYLOAD&X-Amz-Algorithm=AWS4-HMAC-SHA256&X-Amz-Credential=AKIAYUBLFC5TP3LJIQ5H%2F20251003%2Fus-east-1%2Fs3%2Faws4_request&X-Amz-Date=20251003T135058Z&X-Amz-SignedHeaders=host&X-Amz-Expires=28800&X-Amz-Signature=80bc311d079217300dab3390766fe55c3815c3f6108d12a5f4748c6fe1dd5293', 'name': 'KDE679R_1752839577_valuation (1) (2).pdf'}, {'file_id': 8640689, 's3_link': 'https://loandisk-borrowers.s3.amazonaws.com/EDWARD%20MISHECK%20ID%20%26%20KRA%20PIN-12159668.pdf?response-content-disposition=attachment%3B%20filename%3D%22EDWARD%2520MISHECK%2520ID%2520%2526%2520KRA%2520PIN.pdf%22&X-Amz-Content-Sha256=UNSIGNED-PAYLOAD&X-Amz-Algorithm=AWS4-HMAC-SHA256&X-Amz-Credential=AKIAYUBLFC5TP3LJIQ5H%2F20251003%2Fus-east-1%2Fs3%2Faws4_request&X-Amz-Date=20251003T135058Z&X-Amz-SignedHeaders=host&X-Amz-Expires=28800&X-Amz-Signature=f44cd71f7b7ebfc3728fde5e0cbd11a4d3b64da9565a9d5201a7ea4de25ae90f', 'name': 'EDWARD MISHECK ID & KRA PIN.pdf'}]",https://loandisk-borrowers-photo-thumbnails.s3.amazonaws.com/68889f1c0b09f-12159506.jpeg?X-Amz-Content-Sha256=UNSIGNED-PAYLOAD&X-Amz-Algorithm=AWS4-HMAC-SHA256&X-Amz-Credential=AKIAYUBLFC5TP3LJIQ5H%2F20251003%2Fus-east-1%2Fs3%2Faws4_request&X-Amz-Date=20251003T135058Z&X-Amz-SignedHeaders=host&X-Amz-Expires=28800&X-Amz-Signature=e4b183fc38f257e97d3d2d0e9940243482117f32711f904022ec188ba1de4896,,Kevin,,12936
9068586,253137,1791828,3275681,27996,64632.11,9694.82,16/08/2025,flat_rate,percentage,Month,15.0000,Months,1,3,1,0.00,round_off_to_two_decimal,,,,,,,,,,,,,,,,,,,,,,,,,,,,82082.77,82082.77,0,82082.77,64632.11,9694.82,0.0,7755.84,17,64632.11,9694.82,0.0,7755.84,"[{'loan_id': 8914332}, {'loan_id': 8695128}, {'loan_id': 8522037}, {'loan_id': 8260010}]",82082.77,16/09/2025,0.00,6,,0,,0,,0,,0,,0,,0,,0,,0,,0,,0,,0,,0,0,0,0,0,0,0,0,0,0,0,0,0.00,1,,,,"[{'id': 'custom_field_23347', 'name': 'Sales Person'}, {'id': 'custom_field_23167', 'name': 'National ID'}]",KE,Erick,Kinyua Njagi,,1379323,Male,1,0722808864,kinyuaecho@gmail.com,20/05/1979,kasarani,Nairobi,Nairobi,,0717453244,,,6094dd7d44d44-1215480.jpeg,,,[40280],21573746,,"[{'file_id': 970400, 's3_link': 'https://loandisk-borrowers.s3.amazonaws.com/Document%202%20%282%29-1215473.pdf?response-content-disposition=attachment%3B%20filename%3D%22Document%25202%2520%25282%2529.pdf%22&X-Amz-Content-Sha256=UNSIGNED-PAYLOAD&X-Amz-Algorithm=AWS4-HMAC-SHA256&X-Amz-Credential=AKIAYUBLFC5TP3LJIQ5H%2F20251003%2Fus-east-1%2Fs3%2Faws4_request&X-Amz-Date=20251003T135058Z&X-Amz-SignedHeaders=host&X-Amz-Expires=28800&X-Amz-Signature=3672120ff1da361018d6a0286e33f3a4ade0b8abfe26377aef32f9c30ea45297', 'name': 'Document 2 (2).pdf'}, {'file_id': 970401, 's3_link': 'https://loandisk-borrowers.s3.amazonaws.com/Document%202%20%281%29-1215474.pdf?response-content-disposition=attachment%3B%20filename%3D%22Document%25202%2520%25281%2529.pdf%22&X-Amz-Content-Sha256=UNSIGNED-PAYLOAD&X-Amz-Algorithm=AWS4-HMAC-SHA256&X-Amz-Credential=AKIAYUBLFC5TP3LJIQ5H%2F20251003%2Fus-east-1%2Fs3%2Faws4_request&X-Amz-Date=20251003T135058Z&X-Amz-SignedHeaders=host&X-Amz-Expires=28800&X-Amz-Signature=c32889baa608963968c407c8b6e9b8f197c65fbe81e3b0d31ac54ee868dba0ed', 'name': 'Document 2 (1).pdf'}, {'file_id': 970402, 's3_link': 'https://loandisk-borrowers.s3.amazonaws.com/Document%202-1215475.pdf?response-content-disposition=attachment%3B%20filename%3D%22Document%25202.pdf%22&X-Amz-Content-Sha256=UNSIGNED-PAYLOAD&X-Amz-Algorithm=AWS4-HMAC-SHA256&X-Amz-Credential=AKIAYUBLFC5TP3LJIQ5H%2F20251003%2Fus-east-1%2Fs3%2Faws4_request&X-Amz-Date=20251003T135058Z&X-Amz-SignedHeaders=host&X-Amz-Expires=28800&X-Amz-Signature=673db044068b294ba917ce8d220584e594a240ee5af6e3cebbfcad3b732357cd', 'name': 'Document 2.pdf'}]",https://loandisk-borrowers-photo-thumbnails.s3.amazonaws.com/6094dd7d44d44-1215480.jpeg?X-Amz-Content-Sha256=UNSIGNED-PAYLOAD&X-Amz-Algorithm=AWS4-HMAC-SHA256&X-Amz-Credential=AKIAYUBLFC5TP3LJIQ5H%2F20251003%2Fus-east-1%2Fs3%2Faws4_request&X-Amz-Date=20251003T135058Z&X-Amz-SignedHeaders=host&X-Amz-Expires=28800&X-Amz-Signature=293a9f5b3f0814a6e9d5a0592d2e9c636239e2b9a3ee94f709dec7a3aa9f1579,,anne,,12936
9079922,253137,6163707,3275691,27996,99207.74,14881.16,24/08/2025,flat_rate,percentage,Month,15.0000,Months,1,3,1,0.00,round_off_to_two_decimal,,,,,,,,,,,,,,,,,,,,,,,,,,,,118034.52,100034.51999999999,0,100034.51999999999,98073.06000000001,0.0,0.0,1961.4599999999998,9,98073.06000000001,0.0,0.0,1961.4599999999998,"[{'loan_id': 8981586}, {'loan_id': 8746888}, {'loan_id': 8579027}, {'loan_id': 8424619}, {'loan_id': 8174348}, {'loan_id': 7955715}, {'loan_id': 7749666}]",100034.52,24/09/2025,18000.00,6,,0,,0,,0,,0,,0,,0,,0,,0,,0,,0,,0,,0,0,0,0,0,0,0,0,0,0,0,0,0.00,1,,,,"[{'id': 'custom_field_23347', 'name': 'Sales Person'}, {'id': 'custom_field_23167', 'name': 'National ID'}, {'id': 'custom_field_23348', 'name': 'Sales Person(Agent/TL/RO)'}]",KE,Alex,Otieno Okwengu,TRANSPORT,22802866,Male,1,0722691945,alokwengu@gmail.com,18/08/1982,,Nairobi,Nairobi,,0720355723/0713218650,,,6794a8f95f69a-10289392.jpeg,,,[39213],22802866,-,"[{'file_id': 7365945, 's3_link': 'https://loandisk-borrowers.s3.amazonaws.com/ALEX%20OTIENO%20ID%20%26%20KRA%20PIN-10289391.pdf?response-content-disposition=attachment%3B%20filename%3D%22ALEX%2520OTIENO%2520ID%2520%2526%2520KRA%2520PIN.pdf%22&X-Amz-Content-Sha256=UNSIGNED-PAYLOAD&X-Amz-Algorithm=AWS4-HMAC-SHA256&X-Amz-Credential=AKIAYUBLFC5TP3LJIQ5H%2F20251003%2Fus-east-1%2Fs3%2Faws4_request&X-Amz-Date=20251003T135058Z&X-Amz-SignedHeaders=host&X-Amz-Expires=28800&X-Amz-Signature=98cec37957e413290092b311ce828c1431b42abf85e945713eb66cf4a918396a', 'name': 'ALEX OTIENO ID & KRA PIN.pdf'}]",https://loandisk-borrowers-photo-thumbnails.s3.amazonaws.com/6794a8f95f69a-10289392.jpeg?X-Amz-Content-Sha256=UNSIGNED-PAYLOAD&X-Amz-Algorithm=AWS4-HMAC-SHA256&X-Amz-Credential=AKIAYUBLFC5TP3LJIQ5H%2F20251003%2Fus-east-1%2Fs3%2Faws4_request&X-Amz-Date=20251003T135058Z&X-Amz-SignedHeaders=host&X-Amz-Expires=28800&X-Amz-Signature=7a81c00d2d9b2806b4996a06eb2b374ab0ea7f74018af5e56139049692409640,,Clement,,12936
9092774,253137,3796409,3275695,27996,121337.47,18200.62,26/08/2025,flat_rate,percentage,Month,15.0000,Months,1,3,1,0.00,round_off_to_two_decimal,,,,,,,,,,,,,,,,,,,,,,,,,,,,141964.83,141964.83,0,141964.83,121337.47,18200.62,0.0,2426.74,7,121337.47,18200.62,0.0,2426.74,"[{'loan_id': 8905018}, {'loan_id': 8708617}, {'loan_id': 8647008}, {'loan_id': 8333771}, {'loan_id': 8133005}, {'loan_id': 7954569}, {'loan_id': 7770652}, {'loan_id': 7600977}, {'loan_id': 7432501}, {'loan_id': 7239596}, {'loan_id': 7065501}]",141964.83,26/09/2025,0.00,6,,0,,0,,0,,0,,0,,0,,0,,0,,0,,0,,0,,0,0,0,0,0,0,0,0,0,0,0,0,0.00,1,,,,"[{'id': 'custom_field_23347', 'name': 'Sales Person'}, {'id': 'custom_field_23167', 'name': 'National ID'}, {'id': 'custom_field_23348', 'name': 'Sales Person(Agent/TL/RO)'}]",KE,Justus,Mutuku Nduto,MINISTRY OF  DEFENCE,29566118,Male,1,0715466761,justusnduto@gmail.com,10/10/1993,"KAHAWA,224 WAMUNYU",Nairobi,Nairobi,,0716406639,Government Employee,,648027cdb1978-5476259.jpeg,,,[40280],29566118,Anne Nekesa,,https://loandisk-borrowers-photo-thumbnails.s3.amazonaws.com/648027cdb1978-5476259.jpeg?X-Amz-Content-Sha256=UNSIGNED-PAYLOAD&X-Amz-Algorithm=AWS4-HMAC-SHA256&X-Amz-Credential=AKIAYUBLFC5TP3LJIQ5H%2F20251003%2Fus-east-1%2Fs3%2Faws4_request&X-Amz-Date=20251003T135059Z&X-Amz-SignedHeaders=host&X-Amz-Expires=28800&X-Amz-Signature=82a30bd7e8bc36244c54de8bf4a092a6b916c00ad943e3a12c7826b27f19c1c9,,anne,,12936
9096370,36826,6376156,3275701,27999,35000.00,4200.00,27/08/2025,flat_rate,percentage,Month,4.0000,Months,3,3,3,0.00,round_off_to_two_decimal,,,,,,,,,,,,,,,,,,,,,,,,,,,,39783.35,0.0,13066.67,13066.67,11666.67,1400.0,0.0,0.0,6,35000.0,4200.0,0.0,0.0,[],39200.00,27/11/2025,583.35,16,,0,,0,,0,,0,,0,,0,,0,,0,,0,,0,,0,,0,0,0,0,0,0,0,0,0,0,0,0,0.00,1,,,,"[{'id': 'custom_field_23347', 'name': 'Sales Person'}, {'id': 'custom_field_23167', 'name': 'National ID'}, {'id': 'custom_field_23348', 'name': 'Sales Person(Agent/TL/RO)'}]",KE,Brian,Simiyu Murunga,EXOTIC SOLUTIONS LTD,LR-2025-04-10022,Male,1,0726965182,brianmurunga@gmail.com,16/01/1986,EMBAKASI,Nairobi,Nairobi,,0722875226/0715348610,Owner,,,,,[97555],24369011,Cecilia mackson,"[{'file_id': 7920366, 's3_link': 'https://loandisk-borrowers.s3.amazonaws.com/BRIAN%20SIMIYU%20ID%20%26%20KRA%20PIN-11112337.pdf?response-content-disposition=attachment%3B%20filename%3D%22BRIAN%2520SIMIYU%2520ID%2520%2526%2520KRA%2520PIN.pdf%22&X-Amz-Content-Sha256=UNSIGNED-PAYLOAD&X-Amz-Algorithm=AWS4-HMAC-SHA256&X-Amz-Credential=AKIAYUBLFC5TP3LJIQ5H%2F20251003%2Fus-east-1%2Fs3%2Faws4_request&X-Amz-Date=20251003T135059Z&X-Amz-SignedHeaders=host&X-Amz-Expires=28800&X-Amz-Signature=75ed7bd4e8de6ca731b6dcf7679f974fd22b5602ee68c15c223dbc8c3aa73a5c', 'name': 'BRIAN SIMIYU ID & KRA PIN.pdf'}]",,"[{'file_id': 8882758, 's3_link': 'https://loandisk-loans.s3.amazonaws.com/BRIAN%20MURUNGA-OFFER%20LETTER-12511057.pdf?response-content-disposition=attachment%3B%20filename%3D%22BRIAN%2520MURUNGA-OFFER%2520LETTER.pdf%22&X-Amz-Content-Sha256=UNSIGNED-PAYLOAD&X-Amz-Algorithm=AWS4-HMAC-SHA256&X-Amz-Credential=AKIAYUBLFC5TP3LJIQ5H%2F20251003%2Fus-east-1%2Fs3%2Faws4_request&X-Amz-Date=20251003T135059Z&X-Amz-SignedHeaders=host&X-Amz-Expires=28800&X-Amz-Signature=f98bcfe8b88cd557070e573985bbdf7e4ff65bd3812202366afb0473bed1b5a1', 'name': 'BRIAN MURUNGA-OFFER LETTER.pdf'}]",Cecilia Mackson,,12936
9103371,253137,5694078,3275706,27999,10000.00,1500.00,28/08/2025,flat_rate,percentage,Month,15.0000,Months,1,3,1,0.00,round_off_to_two_decimal,,,,,,,,,,,,,,,,,,,,,,,,,,,,11500.00,11500.0,0,11500.0,10000.0,1500.0,0.0,0.0,5,10000.0,1500.0,0.0,0.0,[],11500.00,28/09/2025,0.00,6,,0,,0,,0,,0,,0,,0,,0,,0,,0,,0,,0,,0,0,0,0,0,0,0,0,0,0,0,0,0.00,1,,,,"[{'id': 'custom_field_23347', 'name': 'Sales Person'}, {'id': 'custom_field_23167', 'name': 'National ID'}, {'id': 'custom_field_23348', 'name': 'Sales Person(Agent/TL/RO)'}]",KE,Shadrack,Rubia Ekombe,TEACHING,27765774,Male,1,0722494368,rubiashadrack1234@gmail.com,18/11/1989,MOMBASA ROAD-LANGATA RD-WESTPARK POLICE STATION BLOCK E14 DOOR 11,Nairobi,Nairobi,,0717068619,Employee,,66d03da6c21c9-8951257.jpeg,,,[97555],27765774,Clement Lukoye,"[{'file_id': 6450192, 's3_link': 'https://loandisk-borrowers.s3.amazonaws.com/Image%20%2811%29%20%288%29-8951757.pdf?response-content-disposition=attachment%3B%20filename%3D%22Image%2520%252811%2529%2520%25288%2529.pdf%22&X-Amz-Content-Sha256=UNSIGNED-PAYLOAD&X-Amz-Algorithm=AWS4-HMAC-SHA256&X-Amz-Credential=AKIAYUBLFC5TP3LJIQ5H%2F20251003%2Fus-east-1%2Fs3%2Faws4_request&X-Amz-Date=20251003T135059Z&X-Amz-SignedHeaders=host&X-Amz-Expires=28800&X-Amz-Signature=c470be5075ba3cd0e0b0617f28beead6c4fb72a07892bc07d3b3da370a94b9ff', 'name': 'Image (11) (8).pdf'}]",https://loandisk-borrowers-photo-thumbnails.s3.amazonaws.com/66d03da6c21c9-8951257.jpeg?X-Amz-Content-Sha256=UNSIGNED-PAYLOAD&X-Amz-Algorithm=AWS4-HMAC-SHA256&X-Amz-Credential=AKIAYUBLFC5TP3LJIQ5H%2F20251003%2Fus-east-1%2Fs3%2Faws4_request&X-Amz-Date=20251003T135059Z&X-Amz-SignedHeaders=host&X-Amz-Expires=28800&X-Amz-Signature=e51b6ce810ab49f728693cce3530b1a3af8ca37b14163cf16a50dbb9e876d703,"[{'file_id': 8882857, 's3_link': 'https://loandisk-loans.s3.amazonaws.com/SHADRACK%20RUBIA-LETTER%20OF%20OFFER-12511178.pdf?response-content-disposition=attachment%3B%20filename%3D%22SHADRACK%2520RUBIA-LETTER%2520OF%2520OFFER.pdf%22&X-Amz-Content-Sha256=UNSIGNED-PAYLOAD&X-Amz-Algorithm=AWS4-HMAC-SHA256&X-Amz-Credential=AKIAYUBLFC5TP3LJIQ5H%2F20251003%2Fus-east-1%2Fs3%2Faws4_request&X-Amz-Date=20251003T135059Z&X-Amz-SignedHeaders=host&X-Amz-Expires=28800&X-Amz-Signature=d4d8ef3ee0db192fd1f78add8555ce004d64d1d1e4c0c542d9a34fa5859d1793', 'name': 'SHADRACK RUBIA-LETTER OF OFFER.pdf'}]",Vincent Odede,,12936
9104238,253137,5198830,3275708,27996,389800.00,38980.00,28/08/2025,flat_rate,percentage,Month,10.0000,Months,1,3,1,0.00,round_off_to_two_decimal,,,,,,,,,,,,,,,,,,,,,,,,,,,,428780.00,428780.0,0,428780.0,389800.0,38980.0,0.0,0.0,5,389800.0,38980.0,0.0,0.0,"[{'loan_id': 8927180}, {'loan_id': 8707563}]",428780.00,28/09/2025,0.00,6,,0,,0,,0,,0,,0,,0,,0,,0,,0,,0,,0,,0,0,0,0,0,0,0,0,0,0,0,0,0.00,1,,,,"[{'id': 'custom_field_23347', 'name': 'Sales Person'}, {'id': 'custom_field_23167', 'name': 'National ID'}, {'id': 'custom_field_23348', 'name': 'Sales Person(Agent/TL/RO)'}]",KE,Jane,Wambui,,9884379,Female,2,0705126671,jaynniengumi@gmail.com,01/01/1990,,Nairobi,Nairobi,,0745547070,Owner,,,,,[40280],27629653,anne,,,,anne,,12936
9124726,36826,6396070,3275718,27999,35000.00,7875.00,01/09/2025,flat_rate,percentage,Month,7.5000,Months,3,3,3,0.00,round_off_to_two_decimal,,,,,,,,,,,,,,,,,,,,,,,,,,,,42991.67,14291.67,116.67,14408.34,11666.67,2625.0,0.0,116.67,2,35000.0,7875.0,0.0,116.67,[],42991.67,01/12/2025,0.00,5,,0,,0,,0,,0,,0,,0,,0,,0,,0,,0,,0,,0,0,0,0,0,0,0,0,0,0,0,0,0.00,1,,,,"[{'id': 'custom_field_23347', 'name': 'Sales Person'}, {'id': 'custom_field_23167', 'name': 'National ID'}, {'id': 'custom_field_23348', 'name': 'Sales Person(Agent/TL/RO)'}]",KE,Stephen,Wanjohi Maina,TEXAS BUTCHERY,LR-2025-04-10028,Male,1,0712467155,mainasteve@gmail.com,16/06/1984,KOMAROCK,Nairobi,Nairobi,,0719520556,Owner,,68077991298a1-11149393.jpeg,,,[97555],25519054,Vincent Odede,"[{'file_id': 7946115, 's3_link': 'https://loandisk-borrowers.s3.amazonaws.com/STEPHEN%20ID%20%20KRA%20PIN-11149379.pdf?response-content-disposition=attachment%3B%20filename%3D%22STEPHEN%2520ID%2520%2520KRA%2520PIN.pdf%22&X-Amz-Content-Sha256=UNSIGNED-PAYLOAD&X-Amz-Algorithm=AWS4-HMAC-SHA256&X-Amz-Credential=AKIAYUBLFC5TP3LJIQ5H%2F20251003%2Fus-east-1%2Fs3%2Faws4_request&X-Amz-Date=20251003T135059Z&X-Amz-SignedHeaders=host&X-Amz-Expires=28800&X-Amz-Signature=3fb09df3866cbdcc26e695d77cf82c911b47e1ada433d5e3d0e7e34cab57cf41', 'name': 'STEPHEN ID  KRA PIN.pdf'}]",https://loandisk-borrowers-photo-thumbnails.s3.amazonaws.com/68077991298a1-11149393.jpeg?X-Amz-Content-Sha256=UNSIGNED-PAYLOAD&X-Amz-Algorithm=AWS4-HMAC-SHA256&X-Amz-Credential=AKIAYUBLFC5TP3LJIQ5H%2F20251003%2Fus-east-1%2Fs3%2Faws4_request&X-Amz-Date=20251003T135059Z&X-Amz-SignedHeaders=host&X-Amz-Expires=28800&X-Amz-Signature=82723203c9de745418cc1a530ff52a102b809f16eaf02f1d4140debc605bc5cc,"[{'file_id': 8918353, 's3_link': 'https://loandisk-loans.s3.amazonaws.com/STEPHEN%20WANJOHI%20MAINA%20%20OFFER%20LETTER-12568959.pdf?response-content-disposition=attachment%3B%20filename%3D%22STEPHEN%2520WANJOHI%2520MAINA%2520%2520OFFER%2520LETTER.pdf%22&X-Amz-Content-Sha256=UNSIGNED-PAYLOAD&X-Amz-Algorithm=AWS4-HMAC-SHA256&X-Amz-Credential=AKIAYUBLFC5TP3LJIQ5H%2F20251003%2Fus-east-1%2Fs3%2Faws4_request&X-Amz-Date=20251003T135059Z&X-Amz-SignedHeaders=host&X-Amz-Expires=28800&X-Amz-Signature=b83d9b5341e184079f89df6f18ee87aab691bbc0cad4ce76ab3bfc990583de23', 'name': 'STEPHEN WANJOHI MAINA  OFFER LETTER.pdf'}]",Vincent Odede,,12936
9134997,300334,5706382,3275720,27996,298539.79,286598.20,02/09/2025,flat_rate,percentage,Month,4.0000,Months,24,3,24,0.00,round_off_to_two_decimal,,,,,,,,,,,,,,,,,,,,,,,,,,,,674839.06,28106.58,281.07,28387.65,12439.16,11941.59,3725.83,281.07,1,298539.79,286598.2,89420.0,281.07,"[{'loan_id': 8745499}, {'loan_id': 8563964}, {'loan_id': 8392554}, {'loan_id': 8219837}, {'loan_id': 7998143}, {'loan_id': 7916017}, {'loan_id': 7712144}, {'loan_id': 7538983}, {'loan_id': 7379912}, {'loan_id': 7257820}, {'loan_id': 6923189}]",674839.06,02/09/2027,0.00,5,,0,,0,,0,,0,,0,,0,,0,,0,,0,,0,distribute_fees_evenly,17420.00,distribute_fees_evenly,72000.00,0,0,0,0,0,0,0,0,0,0,0,0.00,1,,,,"[{'id': 'custom_field_23347', 'name': 'Sales Person'}, {'id': 'custom_field_23167', 'name': 'National ID'}, {'id': 'custom_field_23348', 'name': 'Sales Person(Agent/TL/RO)'}]",KE,Evans,Mbithi Kioko,VANSLYN PRIME LTD,30733587,Male,1,0704278498,evanskioko16@gmail.com,10/07/1993,MOMBASA ROAD-OLA P/STATION-EVEREST PARK ESTATE,Nairobi,Nairobi,,0701792809,Owner,,66d6e549daeaa-9001389.jpeg,,,[39213],30733587,-,"[{'file_id': 6480642, 's3_link': 'https://loandisk-borrowers.s3.amazonaws.com/Image%20%2811%29%20%289%29-9001831.pdf?response-content-disposition=attachment%3B%20filename%3D%22Image%2520%252811%2529%2520%25289%2529.pdf%22&X-Amz-Content-Sha256=UNSIGNED-PAYLOAD&X-Amz-Algorithm=AWS4-HMAC-SHA256&X-Amz-Credential=AKIAYUBLFC5TP3LJIQ5H%2F20251003%2Fus-east-1%2Fs3%2Faws4_request&X-Amz-Date=20251003T135100Z&X-Amz-SignedHeaders=host&X-Amz-Expires=28800&X-Amz-Signature=a2287d828b9460fa89280fd2713a368cde41b78e5cc429faa6718f9022d02913', 'name': 'Image (11) (9).pdf'}]",https://loandisk-borrowers-photo-thumbnails.s3.amazonaws.com/66d6e549daeaa-9001389.jpeg?X-Amz-Content-Sha256=UNSIGNED-PAYLOAD&X-Amz-Algorithm=AWS4-HMAC-SHA256&X-Amz-Credential=AKIAYUBLFC5TP3LJIQ5H%2F20251003%2Fus-east-1%2Fs3%2Faws4_request&X-Amz-Date=20251003T135100Z&X-Amz-SignedHeaders=host&X-Amz-Expires=28800&X-Amz-Signature=13b536ef33fee60db4ff63b011cf921b58cb2eda3eb9748af58f446791dba5db,"[{'file_id': 8937809, 's3_link': 'https://loandisk-loans.s3.amazonaws.com/EVANS%20MBITHI%20KIOKO%20%20OFFER%20LETTER_0001-12598263.pdf?response-content-disposition=attachment%3B%20filename%3D%22EVANS%2520MBITHI%2520KIOKO%2520%2520OFFER%2520LETTER_0001.pdf%22&X-Amz-Content-Sha256=UNSIGNED-PAYLOAD&X-Amz-Algorithm=AWS4-HMAC-SHA256&X-Amz-Credential=AKIAYUBLFC5TP3LJIQ5H%2F20251003%2Fus-east-1%2Fs3%2Faws4_request&X-Amz-Date=20251003T135100Z&X-Amz-SignedHeaders=host&X-Amz-Expires=28800&X-Amz-Signature=fd429339a1acc68902e69dbcfd7c845ddf003adec6dd96fbf34540f193570095', 'name': 'EVANS MBITHI KIOKO  OFFER LETTER_0001.pdf'}]",Clement Lukoye,,12936
9135715,253137,2195667,3275722,27996,152076.54,22811.48,28/08/2025,flat_rate,percentage,Month,15.0000,Months,1,3,1,0.00,round_off_to_two_decimal,,,,,,,,,,,,,,,,,,,,,,,,,,,,174888.02,174888.02,0,174888.02,152076.54,22811.48,0.0,0.0,5,152076.54,22811.48,0.0,0.0,"[{'loan_id': 8965777}, {'loan_id': 8714816}, {'loan_id': 8526158}, {'loan_id': 8368767}, {'loan_id': 8178067}, {'loan_id': 8008540}, {'loan_id': 7856852}, {'loan_id': 7636519}, {'loan_id': 7555815}, {'loan_id': 7408157}, {'loan_id': 7096844}, {'loan_id': 6896486}]",174888.02,28/09/2025,0.00,6,,0,,0,,0,,0,,0,,0,,0,,0,,0,,0,,0,,0,0,0,0,0,0,0,0,0,0,0,0,0.00,1,,,,"[{'id': 'custom_field_23347', 'name': 'Sales Person'}, {'id': 'custom_field_23167', 'name': 'National ID'}, {'id': 'custom_field_23348', 'name': 'Sales Person(Agent/TL/RO)'}]",KE,Morris,Sahani,,22701120,Male,1,0722909574,kcmuray200@gmail.com,22/09/1980,nairobi south,nairobi,nairobi,,0722909574,,,618f6bc72a0cf-1956883.jpg,,,[40280],22701120,Anne Nekesa,,https://loandisk-borrowers-photo-thumbnails.s3.amazonaws.com/618f6bc72a0cf-1956883.jpg?X-Amz-Content-Sha256=UNSIGNED-PAYLOAD&X-Amz-Algorithm=AWS4-HMAC-SHA256&X-Amz-Credential=AKIAYUBLFC5TP3LJIQ5H%2F20251003%2Fus-east-1%2Fs3%2Faws4_request&X-Amz-Date=20251003T135100Z&X-Amz-SignedHeaders=host&X-Amz-Expires=28800&X-Amz-Signature=edfa1bda68ba4f3b1326c3f4f871526038f758da72d1f740b7d17f86a09b6d59,,anne,,12936
9138438,253137,2316908,3275724,27996,71464.26,10719.64,02/09/2025,flat_rate,percentage,Month,15.0000,Months,1,3,1,0.00,round_off_to_two_decimal,,,,,,,,,,,,,,,,,,,,,,,,,,,,82183.90,72183.9,0,72183.9,71464.26,719.6399999999994,0.0,0.0,1,71464.26,719.6399999999994,0.0,0.0,"[{'loan_id': 8940759}, {'loan_id': 8728906}, {'loan_id': 8579908}, {'loan_id': 8368785}, {'loan_id': 8204910}, {'loan_id': 7987061}, {'loan_id': 7811423}, {'loan_id': 7636569}, {'loan_id': 7497778}, {'loan_id': 7275306}]",72183.90,02/10/2025,10000.00,6,,0,,0,,0,,0,,0,,0,,0,,0,,0,,0,,0,,0,0,0,0,0,0,0,0,0,0,0,0,0.00,1,,,,"[{'id': 'custom_field_23347', 'name': 'Sales Person'}, {'id': 'custom_field_23167', 'name': 'National ID'}, {'id': 'custom_field_23348', 'name': 'Sales Person(Agent/TL/RO)'}]",KE,Walter,Mhando,,9884251,Male,1,0736826673,mhandow@gmail.com,23/05/1974,Syokimau community road Dove Court 2nd avenue. (House No 2),Nairobi,Nairobi,,0737514452,,,61e95d2c9d9cd-2242651.jpeg,,,[40280],13548942,-,"[{'file_id': 1748241, 's3_link': 'https://loandisk-borrowers.s3.amazonaws.com/Walter%20muhando%20KRA%20PIN1-2240157.jpg?response-content-disposition=attachment%3B%20filename%3D%22Walter%2520muhando%2520KRA%2520PIN1.jpg%22&X-Amz-Content-Sha256=UNSIGNED-PAYLOAD&X-Amz-Algorithm=AWS4-HMAC-SHA256&X-Amz-Credential=AKIAYUBLFC5TP3LJIQ5H%2F20251003%2Fus-east-1%2Fs3%2Faws4_request&X-Amz-Date=20251003T135100Z&X-Amz-SignedHeaders=host&X-Amz-Expires=28800&X-Amz-Signature=8fd115d3335abe3afe4d4660dc18c9d55e97b40005d6c3c8697b145c9a057cfb', 'name': 'Walter muhando KRA PIN1.jpg'}, {'file_id': 1748242, 's3_link': 'https://loandisk-borrowers.s3.amazonaws.com/Walter%20Muhando%20ID%20copy-2240159.jpg?response-content-disposition=attachment%3B%20filename%3D%22Walter%2520Muhando%2520ID%2520copy.jpg%22&X-Amz-Content-Sha256=UNSIGNED-PAYLOAD&X-Amz-Algorithm=AWS4-HMAC-SHA256&X-Amz-Credential=AKIAYUBLFC5TP3LJIQ5H%2F20251003%2Fus-east-1%2Fs3%2Faws4_request&X-Amz-Date=20251003T135100Z&X-Amz-SignedHeaders=host&X-Amz-Expires=28800&X-Amz-Signature=10089879c1a0f542b262b8864293619afe7f2b9b92ed4c544bd41b902924a918', 'name': 'Walter Muhando ID copy.jpg'}, {'file_id': 1748243, 's3_link': 'https://loandisk-borrowers.s3.amazonaws.com/Walter%20muhando%20KRA%20PIN-2240158.jpg?response-content-disposition=attachment%3B%20filename%3D%22Walter%2520muhando%2520KRA%2520PIN.jpg%22&X-Amz-Content-Sha256=UNSIGNED-PAYLOAD&X-Amz-Algorithm=AWS4-HMAC-SHA256&X-Amz-Credential=AKIAYUBLFC5TP3LJIQ5H%2F20251003%2Fus-east-1%2Fs3%2Faws4_request&X-Amz-Date=20251003T135100Z&X-Amz-SignedHeaders=host&X-Amz-Expires=28800&X-Amz-Signature=fa3a3ab37acf349f59fe0751a8d7305f053f270255613843f00f6f8f138fef60', 'name': 'Walter muhando KRA PIN.jpg'}]",https://loandisk-borrowers-photo-thumbnails.s3.amazonaws.com/61e95d2c9d9cd-2242651.jpeg?X-Amz-Content-Sha256=UNSIGNED-PAYLOAD&X-Amz-Algorithm=AWS4-HMAC-SHA256&X-Amz-Credential=AKIAYUBLFC5TP3LJIQ5H%2F20251003%2Fus-east-1%2Fs3%2Faws4_request&X-Amz-Date=20251003T135100Z&X-Amz-SignedHeaders=host&X-Amz-Expires=28800&X-Amz-Signature=a5d441d23cec44d4ee1a50eb6c206bcea0a075f3b3e7ff57bd5e88efdec8960c,,anne,,12936
7093018,36826,5806614,1000016,27996,274000.00,131520.00,30/09/2024,flat_rate,percentage,Month,4.0000,Months,12,3,12,0.00,round_off_to_two_decimal,,,,,,,,,,,,,,,,,,,,,,,,,,,,444388.94,37249.15000000001,0,37249.15000000001,22833.369999999995,10960.0,2999.1200000000026,456.65999999999997,3,22833.369999999995,10960.0,2999.1200000000026,456.65999999999985,[],37249.15,30/09/2025,407139.79,6,,0,,0,,0,,0,,0,,0,,0,,0,,0,,0,,0,distribute_fees_evenly,36000.00,0,0,0,0,0,0,0,0,0,0,0,0.00,1,,,,"[{'id': 'custom_field_23167', 'name': 'National ID'}, {'id': 'custom_field_23348', 'name': 'Sales Person(Agent/TL/RO)'}]",KE,LYNETT,WANGUI MUTHONI,RAVIS PUB,1000014,Female,3,0722778624,lynettewanui28@gmail.com,02/04/1991,PIPELINE,NAIROBI,NAIROBI,00100,,Owner,,66fb7d2f4abed-9259871.jpeg,,,[97470],32619255,BENSON ASHITUBA,"[{'file_id': 6658855, 's3_link': 'https://loandisk-borrowers.s3.amazonaws.com/WhatsApp%20Image%202024-09-26%20at%2015.02.28%20%282%29-9259870.jpeg?response-content-disposition=attachment%3B%20filename%3D%22WhatsApp%2520Image%25202024-09-26%2520at%252015.02.28%2520%25282%2529.jpeg%22&X-Amz-Content-Sha256=UNSIGNED-PAYLOAD&X-Amz-Algorithm=AWS4-HMAC-SHA256&X-Amz-Credential=AKIAYUBLFC5TP3LJIQ5H%2F20251003%2Fus-east-1%2Fs3%2Faws4_request&X-Amz-Date=20251003T135103Z&X-Amz-SignedHeaders=host&X-Amz-Expires=28800&X-Amz-Signature=c9b115156484c7e4708ae998a8f50a3c7e7333a8d2c8840960d293a5613590d0', 'name': 'WhatsApp Image 2024-09-26 at 15.02.28 (2).jpeg'}]",https://loandisk-borrowers-photo-thumbnails.s3.amazonaws.com/66fb7d2f4abed-9259871.jpeg?X-Amz-Content-Sha256=UNSIGNED-PAYLOAD&X-Amz-Algorithm=AWS4-HMAC-SHA256&X-Amz-Credential=AKIAYUBLFC5TP3LJIQ5H%2F20251003%2Fus-east-1%2Fs3%2Faws4_request&X-Amz-Date=20251003T135103Z&X-Amz-SignedHeaders=host&X-Amz-Expires=28800&X-Amz-Signature=9b2df051ce4f13fac98f40aae9f94876778115742ddbaf64e2b4c86a85751183,"[{'file_id': 6659011, 's3_link': 'https://loandisk-loans.s3.amazonaws.com/Lynett%20Wangui%20Muthoni-9260083.pdf?response-content-disposition=attachment%3B%20filename%3D%22Lynett%2520Wangui%2520Muthoni.pdf%22&X-Amz-Content-Sha256=UNSIGNED-PAYLOAD&X-Amz-Algorithm=AWS4-HMAC-SHA256&X-Amz-Credential=AKIAYUBLFC5TP3LJIQ5H%2F20251003%2Fus-east-1%2Fs3%2Faws4_request&X-Amz-Date=20251003T135103Z&X-Amz-SignedHeaders=host&X-Amz-Expires=28800&X-Amz-Signature=342e07704efb15fb6560dd812b4fd77b6f243f437e1793379c16f3322a2d2674', 'name': 'Lynett Wangui Muthoni.pdf'}]",,,63796
7281781,36826,5899250,1000035,27996,116316.00,17447.40,31/10/2024,flat_rate,percentage,Month,15.0000,Months,1,3,1,0.00,round_off_to_two_decimal,,,,,,,,,,,,,,,,,,,,,,,,,,,,745910.36,445910.36,0,445910.36,116316.0,17447.4,152794.03999999998,159352.91999999998,307,116316.0,17447.4,152794.03999999998,159352.92,[],445910.36,30/11/2024,300000.00,6,,0,,0,,0,,0,,0,,0,,0,,0,charge_fees_on_first_repayment,239800.00,,0,,0,,0,0,0,0,0,0,0,0,0,0,0,0,0.00,1,,,,"[{'id': 'custom_field_23167', 'name': 'National ID'}, {'id': 'custom_field_23348', 'name': 'Sales Person(Agent/TL/RO)'}]",KE,JACOB,EKENO       LOMUCHURUI,CAR DEALER,1000025,Male,1,0712079469,jacobekeno1989@gmail.com,02/06/1989,MOMBASA,MOMBASA,,,,Owner,,672884ccd82e6-9569218.jpeg,,,[97469],27583071,-,"[{'file_id': 6868625, 's3_link': 'https://loandisk-borrowers.s3.amazonaws.com/KBT215S%20LOGBOOK20241031_11434820%20%281%29-9569172.pdf?response-content-disposition=attachment%3B%20filename%3D%22KBT215S%2520LOGBOOK20241031_11434820%2520%25281%2529.pdf%22&X-Amz-Content-Sha256=UNSIGNED-PAYLOAD&X-Amz-Algorithm=AWS4-HMAC-SHA256&X-Amz-Credential=AKIAYUBLFC5TP3LJIQ5H%2F20251003%2Fus-east-1%2Fs3%2Faws4_request&X-Amz-Date=20251003T135103Z&X-Amz-SignedHeaders=host&X-Amz-Expires=28800&X-Amz-Signature=e734001a6cf062af62ba923e4a2e9b2377f01087727a46a64d89b4938847654e', 'name': 'KBT215S LOGBOOK20241031_11434820 (1).pdf'}]",https://loandisk-borrowers-photo-thumbnails.s3.amazonaws.com/672884ccd82e6-9569218.jpeg?X-Amz-Content-Sha256=UNSIGNED-PAYLOAD&X-Amz-Algorithm=AWS4-HMAC-SHA256&X-Amz-Credential=AKIAYUBLFC5TP3LJIQ5H%2F20251003%2Fus-east-1%2Fs3%2Faws4_request&X-Amz-Date=20251003T135103Z&X-Amz-SignedHeaders=host&X-Amz-Expires=28800&X-Amz-Signature=83a946daafcf29af3f9db66656717af03172339218e28c1228d74a26b1ca67e2,"[{'file_id': 6868793, 's3_link': 'https://loandisk-loans.s3.amazonaws.com/JACOB%20EKENO%20%281%29-9569413.pdf?response-content-disposition=attachment%3B%20filename%3D%22JACOB%2520EKENO%2520%25281%2529.pdf%22&X-Amz-Content-Sha256=UNSIGNED-PAYLOAD&X-Amz-Algorithm=AWS4-HMAC-SHA256&X-Amz-Credential=AKIAYUBLFC5TP3LJIQ5H%2F20251003%2Fus-east-1%2Fs3%2Faws4_request&X-Amz-Date=20251003T135103Z&X-Amz-SignedHeaders=host&X-Amz-Expires=28800&X-Amz-Signature=4a243dd69752b1f32a4d4ac99bc6861e1e804ac39dcfd0de9ba5c8af661b4c03', 'name': 'JACOB EKENO (1).pdf'}]",,,63796
7388756,36826,5975219,1000055,27996,335000.00,50250.00,19/11/2024,flat_rate,percentage,Month,15.0000,Months,1,3,1,0.00,round_off_to_two_decimal,,,,,,,,,,,,,,,,,,,,,,,,,,,,512750.00,127500.0,0,127500.0,56250.0,0.0,21000.0,50250.0,288,56250.0,0.0,21000.0,50250.0,[],127500.00,19/12/2024,385250.00,6,,0,,0,,0,,0,,0,,0,,0,,0,,0,,0,,0,charge_fees_on_first_repayment,6000.00,0,0,0,0,0,0,0,0,0,0,0,0.00,1,,,,"[{'id': 'custom_field_23167', 'name': 'National ID'}, {'id': 'custom_field_23348', 'name': 'Sales Person(Agent/TL/RO)'}]",KE,ANDERSON,KIMATHI             FRANCIS,CIVIL  SERVANT,1000035,Male,1,0727855469,miriri368@gmail.com,01/01/1972,KAHAWA  SUKARI,NAIROBI,,,,Employee,,,,,[97469],11608486,-,"[{'file_id': 6991767, 's3_link': 'https://loandisk-borrowers.s3.amazonaws.com/WhatsApp%20Image%202024-11-21%20at%2012.17.37%20PM-9741339.jpeg?response-content-disposition=attachment%3B%20filename%3D%22WhatsApp%2520Image%25202024-11-21%2520at%252012.17.37%2520PM.jpeg%22&X-Amz-Content-Sha256=UNSIGNED-PAYLOAD&X-Amz-Algorithm=AWS4-HMAC-SHA256&X-Amz-Credential=AKIAYUBLFC5TP3LJIQ5H%2F20251003%2Fus-east-1%2Fs3%2Faws4_request&X-Amz-Date=20251003T135103Z&X-Amz-SignedHeaders=host&X-Amz-Expires=28800&X-Amz-Signature=a353ba76f03a35f337f25501e71021a2b222d67502b1cff2b0738113d54cf541', 'name': 'WhatsApp Image 2024-11-21 at 12.17.37 PM.jpeg'}]",,,,,63796
7399158,36826,5979942,1000056,27996,1350000.00,972000.00,20/11/2024,flat_rate,percentage,Month,4.0000,Months,18,3,18,0.00,round_off_to_two_decimal,,,,,,,,,,,,,,,,,,,,,,,,,,,,2406007.93,87423.03000000003,709,88132.03000000003,75000.0,12423.030000000028,0.0,709.0,13,675000.0,444423.03,24000.0,709.0,[],1144132.03,20/05/2026,1261875.90,16,,0,,0,,0,,0,,0,,0,,0,,0,,0,,0,,0,distribute_fees_evenly,54000.00,0,0,0,0,0,0,0,0,0,0,0,0.00,1,,,,"[{'id': 'custom_field_23167', 'name': 'National ID'}, {'id': 'custom_field_23348', 'name': 'Sales Person(Agent/TL/RO)'}]",KE,JOEL,BOSEK KIMUTAI,JOEL KIMUTAI BOSEKAND CO ADVOCATES,1000036,Male,1,0727418405,jbosekkim@gmail.com,20/04/1969,NAIROBI,NAIROBI,,,,Owner,,673efc8091f11-9741420.jpeg,,,[91476],9814113,BENSON ASHITUBA,"[{'file_id': 6991833, 's3_link': 'https://loandisk-borrowers.s3.amazonaws.com/WhatsApp%20Image%202024-11-21%20at%2012.20.44%20PM-9741418.jpeg?response-content-disposition=attachment%3B%20filename%3D%22WhatsApp%2520Image%25202024-11-21%2520at%252012.20.44%2520PM.jpeg%22&X-Amz-Content-Sha256=UNSIGNED-PAYLOAD&X-Amz-Algorithm=AWS4-HMAC-SHA256&X-Amz-Credential=AKIAYUBLFC5TP3LJIQ5H%2F20251003%2Fus-east-1%2Fs3%2Faws4_request&X-Amz-Date=20251003T135103Z&X-Amz-SignedHeaders=host&X-Amz-Expires=28800&X-Amz-Signature=78ec6a50a7160ad61e14fc98142ecd5054e84c8386c8556239b0f57be0b88fcd', 'name': 'WhatsApp Image 2024-11-21 at 12.20.44 PM.jpeg'}]",https://loandisk-borrowers-photo-thumbnails.s3.amazonaws.com/673efc8091f11-9741420.jpeg?X-Amz-Content-Sha256=UNSIGNED-PAYLOAD&X-Amz-Algorithm=AWS4-HMAC-SHA256&X-Amz-Credential=AKIAYUBLFC5TP3LJIQ5H%2F20251003%2Fus-east-1%2Fs3%2Faws4_request&X-Amz-Date=20251003T135103Z&X-Amz-SignedHeaders=host&X-Amz-Expires=28800&X-Amz-Signature=b290605ae2a624168f9af86f853be665b341e52e58ce94271af15071b7f51705,"[{'file_id': 6990068, 's3_link': 'https://loandisk-loans.s3.amazonaws.com/Joel%204-9739444.pdf?response-content-disposition=attachment%3B%20filename%3D%22Joel%25204.pdf%22&X-Amz-Content-Sha256=UNSIGNED-PAYLOAD&X-Amz-Algorithm=AWS4-HMAC-SHA256&X-Amz-Credential=AKIAYUBLFC5TP3LJIQ5H%2F20251003%2Fus-east-1%2Fs3%2Faws4_request&X-Amz-Date=20251003T135103Z&X-Amz-SignedHeaders=host&X-Amz-Expires=28800&X-Amz-Signature=ae5656f95398d762bdb6d41e102d7dabf6305990e080695d253c905f705746dc', 'name': 'Joel 4.pdf'}, {'file_id': 6990069, 's3_link': 'https://loandisk-loans.s3.amazonaws.com/Joel%202-9739446.pdf?response-content-disposition=attachment%3B%20filename%3D%22Joel%25202.pdf%22&X-Amz-Content-Sha256=UNSIGNED-PAYLOAD&X-Amz-Algorithm=AWS4-HMAC-SHA256&X-Amz-Credential=AKIAYUBLFC5TP3LJIQ5H%2F20251003%2Fus-east-1%2Fs3%2Faws4_request&X-Amz-Date=20251003T135103Z&X-Amz-SignedHeaders=host&X-Amz-Expires=28800&X-Amz-Signature=dfbf0746bb15697edbf9ee29f487ca8ee46b7a1ee791e5f8b035fa99e485afa0', 'name': 'Joel 2.pdf'}, {'file_id': 6990070, 's3_link': 'https://loandisk-loans.s3.amazonaws.com/Joel%203-9739445.pdf?response-content-disposition=attachment%3B%20filename%3D%22Joel%25203.pdf%22&X-Amz-Content-Sha256=UNSIGNED-PAYLOAD&X-Amz-Algorithm=AWS4-HMAC-SHA256&X-Amz-Credential=AKIAYUBLFC5TP3LJIQ5H%2F20251003%2Fus-east-1%2Fs3%2Faws4_request&X-Amz-Date=20251003T135103Z&X-Amz-SignedHeaders=host&X-Amz-Expires=28800&X-Amz-Signature=06f39465f0f64cf28161d2f17ef79d664405dde7f16cb843460646403693bad8', 'name': 'Joel 3.pdf'}, {'file_id': 6990071, 's3_link': 'https://loandisk-loans.s3.amazonaws.com/Joel%201-9739447.pdf?response-content-disposition=attachment%3B%20filename%3D%22Joel%25201.pdf%22&X-Amz-Content-Sha256=UNSIGNED-PAYLOAD&X-Amz-Algorithm=AWS4-HMAC-SHA256&X-Amz-Credential=AKIAYUBLFC5TP3LJIQ5H%2F20251003%2Fus-east-1%2Fs3%2Faws4_request&X-Amz-Date=20251003T135103Z&X-Amz-SignedHeaders=host&X-Amz-Expires=28800&X-Amz-Signature=935982aef56cda01da0019187542ca86d097ba08853c9439922b7d96b6ce746b', 'name': 'Joel 1.pdf'}, {'file_id': 6990072, 's3_link': 'https://loandisk-loans.s3.amazonaws.com/Joel%20offer%20letter-9739448.pdf?response-content-disposition=attachment%3B%20filename%3D%22Joel%2520offer%2520letter.pdf%22&X-Amz-Content-Sha256=UNSIGNED-PAYLOAD&X-Amz-Algorithm=AWS4-HMAC-SHA256&X-Amz-Credential=AKIAYUBLFC5TP3LJIQ5H%2F20251003%2Fus-east-1%2Fs3%2Faws4_request&X-Amz-Date=20251003T135103Z&X-Amz-SignedHeaders=host&X-Amz-Expires=28800&X-Amz-Signature=ceac87881ae448384f5f3535c605a60101d0fa8060e38a2cfddbca6e6ae49b22', 'name': 'Joel offer letter.pdf'}]",,,63796
7414594,240139,6004856,1000062,27999,66449.00,13290.00,22/11/2024,flat_rate,percentage,Month,2.0000,Months,10,3,10,0.00,round_off_to_integer,,0.0,0.0,0.0,,0.00,0.00,,0.00,0.0,charge_interest_normally,charge_principal_normally,0.00,0.0,0.0,0.0,0.0,0.0,,0.0,0.0000,0.0,,,0.0,0.0,,80739.00,15295.0,0,15295.0,13866.0,1329.0,100.0,0.0,42,13866.0,1329.0,100.0,0.0,[],15295.00,22/09/2025,65444.00,6,,0,,0,,0,distribute_fees_evenly,1000.00,,0,,0,,0,,0,,0,,0,,0,,0,0,0,0,0,0,0,0,0,0,0,0,0.00,1,0.0,,,"[{'id': 'custom_field_23167', 'name': 'National ID'}]",KE,ANDWONG'A,STEPHEN OCHIENG',MIALE   SOLAR,1000041,Male,1,0711738258,adwongaochieng@gmail.com,13/01/1991,NAIROBI,NAIROBI,,,,Owner,,,,,[91476],28212030,,,,,,,63796
7555888,240139,6085124,1000086,27999,59808.00,11960.00,17/12/2024,flat_rate,percentage,Month,2.0000,Months,10,3,10,0.00,round_off_to_integer,,0.0,0.0,0.0,,0.00,0.00,,0.00,0.0,charge_interest_normally,charge_principal_normally,0.00,0.0,0.0,0.0,0.0,0.0,,0.0,0.0000,0.0,,,0.0,0.0,,72768.00,0.0,7277,7277.0,5981.0,1196.0,100.0,0.0,16,11960.0,2392.0,200.0,0.0,[],14552.00,17/10/2025,58216.00,5,,0,,0,,0,distribute_fees_evenly,1000.00,,0,,0,,0,,0,,0,,0,,0,,0,0,0,0,0,0,0,0,0,0,0,0,0.00,1,0.0,,,"[{'id': 'custom_field_23167', 'name': 'National ID'}, {'id': 'custom_field_23348', 'name': 'Sales Person(Agent/TL/RO)'}]",KE,RUTH,AYUMA ONYINO,WINES & SPIRIT,1000053,Female,3,0718539178,ruthayumaonyino@gmail.com,15/09/1986,NAIROBI,NAIROBI,,,,Owner,,,,,[91476],24626307,MERCY MBUGUA,,,,,,63796
7556169,36826,6085124,1000087,27996,750502.00,540361.44,17/12/2024,flat_rate,percentage,Month,4.0000,Months,18,3,18,0.00,round_off_to_two_decimal,,,,,,,,,,,,,,,,,,,,,,,,,,,,1352368.54,80550.91000000003,416.95,80967.86000000003,41694.56,30020.079999999958,2998.970000000001,6254.25,16,416945.52,300200.79999999993,29998.97,6254.25,[],753399.54,17/06/2026,598969.00,5,,0,,0,,0,,0,,0,,0,,0,,0,,0,,0,,0,distribute_fees_evenly,54000.00,0,0,0,0,0,0,0,0,0,0,0,0.00,1,,,,"[{'id': 'custom_field_23167', 'name': 'National ID'}, {'id': 'custom_field_23348', 'name': 'Sales Person(Agent/TL/RO)'}]",KE,RUTH,AYUMA ONYINO,WINES & SPIRIT,1000053,Female,3,0718539178,ruthayumaonyino@gmail.com,15/09/1986,NAIROBI,NAIROBI,,,,Owner,,,,,[91476],24626307,MERCY MBUGUA,,,"[{'file_id': 7239508, 's3_link': 'https://loandisk-loans.s3.amazonaws.com/KDC%20533K%20VALUATION-10106670.pdf?response-content-disposition=attachment%3B%20filename%3D%22KDC%2520533K%2520VALUATION.pdf%22&X-Amz-Content-Sha256=UNSIGNED-PAYLOAD&X-Amz-Algorithm=AWS4-HMAC-SHA256&X-Amz-Credential=AKIAYUBLFC5TP3LJIQ5H%2F20251003%2Fus-east-1%2Fs3%2Faws4_request&X-Amz-Date=20251003T135104Z&X-Amz-SignedHeaders=host&X-Amz-Expires=28800&X-Amz-Signature=d4f5bd1b1cac83c2f476fe65793ee74d9f7ca44d9a22e723add0c488a00d0839', 'name': 'KDC 533K VALUATION.pdf'}, {'file_id': 7255340, 's3_link': 'https://loandisk-loans.s3.amazonaws.com/RUTH%20Ayuma-10129376.pdf?response-content-disposition=attachment%3B%20filename%3D%22RUTH%2520Ayuma.pdf%22&X-Amz-Content-Sha256=UNSIGNED-PAYLOAD&X-Amz-Algorithm=AWS4-HMAC-SHA256&X-Amz-Credential=AKIAYUBLFC5TP3LJIQ5H%2F20251003%2Fus-east-1%2Fs3%2Faws4_request&X-Amz-Date=20251003T135104Z&X-Amz-SignedHeaders=host&X-Amz-Expires=28800&X-Amz-Signature=037bb3cc873dc065b96892f223840f632f293b1110f41f2df2589d15de1e863a', 'name': 'RUTH Ayuma.pdf'}, {'file_id': 7255341, 's3_link': 'https://loandisk-loans.s3.amazonaws.com/RUTH%20AYUMA%20-10129377.pdf?response-content-disposition=attachment%3B%20filename%3D%22RUTH%2520AYUMA%2520.pdf%22&X-Amz-Content-Sha256=UNSIGNED-PAYLOAD&X-Amz-Algorithm=AWS4-HMAC-SHA256&X-Amz-Credential=AKIAYUBLFC5TP3LJIQ5H%2F20251003%2Fus-east-1%2Fs3%2Faws4_request&X-Amz-Date=20251003T135104Z&X-Amz-SignedHeaders=host&X-Amz-Expires=28800&X-Amz-Signature=1dde1b3efacadd034ed48a8b333b14a3f2ecb73abbbd610ec294350bae22a54f', 'name': 'RUTH AYUMA .pdf'}, {'file_id': 8582051, 's3_link': 'https://loandisk-loans.s3.amazonaws.com/Ayuma%20d.l-12075684.pdf?response-content-disposition=attachment%3B%20filename%3D%22Ayuma%2520d.l.pdf%22&X-Amz-Content-Sha256=UNSIGNED-PAYLOAD&X-Amz-Algorithm=AWS4-HMAC-SHA256&X-Amz-Credential=AKIAYUBLFC5TP3LJIQ5H%2F20251003%2Fus-east-1%2Fs3%2Faws4_request&X-Amz-Date=20251003T135104Z&X-Amz-SignedHeaders=host&X-Amz-Expires=28800&X-Amz-Signature=b56823c9d41035b1e717672955fa1cb985526c5145dcea68dbeced6311f6c624', 'name': 'Ayuma d.l.pdf'}]",,,63796
7588542,240139,6095364,1000095,27999,43064.00,8610.00,24/12/2024,flat_rate,percentage,Month,2.0000,Months,10,3,10,0.00,round_off_to_integer,,0.0,0.0,0.0,,0.00,0.00,,0.00,0.0,charge_interest_normally,charge_principal_normally,0.00,0.0,0.0,0.0,0.0,0.0,,0.0,0.0000,0.0,,,0.0,0.0,,52674.00,0.0,10534,10534.0,10534.0,0.0,0.0,0.0,40,14844.0,861.0,100.0,0.0,[],15805.00,24/10/2025,36869.00,16,,0,,0,,0,distribute_fees_evenly,1000.00,,0,,0,,0,,0,,0,,0,,0,,0,0,0,0,0,0,0,0,0,0,0,0,0.00,1,0.0,,,"[{'id': 'custom_field_23167', 'name': 'National ID'}, {'id': 'custom_field_23348', 'name': 'Sales Person(Agent/TL/RO)'}]",KE,JONATHAN,MUKARI NGENEM,SIMBA CEMENT,1000058,Male,1,0720415084,mukaringenem@gmail.com,01/01/1984,,NAIROBI,,,,Employee,,677e326300775-10118283.jpg,,,[97470],23256453,MERCY MBUGUA,,https://loandisk-borrowers-photo-thumbnails.s3.amazonaws.com/677e326300775-10118283.jpg?X-Amz-Content-Sha256=UNSIGNED-PAYLOAD&X-Amz-Algorithm=AWS4-HMAC-SHA256&X-Amz-Credential=AKIAYUBLFC5TP3LJIQ5H%2F20251003%2Fus-east-1%2Fs3%2Faws4_request&X-Amz-Date=20251003T135104Z&X-Amz-SignedHeaders=host&X-Amz-Expires=28800&X-Amz-Signature=c0940de74a19d68a28ba44101ce1a2a8bb82252eb77f6ff85f1d9d661881f8bf,,,,63796
7598794,36826,6099169,1000100,27996,133000.00,29925.00,28/12/2024,flat_rate,percentage,Month,7.5000,Months,3,3,3,0.00,round_off_to_two_decimal,,,,,,,,,,,,,,,,,,,,,,,,,,,,350145.54,292836.54,0,292836.54,88666.67,19950.0,5999.33,178220.54,217,88666.67,19950.0,5999.33,178220.54,[],292836.54,28/03/2025,57309.00,6,,0,,0,,0,,0,,0,,0,,0,,0,,0,,0,,0,distribute_fees_evenly,9000.00,0,0,0,0,0,0,0,0,0,0,0,0.00,1,,,,"[{'id': 'custom_field_23167', 'name': 'National ID'}, {'id': 'custom_field_23348', 'name': 'Sales Person(Agent/TL/RO)'}]",KE,SUSAN,SARAH WANDIRI NYAGA,,1000060,Female,2,0724334300,,,,,,,,,,,,,[97469],21829175,-,,,,,,63796
7669794,36826,6132735,1000106,27996,390000.00,93600.00,10/01/2025,flat_rate,percentage,Month,4.0000,Months,6,3,6,0.00,round_off_to_two_decimal,,,,,,,,,,,,,,,,,,,,,,,,,,,,1160550.00,898306.0,0,898306.0,390000.0,93600.0,64000.0,350706.0,176,390000.0,93600.0,64000.0,350706.0,[],898306.00,10/07/2025,262244.00,6,,0,,0,,0,,0,,0,,0,,0,,0,charge_fees_on_first_repayment,46000.00,,0,,0,distribute_fees_evenly,18000.00,0,0,0,0,0,0,0,0,0,0,0,0.00,1,,,,"[{'id': 'custom_field_23167', 'name': 'National ID'}, {'id': 'custom_field_23348', 'name': 'Sales Person(Agent/TL/RO)'}]",KE,SAMUEL,THUO KIAMBO,WHOLESALE AND RETAIL SHOP,1000064,Male,1,0110420355,samuelthuo32@gmail.com,,BURUBURU,NAIROBI,,,,Owner,,,,,[97469],31837358,-,,,"[{'file_id': 7614244, 's3_link': 'https://loandisk-loans.s3.amazonaws.com/CamScanner%2002-28-2025%2012.00-10654702.pdf?response-content-disposition=attachment%3B%20filename%3D%22CamScanner%252002-28-2025%252012.00.pdf%22&X-Amz-Content-Sha256=UNSIGNED-PAYLOAD&X-Amz-Algorithm=AWS4-HMAC-SHA256&X-Amz-Credential=AKIAYUBLFC5TP3LJIQ5H%2F20251003%2Fus-east-1%2Fs3%2Faws4_request&X-Amz-Date=20251003T135104Z&X-Amz-SignedHeaders=host&X-Amz-Expires=28800&X-Amz-Signature=c5f57a56f77557e78c0ca9cb726ec294363aba804badb708e17bdbf1a1cc26b4', 'name': 'CamScanner 02-28-2025 12.00.pdf'}, {'file_id': 7614245, 's3_link': 'https://loandisk-loans.s3.amazonaws.com/doc01025120250228095947-10654703.pdf?response-content-disposition=attachment%3B%20filename%3D%22doc01025120250228095947.pdf%22&X-Amz-Content-Sha256=UNSIGNED-PAYLOAD&X-Amz-Algorithm=AWS4-HMAC-SHA256&X-Amz-Credential=AKIAYUBLFC5TP3LJIQ5H%2F20251003%2Fus-east-1%2Fs3%2Faws4_request&X-Amz-Date=20251003T135104Z&X-Amz-SignedHeaders=host&X-Amz-Expires=28800&X-Amz-Signature=d7cc9c6b6dfea8c665e244af94d3d82aaa38450b3ff99e9bba8b1aee062cb17b', 'name': 'doc01025120250228095947.pdf'}]",,,63796
7737022,36826,6158916,1000118,27996,145000.00,69600.00,22/01/2025,flat_rate,percentage,Month,4.0000,Months,12,3,12,0.00,round_off_to_two_decimal,,,,,,,,,,,,,,,,,,,,,,,,,,,,274870.00,18469.809999999998,120.83,18590.64,12083.330000000002,5800.0,223.9900000000016,483.31999999999795,11,60416.69,29000.0,12223.990000000002,483.3199999999997,[],102124.00,22/01/2026,172746.00,16,,0,,0,,0,,0,,0,,0,,0,,0,,0,,0,,0,distribute_fees_evenly,36000.00,0,0,0,0,0,0,0,0,0,0,0,0.00,1,,,,"[{'id': 'custom_field_23167', 'name': 'National ID'}]",KE,IAN,JUNIOR ODHIAMBO,ENTERTAINMENT,1000068,Male,1,0701752539,ianjuniorodhiambo@gmail.com,22/02/1993,NAIROBI,NAIROBI,,,,,,,,,[91476],30094475,,"[{'file_id': 7349942, 's3_link': 'https://loandisk-borrowers.s3.amazonaws.com/SUZUKI%20WAGON%20R-10265709.pdf?response-content-disposition=attachment%3B%20filename%3D%22SUZUKI%2520WAGON%2520R.pdf%22&X-Amz-Content-Sha256=UNSIGNED-PAYLOAD&X-Amz-Algorithm=AWS4-HMAC-SHA256&X-Amz-Credential=AKIAYUBLFC5TP3LJIQ5H%2F20251003%2Fus-east-1%2Fs3%2Faws4_request&X-Amz-Date=20251003T135104Z&X-Amz-SignedHeaders=host&X-Amz-Expires=28800&X-Amz-Signature=47bd591439287f8e678d39a0331a388d9ab79bafdca581cff4bc49999b204ea3', 'name': 'SUZUKI WAGON R.pdf'}]",,,,,63796
7737036,240139,6158916,1000119,27999,41819.00,8360.00,22/01/2025,flat_rate,percentage,Month,2.0000,Months,10,3,10,0.00,round_off_to_integer,,0.0,0.0,0.0,,0.00,0.00,,0.00,0.0,charge_interest_normally,charge_principal_normally,0.00,0.0,0.0,0.0,0.0,0.0,,0.0,0.0000,0.0,,,0.0,0.0,,51179.00,0.0,5118,5118.0,4182.0,836.0,100.0,0.0,11,12545.0,2508.0,300.0,0.0,[],15353.00,22/11/2025,35826.00,5,,0,,0,,0,distribute_fees_evenly,1000.00,,0,,0,,0,,0,,0,,0,,0,,0,0,0,0,0,0,0,0,0,0,0,0,0.00,1,0.0,,,"[{'id': 'custom_field_23167', 'name': 'National ID'}]",KE,IAN,JUNIOR ODHIAMBO,ENTERTAINMENT,1000068,Male,1,0701752539,ianjuniorodhiambo@gmail.com,22/02/1993,NAIROBI,NAIROBI,,,,,,,,,[91476],30094475,,"[{'file_id': 7349942, 's3_link': 'https://loandisk-borrowers.s3.amazonaws.com/SUZUKI%20WAGON%20R-10265709.pdf?response-content-disposition=attachment%3B%20filename%3D%22SUZUKI%2520WAGON%2520R.pdf%22&X-Amz-Content-Sha256=UNSIGNED-PAYLOAD&X-Amz-Algorithm=AWS4-HMAC-SHA256&X-Amz-Credential=AKIAYUBLFC5TP3LJIQ5H%2F20251003%2Fus-east-1%2Fs3%2Faws4_request&X-Amz-Date=20251003T135104Z&X-Amz-SignedHeaders=host&X-Amz-Expires=28800&X-Amz-Signature=47bd591439287f8e678d39a0331a388d9ab79bafdca581cff4bc49999b204ea3', 'name': 'SUZUKI WAGON R.pdf'}]",,,,,63796
7808779,36826,6186907,1000136,27996,180000.00,86400.00,04/02/2025,flat_rate,percentage,Month,4.0000,Months,12,3,12,0.00,round_off_to_two_decimal,,,,,,,,,,,,,,,,,,,,,,,,,,,,361610.76,67632.44,676.32,68308.76000000001,67632.44,0.0,0.0,676.32,60,142632.44,36000.0,15000.0,676.3199999999997,[],194308.76,04/02/2026,167302.00,16,,0,,0,,0,,0,,0,,0,,0,,0,,0,,0,,0,distribute_fees_evenly,36000.00,0,0,0,0,0,0,0,0,0,0,0,0.00,1,,,,"[{'id': 'custom_field_23167', 'name': 'National ID'}, {'id': 'custom_field_23348', 'name': 'Sales Person(Agent/TL/RO)'}]",KE,KEVIN,CHERUIYOT MARITIM,BOUTIQUE,1000076,Male,1,0708169078,kevincheruiyotmaritim@gmail.com,11/10/2002,KISII,,,,,Owner,,,,,[97469],40090161,PETER CHEGE,,,,,,63796
7809406,240139,6186907,1000137,27999,30006.00,6000.00,04/02/2025,flat_rate,percentage,Month,2.0000,Months,10,3,10,0.00,round_off_to_integer,,0.0,0.0,0.0,,0.00,0.00,,0.00,0.0,charge_interest_normally,charge_principal_normally,0.00,0.0,0.0,0.0,0.0,0.0,,0.0,0.0000,0.0,,,0.0,0.0,,37006.00,11103.0,3701,14804.0,12004.0,2400.0,400.0,0.0,121,21003.0,4200.0,700.0,0.0,[],25903.00,04/12/2025,11103.00,5,,0,,0,,0,distribute_fees_evenly,1000.00,,0,,0,,0,,0,,0,,0,,0,,0,0,0,0,0,0,0,0,0,0,0,0,0.00,1,0.0,,,"[{'id': 'custom_field_23167', 'name': 'National ID'}, {'id': 'custom_field_23348', 'name': 'Sales Person(Agent/TL/RO)'}]",KE,KEVIN,CHERUIYOT MARITIM,BOUTIQUE,1000076,Male,1,0708169078,kevincheruiyotmaritim@gmail.com,11/10/2002,KISII,,,,,Owner,,,,,[97469],40090161,PETER CHEGE,,,,,,63796
7883613,36826,6220364,1000150,27996,1599020.00,1535059.20,17/02/2025,flat_rate,percentage,Month,4.0000,Months,24,3,24,0.00,round_off_to_two_decimal,,,,,,,,,,,,,,,,,,,,,,,,,,,,3210789.65,-621.4,13424.26000000001,12802.86000000001,12802.86,0.0,621.4,0.0,1,1145442.05,1087333.6,51000.0,0.0,[],2283775.65,02/03/2027,927014.00,16,,0,,0,,0,,0,,0,,0,,0,,0,,0,,0,distribute_fees_evenly,72000.00,,0,0,0,0,0,0,0,0,0,0,0,0,0.00,1,,,,"[{'id': 'custom_field_23167', 'name': 'National ID'}, {'id': 'custom_field_23348', 'name': 'Sales Person(Agent/TL/RO)'}]",KE,IRENE,WANJIRU WANGARI,,1000081,Female,2,0726500499,irenewanjiru089@gmail.com,05/10/1992,,NAIROBI,,,,,,,,,[91476],30484835,NELLIUS NDEGWA,,,"[{'file_id': 7613064, 's3_link': 'https://loandisk-loans.s3.amazonaws.com/CamScanner%2002-28-2025%2011.01%20%281%29-10653231.pdf?response-content-disposition=attachment%3B%20filename%3D%22CamScanner%252002-28-2025%252011.01%2520%25281%2529.pdf%22&X-Amz-Content-Sha256=UNSIGNED-PAYLOAD&X-Amz-Algorithm=AWS4-HMAC-SHA256&X-Amz-Credential=AKIAYUBLFC5TP3LJIQ5H%2F20251003%2Fus-east-1%2Fs3%2Faws4_request&X-Amz-Date=20251003T135105Z&X-Amz-SignedHeaders=host&X-Amz-Expires=28800&X-Amz-Signature=043f421b85c6e4a3eb17517b31215ee53f931923bd9af902b54e4fcf7ea30fab', 'name': 'CamScanner 02-28-2025 11.01 (1).pdf'}, {'file_id': 7613065, 's3_link': 'https://loandisk-loans.s3.amazonaws.com/CamScanner%2002-28-2025%2011.14-10653237.pdf?response-content-disposition=attachment%3B%20filename%3D%22CamScanner%252002-28-2025%252011.14.pdf%22&X-Amz-Content-Sha256=UNSIGNED-PAYLOAD&X-Amz-Algorithm=AWS4-HMAC-SHA256&X-Amz-Credential=AKIAYUBLFC5TP3LJIQ5H%2F20251003%2Fus-east-1%2Fs3%2Faws4_request&X-Amz-Date=20251003T135105Z&X-Amz-SignedHeaders=host&X-Amz-Expires=28800&X-Amz-Signature=618af3173d31c81fea610c41831196fc6271fed7ca1f2abe1892fbd20c57ef75', 'name': 'CamScanner 02-28-2025 11.14.pdf'}, {'file_id': 7614193, 's3_link': 'https://loandisk-loans.s3.amazonaws.com/CamScanner%2002-28-2025%2011.18-10654581.pdf?response-content-disposition=attachment%3B%20filename%3D%22CamScanner%252002-28-2025%252011.18.pdf%22&X-Amz-Content-Sha256=UNSIGNED-PAYLOAD&X-Amz-Algorithm=AWS4-HMAC-SHA256&X-Amz-Credential=AKIAYUBLFC5TP3LJIQ5H%2F20251003%2Fus-east-1%2Fs3%2Faws4_request&X-Amz-Date=20251003T135105Z&X-Amz-SignedHeaders=host&X-Amz-Expires=28800&X-Amz-Signature=877732807257f831dad0dcf4cf40115e7cdbb4e955957455ff0326f464aa1dc7', 'name': 'CamScanner 02-28-2025 11.18.pdf'}, {'file_id': 7614205, 's3_link': 'https://loandisk-loans.s3.amazonaws.com/doc01024820250228093119-10654607.pdf?response-content-disposition=attachment%3B%20filename%3D%22doc01024820250228093119.pdf%22&X-Amz-Content-Sha256=UNSIGNED-PAYLOAD&X-Amz-Algorithm=AWS4-HMAC-SHA256&X-Amz-Credential=AKIAYUBLFC5TP3LJIQ5H%2F20251003%2Fus-east-1%2Fs3%2Faws4_request&X-Amz-Date=20251003T135105Z&X-Amz-SignedHeaders=host&X-Amz-Expires=28800&X-Amz-Signature=3976f1880fba5118a2beae0c7bb76755182caef2fd63f218d0dc96ca6547d498', 'name': 'doc01024820250228093119.pdf'}, {'file_id': 7614206, 's3_link': 'https://loandisk-loans.s3.amazonaws.com/doc01024720250228092700-10654608.pdf?response-content-disposition=attachment%3B%20filename%3D%22doc01024720250228092700.pdf%22&X-Amz-Content-Sha256=UNSIGNED-PAYLOAD&X-Amz-Algorithm=AWS4-HMAC-SHA256&X-Amz-Credential=AKIAYUBLFC5TP3LJIQ5H%2F20251003%2Fus-east-1%2Fs3%2Faws4_request&X-Amz-Date=20251003T135105Z&X-Amz-SignedHeaders=host&X-Amz-Expires=28800&X-Amz-Signature=74b4258cedd95bf59e9bb442aae68d6ed88e7be3488dcf741cc87b98ad26aa6f', 'name': 'doc01024720250228092700.pdf'}]",,,63796
7955509,36826,6255171,1000168,27996,175602.00,84288.96,27/02/2025,flat_rate,percentage,Month,4.0000,Months,12,3,12,0.00,round_off_to_two_decimal,,,,,,,,,,,,,,,,,,,,,,,,,,,,296621.39,0.0,2037.4899999999861,2037.4899999999861,2037.4900000000007,0.0,0.0,0.0,6,75204.99,35120.40000000001,15000.0,0.0,[],125325.39,27/02/2026,171296.00,16,,0,,0,,0,,0,,0,,0,,0,,0,,0,,0,,0,distribute_fees_evenly,36000.00,0,0,0,0,0,0,0,0,0,0,0,0.00,1,,,,"[{'id': 'custom_field_23167', 'name': 'National ID'}]",KE,ZAIDA,AKUMU,RENTALS,1000090,Female,3,0712226383,zaidaakumu911@gmail.com,13/09/1992,NGONG,NAIROBI,,,,Owner,,,,,[91476],31956815,,,,"[{'file_id': 7620912, 's3_link': 'https://loandisk-loans.s3.amazonaws.com/scan20250301115326-10667923.pdf?response-content-disposition=attachment%3B%20filename%3D%22scan20250301115326.pdf%22&X-Amz-Content-Sha256=UNSIGNED-PAYLOAD&X-Amz-Algorithm=AWS4-HMAC-SHA256&X-Amz-Credential=AKIAYUBLFC5TP3LJIQ5H%2F20251003%2Fus-east-1%2Fs3%2Faws4_request&X-Amz-Date=20251003T135105Z&X-Amz-SignedHeaders=host&X-Amz-Expires=28800&X-Amz-Signature=940169743f69e3122e5844fb036ff91931c7ec8ba14ad141f32bbeffb405c0cb', 'name': 'scan20250301115326.pdf'}, {'file_id': 7620913, 's3_link': 'https://loandisk-loans.s3.amazonaws.com/ZAIDA%20AKUMU%20-10667973.pdf?response-content-disposition=attachment%3B%20filename%3D%22ZAIDA%2520AKUMU%2520.pdf%22&X-Amz-Content-Sha256=UNSIGNED-PAYLOAD&X-Amz-Algorithm=AWS4-HMAC-SHA256&X-Amz-Credential=AKIAYUBLFC5TP3LJIQ5H%2F20251003%2Fus-east-1%2Fs3%2Faws4_request&X-Amz-Date=20251003T135105Z&X-Amz-SignedHeaders=host&X-Amz-Expires=28800&X-Amz-Signature=aed49d316061583dbfe2ebc8d0b70d9b8b85efd9d1574d5b556329eca5f25501', 'name': 'ZAIDA AKUMU .pdf'}]",,,63796
8122943,240139,6025036,1000198,27999,40212.00,8040.00,27/03/2025,flat_rate,percentage,Month,2.0000,Months,10,3,10,0.00,round_off_to_integer,,0.0,0.0,0.0,,0.00,0.00,,0.00,0.0,charge_interest_normally,charge_principal_normally,0.00,0.0,0.0,0.0,0.0,0.0,,0.0,0.0000,0.0,,,0.0,0.0,,49252.00,-1265.0,4925,3660.0,4021.0,804.0,100.0,0.0,6,19746.0,3216.0,400.0,0.0,[],23362.00,27/01/2026,25890.00,16,,0,,0,,0,distribute_fees_evenly,1000.00,,0,,0,,0,,0,,0,,0,,0,,0,0,0,0,0,0,0,0,0,0,0,0,0.00,1,0.0,,,"[{'id': 'custom_field_23347', 'name': 'Sales Person'}, {'id': 'custom_field_23167', 'name': 'National ID'}, {'id': 'custom_field_23348', 'name': 'Sales Person(Agent/TL/RO)'}]",KE,TEDDY,AMOLLO,FURNITURE,1000043,Male,1,0743767924,speedlink254@gmail.com,10/07/1997,NAIROBI,NAIROBI,,,,Owner,,67444a954fef8-9777975.jpeg,,,[97469],34323046,-,,https://loandisk-borrowers-photo-thumbnails.s3.amazonaws.com/67444a954fef8-9777975.jpeg?X-Amz-Content-Sha256=UNSIGNED-PAYLOAD&X-Amz-Algorithm=AWS4-HMAC-SHA256&X-Amz-Credential=AKIAYUBLFC5TP3LJIQ5H%2F20251003%2Fus-east-1%2Fs3%2Faws4_request&X-Amz-Date=20251003T135105Z&X-Amz-SignedHeaders=host&X-Amz-Expires=28800&X-Amz-Signature=dc207d4648126bb712019ed8dcd5bd5847a60aed368cb37c808aef40754ad72e,,VICTOR KEDOGO,,63796
8338370,36826,6440356,1000240,27996,200000.00,96000.00,30/04/2025,flat_rate,percentage,Month,4.0000,Months,12,3,12,0.00,round_off_to_two_decimal,,,,,,,,,,,,,,,,,,,,,,,,,,,,332333.34,27832.01999999999,166.67,27998.689999999988,16666.670000000013,8000.0,2998.6800000000003,333.34,3,133333.32,64000.0,23998.68,333.34,[],221665.34,30/04/2026,110668.00,5,,0,,0,,0,,0,,0,,0,,0,,0,,0,,0,,0,distribute_fees_evenly,36000.00,0,0,0,0,0,0,0,0,0,0,0,0.00,1,,,,"[{'id': 'custom_field_23347', 'name': 'Sales Person'}, {'id': 'custom_field_23167', 'name': 'National ID'}, {'id': 'custom_field_23348', 'name': 'Sales Person(Agent/TL/RO)'}]",KE,PETER,KIARIE GACHICHIO,BUSINESS MAN,1000125,Male,1,0722741564,gachichiopeter@gmail.com,08/10/1953,NAIROBI,,,,,,,,,,[91476],3819879,MERCY MBUGUA,,,"[{'file_id': 8078097, 's3_link': 'https://loandisk-loans.s3.amazonaws.com/doc01171120250510105422-11347370.pdf?response-content-disposition=attachment%3B%20filename%3D%22doc01171120250510105422.pdf%22&X-Amz-Content-Sha256=UNSIGNED-PAYLOAD&X-Amz-Algorithm=AWS4-HMAC-SHA256&X-Amz-Credential=AKIAYUBLFC5TP3LJIQ5H%2F20251003%2Fus-east-1%2Fs3%2Faws4_request&X-Amz-Date=20251003T135105Z&X-Amz-SignedHeaders=host&X-Amz-Expires=28800&X-Amz-Signature=effeed48ecfeeb39de6c5fa2b2fffdcfe21e4cbd0562620cd8f1987a311fa1f5', 'name': 'doc01171120250510105422.pdf'}, {'file_id': 8078098, 's3_link': 'https://loandisk-loans.s3.amazonaws.com/PETER%20GACHICHIO%20-11347369.pdf?response-content-disposition=attachment%3B%20filename%3D%22PETER%2520GACHICHIO%2520.pdf%22&X-Amz-Content-Sha256=UNSIGNED-PAYLOAD&X-Amz-Algorithm=AWS4-HMAC-SHA256&X-Amz-Credential=AKIAYUBLFC5TP3LJIQ5H%2F20251003%2Fus-east-1%2Fs3%2Faws4_request&X-Amz-Date=20251003T135105Z&X-Amz-SignedHeaders=host&X-Amz-Expires=28800&X-Amz-Signature=cfc9b45bc0c4044ce96a414c83bef993a4fe2b05ec0df20b38a6d61aaf50d511', 'name': 'PETER GACHICHIO .pdf'}]",COSMAS NJOGU,,63796
8387971,240139,6459534,1000249,27999,96881.00,19380.00,09/05/2025,flat_rate,percentage,Month,2.0000,Months,10,3,10,0.00,round_off_to_integer,,0.0,0.0,0.0,,0.00,0.00,,0.00,0.0,charge_interest_normally,charge_principal_normally,0.00,0.0,0.0,0.0,0.0,0.0,,0.0,0.0000,0.0,,,0.0,0.0,,117261.00,35178.0,11726,46904.0,38752.0,7752.0,400.0,0.0,116,96881.0,19380.0,1000.0,0.0,[],117261.00,09/03/2026,0.00,5,,0,,0,,0,distribute_fees_evenly,1000.00,,0,,0,,0,,0,,0,,0,,0,,0,0,0,0,0,0,0,0,0,0,0,0,0.00,1,0.0,,,"[{'id': 'custom_field_23347', 'name': 'Sales Person'}, {'id': 'custom_field_23167', 'name': 'National ID'}, {'id': 'custom_field_23348', 'name': 'Sales Person(Agent/TL/RO)'}]",KE,CHARLEENE,MERCY NJERI,BUSINESS LADY,1000132,Female,2,0715576265,cmnjeri@yahoo.com,26/09/1989,KIAMBU,NAIROBI,,,,Owner,,,,,[97470],27141339,JOHN CHEGE,"[{'file_id': 9038991, 's3_link': 'https://loandisk-borrowers.s3.amazonaws.com/LOGBOOK-%20CHARLEEN-12744023.pdf?response-content-disposition=attachment%3B%20filename%3D%22LOGBOOK-%2520CHARLEEN.pdf%22&X-Amz-Content-Sha256=UNSIGNED-PAYLOAD&X-Amz-Algorithm=AWS4-HMAC-SHA256&X-Amz-Credential=AKIAYUBLFC5TP3LJIQ5H%2F20251003%2Fus-east-1%2Fs3%2Faws4_request&X-Amz-Date=20251003T135105Z&X-Amz-SignedHeaders=host&X-Amz-Expires=28800&X-Amz-Signature=4ac339a125216149290252fb97b0f916cd7022569e7c9b59506ce9c5980a17e8', 'name': 'LOGBOOK- CHARLEEN.pdf'}]",,,VICTOR KEDOGO,,63796
8387986,36826,6459534,1000250,27996,1560000.00,1497600.00,09/05/2025,flat_rate,percentage,Month,4.0000,Months,24,3,24,0.00,round_off_to_two_decimal,,,,,,,,,,,,,,,,,,,,,,,,,,,,3330750.00,720150.0,2600,722750.0,260000.0,249600.0,37000.0,176150.0,116,1560000.0,1497600.0,97000.0,176150.0,[],3330750.00,09/05/2027,0.00,5,,0,,0,,0,,0,,0,,0,,0,,0,,0,,0,,0,distribute_fees_evenly,72000.00,0,0,0,0,0,0,0,0,0,0,0,0.00,1,,,,"[{'id': 'custom_field_23347', 'name': 'Sales Person'}, {'id': 'custom_field_23167', 'name': 'National ID'}, {'id': 'custom_field_23348', 'name': 'Sales Person(Agent/TL/RO)'}]",KE,CHARLEENE,MERCY NJERI,BUSINESS LADY,1000132,Female,2,0715576265,cmnjeri@yahoo.com,26/09/1989,KIAMBU,NAIROBI,,,,Owner,,,,,[97470],27141339,JOHN CHEGE,"[{'file_id': 9038991, 's3_link': 'https://loandisk-borrowers.s3.amazonaws.com/LOGBOOK-%20CHARLEEN-12744023.pdf?response-content-disposition=attachment%3B%20filename%3D%22LOGBOOK-%2520CHARLEEN.pdf%22&X-Amz-Content-Sha256=UNSIGNED-PAYLOAD&X-Amz-Algorithm=AWS4-HMAC-SHA256&X-Amz-Credential=AKIAYUBLFC5TP3LJIQ5H%2F20251003%2Fus-east-1%2Fs3%2Faws4_request&X-Amz-Date=20251003T135105Z&X-Amz-SignedHeaders=host&X-Amz-Expires=28800&X-Amz-Signature=4ac339a125216149290252fb97b0f916cd7022569e7c9b59506ce9c5980a17e8', 'name': 'LOGBOOK- CHARLEEN.pdf'}]",,"[{'file_id': 9037620, 's3_link': 'https://loandisk-loans.s3.amazonaws.com/NOTICE%20OF%20SALE%20-CHARLEEN-12742385.pdf?response-content-disposition=attachment%3B%20filename%3D%22NOTICE%2520OF%2520SALE%2520-CHARLEEN.pdf%22&X-Amz-Content-Sha256=UNSIGNED-PAYLOAD&X-Amz-Algorithm=AWS4-HMAC-SHA256&X-Amz-Credential=AKIAYUBLFC5TP3LJIQ5H%2F20251003%2Fus-east-1%2Fs3%2Faws4_request&X-Amz-Date=20251003T135105Z&X-Amz-SignedHeaders=host&X-Amz-Expires=28800&X-Amz-Signature=4112e504d4182334eceec2f32f35ad16abb516557dcbafee2916c8b0c2209159', 'name': 'NOTICE OF SALE -CHARLEEN.pdf'}, {'file_id': 9038097, 's3_link': 'https://loandisk-loans.s3.amazonaws.com/LOGBOOK-%20CHARLEEN-12742927.pdf?response-content-disposition=attachment%3B%20filename%3D%22LOGBOOK-%2520CHARLEEN.pdf%22&X-Amz-Content-Sha256=UNSIGNED-PAYLOAD&X-Amz-Algorithm=AWS4-HMAC-SHA256&X-Amz-Credential=AKIAYUBLFC5TP3LJIQ5H%2F20251003%2Fus-east-1%2Fs3%2Faws4_request&X-Amz-Date=20251003T135105Z&X-Amz-SignedHeaders=host&X-Amz-Expires=28800&X-Amz-Signature=c16d3f5983c28dfa525ce51ee6758142ec40e8742e6df1c7466c50d215a48caf', 'name': 'LOGBOOK- CHARLEEN.pdf'}, {'file_id': 9038877, 's3_link': 'https://loandisk-loans.s3.amazonaws.com/charleen%20-terms-12743886.pdf?response-content-disposition=attachment%3B%20filename%3D%22charleen%2520-terms.pdf%22&X-Amz-Content-Sha256=UNSIGNED-PAYLOAD&X-Amz-Algorithm=AWS4-HMAC-SHA256&X-Amz-Credential=AKIAYUBLFC5TP3LJIQ5H%2F20251003%2Fus-east-1%2Fs3%2Faws4_request&X-Amz-Date=20251003T135105Z&X-Amz-SignedHeaders=host&X-Amz-Expires=28800&X-Amz-Signature=50f37972247eec7bbc9bb7477c1511c99c7f9af74d0c19486b9d4e26f2a4657d', 'name': 'charleen -terms.pdf'}, {'file_id': 9038884, 's3_link': 'https://loandisk-loans.s3.amazonaws.com/charleene%201-12743895.pdf?response-content-disposition=attachment%3B%20filename%3D%22charleene%25201.pdf%22&X-Amz-Content-Sha256=UNSIGNED-PAYLOAD&X-Amz-Algorithm=AWS4-HMAC-SHA256&X-Amz-Credential=AKIAYUBLFC5TP3LJIQ5H%2F20251003%2Fus-east-1%2Fs3%2Faws4_request&X-Amz-Date=20251003T135105Z&X-Amz-SignedHeaders=host&X-Amz-Expires=28800&X-Amz-Signature=df5d53cfc3d4a6105700191100ded75825667afec91b9d75b7ff17a0a95bf4d9', 'name': 'charleene 1.pdf'}, {'file_id': 9038906, 's3_link': 'https://loandisk-loans.s3.amazonaws.com/demand-charleene-12743920.pdf?response-content-disposition=attachment%3B%20filename%3D%22demand-charleene.pdf%22&X-Amz-Content-Sha256=UNSIGNED-PAYLOAD&X-Amz-Algorithm=AWS4-HMAC-SHA256&X-Amz-Credential=AKIAYUBLFC5TP3LJIQ5H%2F20251003%2Fus-east-1%2Fs3%2Faws4_request&X-Amz-Date=20251003T135105Z&X-Amz-SignedHeaders=host&X-Amz-Expires=28800&X-Amz-Signature=da323702450ef876dc089969a39988cef05e16a8f4ceb1a4115b0f07a9d9b915', 'name': 'demand-charleene.pdf'}]",VICTOR KEDOGO,,63796
8388003,36826,5979942,1000251,27996,400000.00,96000.00,09/05/2025,flat_rate,percentage,Month,4.0000,Months,6,3,6,0.00,round_off_to_two_decimal,,,,,,,,,,,,,,,,,,,,,,,,,,,,512847.15,40.0,0.40,40.4,40.0,0.0,0.0,0.4,0,133373.32,32000.0,0.0,0.4000000000014552,[],165373.72,09/11/2025,347473.43,16,,0,,0,,0,,0,,0,,0,,0,,0,,0,,0,,0,,0,0,0,0,0,0,0,0,0,0,0,0,0.00,1,,,,"[{'id': 'custom_field_23347', 'name': 'Sales Person'}, {'id': 'custom_field_23167', 'name': 'National ID'}, {'id': 'custom_field_23348', 'name': 'Sales Person(Agent/TL/RO)'}]",KE,JOEL,BOSEK KIMUTAI,JOEL KIMUTAI BOSEKAND CO ADVOCATES,1000036,Male,1,0727418405,jbosekkim@gmail.com,20/04/1969,NAIROBI,NAIROBI,,,,Owner,,673efc8091f11-9741420.jpeg,,,[91476],9814113,BENSON ASHITUBA,"[{'file_id': 6991833, 's3_link': 'https://loandisk-borrowers.s3.amazonaws.com/WhatsApp%20Image%202024-11-21%20at%2012.20.44%20PM-9741418.jpeg?response-content-disposition=attachment%3B%20filename%3D%22WhatsApp%2520Image%25202024-11-21%2520at%252012.20.44%2520PM.jpeg%22&X-Amz-Content-Sha256=UNSIGNED-PAYLOAD&X-Amz-Algorithm=AWS4-HMAC-SHA256&X-Amz-Credential=AKIAYUBLFC5TP3LJIQ5H%2F20251003%2Fus-east-1%2Fs3%2Faws4_request&X-Amz-Date=20251003T135105Z&X-Amz-SignedHeaders=host&X-Amz-Expires=28800&X-Amz-Signature=aa97339831428581a2f65dfdd1da44032909b128c5657680ad34dac9fcae6370', 'name': 'WhatsApp Image 2024-11-21 at 12.20.44 PM.jpeg'}]",https://loandisk-borrowers-photo-thumbnails.s3.amazonaws.com/673efc8091f11-9741420.jpeg?X-Amz-Content-Sha256=UNSIGNED-PAYLOAD&X-Amz-Algorithm=AWS4-HMAC-SHA256&X-Amz-Credential=AKIAYUBLFC5TP3LJIQ5H%2F20251003%2Fus-east-1%2Fs3%2Faws4_request&X-Amz-Date=20251003T135105Z&X-Amz-SignedHeaders=host&X-Amz-Expires=28800&X-Amz-Signature=6fac02e9d582a3c1084022cae66d48e8e977be80854e8cee8f79730be60ffc60,,VICTOR KEDOGO,,63796
8491376,36826,6494779,1000282,27996,167222.00,80266.56,26/05/2025,flat_rate,percentage,Month,4.0000,Months,12,3,12,0.00,round_off_to_two_decimal,,,,,,,,,,,,,,,,,,,,,,,,,,,,289089.81,11577.190000000002,110.26,11687.450000000003,11025.89,0.0,0.0,661.56,7,122507.20999999999,53511.03999999999,24000.0,661.5600000000004,[],200679.81,26/05/2026,88410.00,16,,0,,0,,0,,0,,0,,0,,0,,0,,0,,0,,0,distribute_fees_evenly,36000.00,0,0,0,0,0,0,0,0,0,0,0,0.00,1,,,,"[{'id': 'custom_field_23347', 'name': 'Sales Person'}, {'id': 'custom_field_23167', 'name': 'National ID'}, {'id': 'custom_field_23348', 'name': 'Sales Person(Agent/TL/RO)'}]",KE,SAMSON,KIPROTICH KIRUI,BUSINESS MAN,1000146,Male,1,0722332385,kiproakirui@gmail.com,09/09/1996,,,,,,Owner,,,,,[97470],33001750,FAITH DANIEL,,,"[{'file_id': 8302288, 's3_link': 'https://loandisk-loans.s3.amazonaws.com/KIRUI%20SAMSON%20-11673600.pdf?response-content-disposition=attachment%3B%20filename%3D%22KIRUI%2520SAMSON%2520.pdf%22&X-Amz-Content-Sha256=UNSIGNED-PAYLOAD&X-Amz-Algorithm=AWS4-HMAC-SHA256&X-Amz-Credential=AKIAYUBLFC5TP3LJIQ5H%2F20251003%2Fus-east-1%2Fs3%2Faws4_request&X-Amz-Date=20251003T135105Z&X-Amz-SignedHeaders=host&X-Amz-Expires=28800&X-Amz-Signature=dddae0376cea3d65dc1e5c781066006e5004b47b5c2df0500fafb4fc5d0f2dcb', 'name': 'KIRUI SAMSON .pdf'}, {'file_id': 8497762, 's3_link': 'https://loandisk-loans.s3.amazonaws.com/doc01314820250708072406-11956522.pdf?response-content-disposition=attachment%3B%20filename%3D%22doc01314820250708072406.pdf%22&X-Amz-Content-Sha256=UNSIGNED-PAYLOAD&X-Amz-Algorithm=AWS4-HMAC-SHA256&X-Amz-Credential=AKIAYUBLFC5TP3LJIQ5H%2F20251003%2Fus-east-1%2Fs3%2Faws4_request&X-Amz-Date=20251003T135105Z&X-Amz-SignedHeaders=host&X-Amz-Expires=28800&X-Amz-Signature=b1e77671f05e92d59ae9ca75b02b85b495ce85c0aa65eec70197f633aadbe76e', 'name': 'doc01314820250708072406.pdf'}]",NELIUS WANGARI,,63796
8524400,36826,5806614,1000286,27996,180000.00,43200.00,30/05/2025,flat_rate,percentage,Month,4.0000,Months,6,3,6,0.00,round_off_to_two_decimal,,,,,,,,,,,,,,,,,,,,,,,,,,,,225421.21,37499.999999999985,300,37799.999999999985,30000.0,7200.0,0.0,600.0,3,90000.0,21600.0,0.0,600.0,[],112200.00,30/11/2025,113221.21,5,,0,,0,,0,,0,,0,,0,,0,,0,,0,,0,,0,,0,0,0,0,0,0,0,0,0,0,0,0,0.00,1,,,,"[{'id': 'custom_field_23347', 'name': 'Sales Person'}, {'id': 'custom_field_23167', 'name': 'National ID'}, {'id': 'custom_field_23348', 'name': 'Sales Person(Agent/TL/RO)'}]",KE,LYNETT,WANGUI MUTHONI,RAVIS PUB,1000014,Female,3,0722778624,lynettewanui28@gmail.com,02/04/1991,PIPELINE,NAIROBI,NAIROBI,00100,,Owner,,66fb7d2f4abed-9259871.jpeg,,,[97470],32619255,BENSON ASHITUBA,"[{'file_id': 6658855, 's3_link': 'https://loandisk-borrowers.s3.amazonaws.com/WhatsApp%20Image%202024-09-26%20at%2015.02.28%20%282%29-9259870.jpeg?response-content-disposition=attachment%3B%20filename%3D%22WhatsApp%2520Image%25202024-09-26%2520at%252015.02.28%2520%25282%2529.jpeg%22&X-Amz-Content-Sha256=UNSIGNED-PAYLOAD&X-Amz-Algorithm=AWS4-HMAC-SHA256&X-Amz-Credential=AKIAYUBLFC5TP3LJIQ5H%2F20251003%2Fus-east-1%2Fs3%2Faws4_request&X-Amz-Date=20251003T135106Z&X-Amz-SignedHeaders=host&X-Amz-Expires=28800&X-Amz-Signature=1f01a293d43c8b9477dffe4145e78933bff30dc0dfb17f3e7c7f7ff12201ea38', 'name': 'WhatsApp Image 2024-09-26 at 15.02.28 (2).jpeg'}]",https://loandisk-borrowers-photo-thumbnails.s3.amazonaws.com/66fb7d2f4abed-9259871.jpeg?X-Amz-Content-Sha256=UNSIGNED-PAYLOAD&X-Amz-Algorithm=AWS4-HMAC-SHA256&X-Amz-Credential=AKIAYUBLFC5TP3LJIQ5H%2F20251003%2Fus-east-1%2Fs3%2Faws4_request&X-Amz-Date=20251003T135106Z&X-Amz-SignedHeaders=host&X-Amz-Expires=28800&X-Amz-Signature=b207bd1b859fd78c8bf516ad72694e249ec8ac04666e5ebc1840ba5df39e0373,,VICTOR KEDOGO,,63796
8527618,240139,6507907,1000287,27999,34184.00,6840.00,30/05/2025,flat_rate,percentage,Month,2.0000,Months,10,3,10,0.00,round_off_to_integer,,0.0,0.0,0.0,,0.00,0.00,,0.00,0.0,charge_interest_normally,charge_principal_normally,0.00,0.0,0.0,0.0,0.0,0.0,,0.0,0.0000,0.0,,,0.0,0.0,,42024.00,0.0,4202,4202.0,3418.0,684.0,100.0,0.0,3,23930.0,4788.0,700.0,0.0,[],29418.00,30/03/2026,12606.00,5,,0,,0,,0,distribute_fees_evenly,1000.00,,0,,0,,0,,0,,0,,0,,0,,0,0,0,0,0,0,0,0,0,0,0,0,0.00,1,0.0,,,"[{'id': 'custom_field_23347', 'name': 'Sales Person'}, {'id': 'custom_field_23167', 'name': 'National ID'}, {'id': 'custom_field_23348', 'name': 'Sales Person(Agent/TL/RO)'}]",KE,ROY,MITAKI MOKAYA,,1000147,Male,1,0762718431,,,,,,,,,,,,,[97470],32495890,CECILIA WAITHERA,,,,NELIUS WANGARI,,63796
8527621,36826,6507907,1000288,27996,250000.00,120000.00,30/05/2025,flat_rate,percentage,Month,4.0000,Months,12,3,12,0.00,round_off_to_two_decimal,,,,,,,,,,,,,,,,,,,,,,,,,,,,444330.39,85920.04000000001,416.67,86336.71,41666.66,20000.0,20075.82,4594.2300000000005,34,208333.34,100000.0,44075.82,4594.23,[],357003.39,30/05/2026,87327.00,5,,0,,0,,0,,0,,0,,0,,0,,0,,0,,0,,0,distribute_fees_evenly,36000.00,0,0,0,0,0,0,0,0,0,0,0,0.00,1,,,,"[{'id': 'custom_field_23347', 'name': 'Sales Person'}, {'id': 'custom_field_23167', 'name': 'National ID'}, {'id': 'custom_field_23348', 'name': 'Sales Person(Agent/TL/RO)'}]",KE,ROY,MITAKI MOKAYA,,1000147,Male,1,0762718431,,,,,,,,,,,,,[97470],32495890,CECILIA WAITHERA,,,"[{'file_id': 8965987, 's3_link': 'https://loandisk-loans.s3.amazonaws.com/BOOKING%20SHEET-12639478.pdf?response-content-disposition=attachment%3B%20filename%3D%22BOOKING%2520SHEET.pdf%22&X-Amz-Content-Sha256=UNSIGNED-PAYLOAD&X-Amz-Algorithm=AWS4-HMAC-SHA256&X-Amz-Credential=AKIAYUBLFC5TP3LJIQ5H%2F20251003%2Fus-east-1%2Fs3%2Faws4_request&X-Amz-Date=20251003T135106Z&X-Amz-SignedHeaders=host&X-Amz-Expires=28800&X-Amz-Signature=cfad0a9b54c05f2600b3fe6e811f4922dbd576e1ae9091d1ed8835fc404e78e8', 'name': 'BOOKING SHEET.pdf'}]",NELIUS WANGARI,,63796
8634889,36826,6550809,1000306,27996,130000.00,62400.00,18/06/2025,flat_rate,percentage,Month,4.0000,Months,12,3,12,0.00,round_off_to_two_decimal,,,,,,,,,,,,,,,,,,,,,,,,,,,,229927.81,0.0,2922.7999999999984,2922.7999999999984,2922.800000000001,0.0,0.0,0.0,15,100422.81,46800.0,27000.0,0.0,[],174222.81,18/06/2026,55705.00,16,,0,,0,,0,,0,,0,,0,,0,,0,,0,,0,,0,distribute_fees_evenly,36000.00,0,0,0,0,0,0,0,0,0,0,0,0.00,1,,,,"[{'id': 'custom_field_23347', 'name': 'Sales Person'}, {'id': 'custom_field_23167', 'name': 'National ID'}, {'id': 'custom_field_23348', 'name': 'Sales Person(Agent/TL/RO)'}]",KE,JANE,WANJIKU MBUGUA,,1000155,Female,3,0722250252,,,,,,,,,,,,,[91476],4319019,JOHN CHEGE,,,,VICTOR KEDOGO,,63796
8884692,36826,6616370,1000365,27996,120000.00,27000.00,25/07/2025,flat_rate,percentage,Month,7.5000,Months,3,3,3,0.00,round_off_to_two_decimal,,,,,,,,,,,,,,,,,,,,,,,,,,,,166103.02,40399.03,399.99,40799.02,39999.04,0.0,0.0,799.9799999999998,8,79999.04000000001,9000.0,3000.0,799.9799999999996,[],92799.02,25/10/2025,73304.00,16,,0,,0,,0,,0,,0,,0,,0,,0,,0,,0,,0,distribute_fees_evenly,9000.00,0,0,0,0,0,0,0,0,0,0,0,0.00,1,,,,"[{'id': 'custom_field_23347', 'name': 'Sales Person'}, {'id': 'custom_field_23167', 'name': 'National ID'}, {'id': 'custom_field_23348', 'name': 'Sales Person(Agent/TL/RO)'}]",KE,CHARLES,KIGUOYA CHEGE,,1000168,Male,1,0720051300,,,,,,,,,,,,,[91476],7192317,JOHN CHEGE,"[{'file_id': 8500197, 's3_link': 'https://loandisk-borrowers.s3.amazonaws.com/KBU892E%20%281%29-11959933.pdf?response-content-disposition=attachment%3B%20filename%3D%22KBU892E%2520%25281%2529.pdf%22&X-Amz-Content-Sha256=UNSIGNED-PAYLOAD&X-Amz-Algorithm=AWS4-HMAC-SHA256&X-Amz-Credential=AKIAYUBLFC5TP3LJIQ5H%2F20251003%2Fus-east-1%2Fs3%2Faws4_request&X-Amz-Date=20251003T135106Z&X-Amz-SignedHeaders=host&X-Amz-Expires=28800&X-Amz-Signature=6053ce4a9cdae86c4cd6414b34049148bf3765151b047ed996301b376b940c87', 'name': 'KBU892E (1).pdf'}]",,"[{'file_id': 8613187, 's3_link': 'https://loandisk-loans.s3.amazonaws.com/KIGUOYA%202-12120323.pdf?response-content-disposition=attachment%3B%20filename%3D%22KIGUOYA%25202.pdf%22&X-Amz-Content-Sha256=UNSIGNED-PAYLOAD&X-Amz-Algorithm=AWS4-HMAC-SHA256&X-Amz-Credential=AKIAYUBLFC5TP3LJIQ5H%2F20251003%2Fus-east-1%2Fs3%2Faws4_request&X-Amz-Date=20251003T135106Z&X-Amz-SignedHeaders=host&X-Amz-Expires=28800&X-Amz-Signature=08765c51ef55c3aee6e9ae24bbd5ef9a455d2386202571966f0e6f9c440858ab', 'name': 'KIGUOYA 2.pdf'}, {'file_id': 9045190, 's3_link': 'https://loandisk-loans.s3.amazonaws.com/kiguoya-12753492.pdf?response-content-disposition=attachment%3B%20filename%3D%22kiguoya.pdf%22&X-Amz-Content-Sha256=UNSIGNED-PAYLOAD&X-Amz-Algorithm=AWS4-HMAC-SHA256&X-Amz-Credential=AKIAYUBLFC5TP3LJIQ5H%2F20251003%2Fus-east-1%2Fs3%2Faws4_request&X-Amz-Date=20251003T135106Z&X-Amz-SignedHeaders=host&X-Amz-Expires=28800&X-Amz-Signature=af2ed044bbc793fbfce208cfd5e429b9580da859c77172ddce52ad59d0f6688f', 'name': 'kiguoya.pdf'}]",VICTOR KEDOGO,,63796
8904833,300334,6174413,1000368,27996,700000.00,672000.00,29/07/2025,flat_rate,percentage,Month,4.0000,Months,24,3,24,0.00,round_off_to_two_decimal,,,,,,,,,,,,,,,,,,,,,,,,,,,,1446406.64,61971.32000000001,601.66,62572.98000000001,29166.67,28000.0,2999.67,2406.64,4,670833.33,644000.0,68999.67,2406.64,[],1386239.64,29/07/2027,60167.00,5,,0,,0,,0,,0,,0,,0,,0,,0,,0,,0,,0,distribute_fees_evenly,72000.00,0,0,0,0,0,0,0,0,0,0,0,0.00,1,,,,"[{'id': 'custom_field_23347', 'name': 'Sales Person'}, {'id': 'custom_field_23167', 'name': 'National ID'}]",KE,PAUL,THECE WANGUI,FARMER/CAR DEALER,1000074,Male,1,0718354911,thecejayden@gmail.com,30/09/1982,KIAMBU,NAIROBI,,,,,,,,,[91476],22601927,,,,"[{'file_id': 9141530, 's3_link': 'https://loandisk-loans.s3.amazonaws.com/PAUL%20THECE%20WANGUI-12898541.pdf?response-content-disposition=attachment%3B%20filename%3D%22PAUL%2520THECE%2520WANGUI.pdf%22&X-Amz-Content-Sha256=UNSIGNED-PAYLOAD&X-Amz-Algorithm=AWS4-HMAC-SHA256&X-Amz-Credential=AKIAYUBLFC5TP3LJIQ5H%2F20251003%2Fus-east-1%2Fs3%2Faws4_request&X-Amz-Date=20251003T135106Z&X-Amz-SignedHeaders=host&X-Amz-Expires=28800&X-Amz-Signature=e2ff4a8cbe840f576335ad37438f557db3f4c4a7abc0d3fe8a8d9885db46ef61', 'name': 'PAUL THECE WANGUI.pdf'}]",VICTOR KEDOGO,,63796
8934272,36826,6812764,1000375,27996,134495.00,64557.60,01/08/2025,flat_rate,percentage,Month,4.0000,Months,12,3,12,0.00,round_off_to_two_decimal,,,,,,,,,,,,,,,,,,,,,,,,,,,,235164.68,19587.72,112.08,19699.800000000003,11207.92,5379.8,3000.0,112.08,2,123287.08,59177.799999999996,33000.0,112.08,[],215576.96,01/08/2026,19587.72,5,,0,,0,,0,,0,,0,,0,,0,,0,,0,,0,,0,distribute_fees_evenly,36000.00,0,0,0,0,0,0,0,0,0,0,0,0.00,1,,,,"[{'id': 'custom_field_23347', 'name': 'Sales Person'}, {'id': 'custom_field_23167', 'name': 'National ID'}, {'id': 'custom_field_23348', 'name': 'Sales Person(Agent/TL/RO)'}]",KE,NAPHTALI,NJOGU  MWANGI,HARDWARE,1000178,Male,1,0720325658,mwanginaphtali73@gmail.com,01/01/1973,LIMURU,NAIROBI,,,,Owner,,,,,[91476],11679758,FAITH DANIEL,,,"[{'file_id': 8709170, 's3_link': 'https://loandisk-loans.s3.amazonaws.com/NAPHTALI%20NJOGU%20-12265589.pdf?response-content-disposition=attachment%3B%20filename%3D%22NAPHTALI%2520NJOGU%2520.pdf%22&X-Amz-Content-Sha256=UNSIGNED-PAYLOAD&X-Amz-Algorithm=AWS4-HMAC-SHA256&X-Amz-Credential=AKIAYUBLFC5TP3LJIQ5H%2F20251003%2Fus-east-1%2Fs3%2Faws4_request&X-Amz-Date=20251003T135107Z&X-Amz-SignedHeaders=host&X-Amz-Expires=28800&X-Amz-Signature=6b0628949d62ac7aadec1dcc6a3d774f15f82ba44b216dc70d95edd479c3e8f5', 'name': 'NAPHTALI NJOGU .pdf'}]",cosmas njogu,,63796
8934289,240139,6812764,1000376,27999,34184.00,6840.00,01/08/2025,flat_rate,percentage,Month,2.0000,Months,10,3,10,0.00,round_off_to_integer,,0.0,0.0,0.0,,0.00,0.00,,0.00,0.0,charge_interest_normally,charge_principal_normally,0.00,0.0,0.0,0.0,0.0,0.0,,0.0,0.0000,0.0,,,0.0,0.0,,42024.00,-0.28,4202,4201.72,3418.0,684.0,100.0,0.0,2,30766.0,6156.0,899.72,0.0,[],37821.72,01/06/2026,4202.28,16,,0,,0,,0,distribute_fees_evenly,1000.00,,0,,0,,0,,0,,0,,0,,0,,0,0,0,0,0,0,0,0,0,0,0,0,0.00,1,0.0,,,"[{'id': 'custom_field_23347', 'name': 'Sales Person'}, {'id': 'custom_field_23167', 'name': 'National ID'}, {'id': 'custom_field_23348', 'name': 'Sales Person(Agent/TL/RO)'}]",KE,NAPHTALI,NJOGU  MWANGI,HARDWARE,1000178,Male,1,0720325658,mwanginaphtali73@gmail.com,01/01/1973,LIMURU,NAIROBI,,,,Owner,,,,,[91476],11679758,FAITH DANIEL,,,,cosmas njogu,,63796
8956779,253137,6085124,1000378,27996,160800.00,16080.00,05/08/2025,flat_rate,percentage,Month,10.0000,Months,1,3,1,0.00,round_off_to_two_decimal,,,,,,,,,,,,,,,,,,,,,,,,,,,,212732.40,191732.4,0,191732.4,155880.0,0.0,0.0,35852.4,28,155880.0,0.0,0.0,35852.4,"[{'loan_id': 8765882}, {'loan_id': 8563327}]",191732.40,05/09/2025,21000.00,6,,0,,0,,0,,0,,0,,0,,0,,0,,0,,0,,0,,0,0,0,0,0,0,0,0,0,0,0,0,0.00,1,,,,"[{'id': 'custom_field_23347', 'name': 'Sales Person'}, {'id': 'custom_field_23167', 'name': 'National ID'}, {'id': 'custom_field_23348', 'name': 'Sales Person(Agent/TL/RO)'}]",KE,RUTH,AYUMA ONYINO,WINES & SPIRIT,1000053,Female,3,0718539178,ruthayumaonyino@gmail.com,15/09/1986,NAIROBI,NAIROBI,,,,Owner,,,,,[91476],24626307,MERCY MBUGUA,,,,caroline Kanini,,63796
8957131,240140,6822855,1000379,27999,211981.00,25440.00,11/06/2025,flat_rate,percentage,Month,2.0000,Months,6,3,6,0.00,round_off_to_integer,,0.0,0.0,0.0,,0.00,0.00,,0.00,0.0,charge_interest_normally,charge_principal_normally,0.00,0.0,0.0,0.0,0.0,0.0,,0.0,0.0000,0.0,,,0.0,0.0,,238421.00,79474.0,39737,119211.0,105990.0,12720.0,501.0,0.0,84,211981.0,25440.0,1000.0,0.0,[],238421.00,11/12/2025,0.00,5,,0,,0,,0,distribute_fees_evenly,1000.00,,0,,0,,0,,0,,0,,0,,0,,0,0,0,0,0,0,0,0,0,0,0,0,0.00,1,0.0,,,"[{'id': 'custom_field_23347', 'name': 'Sales Person'}, {'id': 'custom_field_23167', 'name': 'National ID'}, {'id': 'custom_field_23348', 'name': 'Sales Person(Agent/TL/RO)'}]",KE,FAITH,SITOI TONKEI,,1000181,Female,2,0712203179,,,,,,,,,,,,,[97470],26632541,Mercy Mbugua,,,"[{'file_id': 8698957, 's3_link': 'https://loandisk-loans.s3.amazonaws.com/Adobe%20Scan%2020%20Jan%202023-12251412.pdf?response-content-disposition=attachment%3B%20filename%3D%22Adobe%2520Scan%252020%2520Jan%25202023.pdf%22&X-Amz-Content-Sha256=UNSIGNED-PAYLOAD&X-Amz-Algorithm=AWS4-HMAC-SHA256&X-Amz-Credential=AKIAYUBLFC5TP3LJIQ5H%2F20251003%2Fus-east-1%2Fs3%2Faws4_request&X-Amz-Date=20251003T135107Z&X-Amz-SignedHeaders=host&X-Amz-Expires=28800&X-Amz-Signature=bee0b1f464c411df15e812d29590dd4ac3c51ccc1e021211e2d83afeb9f0c4e0', 'name': 'Adobe Scan 20 Jan 2023.pdf'}, {'file_id': 8699023, 's3_link': 'https://loandisk-loans.s3.amazonaws.com/9723-DIGITAL_CERT_C32143306KDT120Z.PDF_1752648327227-12251501.pdf?response-content-disposition=attachment%3B%20filename%3D%229723-DIGITAL_CERT_C32143306KDT120Z.PDF_1752648327227.pdf%22&X-Amz-Content-Sha256=UNSIGNED-PAYLOAD&X-Amz-Algorithm=AWS4-HMAC-SHA256&X-Amz-Credential=AKIAYUBLFC5TP3LJIQ5H%2F20251003%2Fus-east-1%2Fs3%2Faws4_request&X-Amz-Date=20251003T135107Z&X-Amz-SignedHeaders=host&X-Amz-Expires=28800&X-Amz-Signature=50e756abd4f48a6aa98de716946a8454616ee57cf692267873356a29f53a1ff9', 'name': '9723-DIGITAL_CERT_C32143306KDT120Z.PDF_1752648327227.pdf'}, {'file_id': 8699024, 's3_link': 'https://loandisk-loans.s3.amazonaws.com/Regent%20Valuation%20Report%20KDT%20120Z-12251504.pdf?response-content-disposition=attachment%3B%20filename%3D%22Regent%2520Valuation%2520Report%2520KDT%2520120Z.pdf%22&X-Amz-Content-Sha256=UNSIGNED-PAYLOAD&X-Amz-Algorithm=AWS4-HMAC-SHA256&X-Amz-Credential=AKIAYUBLFC5TP3LJIQ5H%2F20251003%2Fus-east-1%2Fs3%2Faws4_request&X-Amz-Date=20251003T135107Z&X-Amz-SignedHeaders=host&X-Amz-Expires=28800&X-Amz-Signature=377dac230db1cfd6161c0379f3182ec51c20bba45ccaedb743deb11e23e542ab', 'name': 'Regent Valuation Report KDT 120Z.pdf'}, {'file_id': 8699025, 's3_link': 'https://loandisk-loans.s3.amazonaws.com/UPREMCAL_RPT%20-%202025-06-18T110402.410-12251508.pdf?response-content-disposition=attachment%3B%20filename%3D%22UPREMCAL_RPT%2520-%25202025-06-18T110402.410.pdf%22&X-Amz-Content-Sha256=UNSIGNED-PAYLOAD&X-Amz-Algorithm=AWS4-HMAC-SHA256&X-Amz-Credential=AKIAYUBLFC5TP3LJIQ5H%2F20251003%2Fus-east-1%2Fs3%2Faws4_request&X-Amz-Date=20251003T135107Z&X-Amz-SignedHeaders=host&X-Amz-Expires=28800&X-Amz-Signature=2ec0afe4e1dcd1922bd560c1b0bb74bd0ec664bc2e97142812f7947228a01a39', 'name': 'UPREMCAL_RPT - 2025-06-18T110402.410.pdf'}]",cosmas njogu,,63796
8976148,36826,6325972,1000383,27996,230000.00,51750.00,08/08/2025,flat_rate,percentage,Month,7.5000,Months,3,3,3,0.00,round_off_to_two_decimal,,,,,,,,,,,,,,,,,,,,,,,,,,,,308973.40,0.0,70140.07,70140.07,70140.06999999999,0.0,0.0,0.0,25,223473.4,34500.0,6000.0,0.0,[],263973.40,08/11/2025,45000.00,16,,0,,0,,0,,0,,0,,0,,0,,0,,0,,0,,0,distribute_fees_evenly,9000.00,0,0,0,0,0,0,0,0,0,0,0,0.00,1,,,,"[{'id': 'custom_field_23347', 'name': 'Sales Person'}, {'id': 'custom_field_23167', 'name': 'National ID'}, {'id': 'custom_field_23348', 'name': 'Sales Person(Agent/TL/RO)'}]",KE,JOHN,NJOGU MWANGI,KINGETHU TECH LIMITED,1000103,Male,1,0725835537,johnmwash072@gmail.com,11/07/1999,GUTHURAI,NAIROBI,,,,Owner,,,,,[91476],37171517,BENSON ASHITUBA,,,"[{'file_id': 8721146, 's3_link': 'https://loandisk-loans.s3.amazonaws.com/NJOGU-12282096.pdf?response-content-disposition=attachment%3B%20filename%3D%22NJOGU.pdf%22&X-Amz-Content-Sha256=UNSIGNED-PAYLOAD&X-Amz-Algorithm=AWS4-HMAC-SHA256&X-Amz-Credential=AKIAYUBLFC5TP3LJIQ5H%2F20251003%2Fus-east-1%2Fs3%2Faws4_request&X-Amz-Date=20251003T135107Z&X-Amz-SignedHeaders=host&X-Amz-Expires=28800&X-Amz-Signature=6c25ecacad26e13e43fb9034a169b60a2902d63ada96e6b688e3fbd1365ad554', 'name': 'NJOGU.pdf'}, {'file_id': 8982106, 's3_link': 'https://loandisk-loans.s3.amazonaws.com/NJOGU%20MWANGI-12662346.pdf?response-content-disposition=attachment%3B%20filename%3D%22NJOGU%2520MWANGI.pdf%22&X-Amz-Content-Sha256=UNSIGNED-PAYLOAD&X-Amz-Algorithm=AWS4-HMAC-SHA256&X-Amz-Credential=AKIAYUBLFC5TP3LJIQ5H%2F20251003%2Fus-east-1%2Fs3%2Faws4_request&X-Amz-Date=20251003T135107Z&X-Amz-SignedHeaders=host&X-Amz-Expires=28800&X-Amz-Signature=6881ce22a4565fd53328b41d74bbd7fd6b1566c3120b70ff50c9839cee0401c5', 'name': 'NJOGU MWANGI.pdf'}]",VICTOR KEDOGO,,63796
9030532,36826,6458146,1000394,27996,46250.00,3700.00,15/08/2025,flat_rate,percentage,Month,4.0000,Months,2,3,2,0.00,round_off_to_two_decimal,,,,,,,,,,,,,,,,,,,,,,,,,,,,51683.61,2121.959999999999,19.83,2141.789999999999,1983.1500000000015,0.0,0.0,158.63999999999993,18,25108.15,1850.0,0.0,158.63999999999987,[],27116.79,15/10/2025,24566.82,16,,0,,0,,0,,0,,0,,0,,0,,0,,0,,0,,0,,0,0,0,0,0,0,0,0,0,0,0,0,0.00,1,,,,"[{'id': 'custom_field_23347', 'name': 'Sales Person'}, {'id': 'custom_field_23167', 'name': 'National ID'}, {'id': 'custom_field_23348', 'name': 'Sales Person(Agent/TL/RO)'}]",KE,CHERUIYOT,VICTOR,ROCKMINE CONSULTANTS LTD,1000130,Male,1,0704315740,victorcheru12@gmail.com,02/06/1996,Nairobi,Nairobi,,,,,,6821fa9a78fb9-11351892.jpg,,,[91476],33250855,MERCY MBUGUA,,https://loandisk-borrowers-photo-thumbnails.s3.amazonaws.com/6821fa9a78fb9-11351892.jpg?X-Amz-Content-Sha256=UNSIGNED-PAYLOAD&X-Amz-Algorithm=AWS4-HMAC-SHA256&X-Amz-Credential=AKIAYUBLFC5TP3LJIQ5H%2F20251003%2Fus-east-1%2Fs3%2Faws4_request&X-Amz-Date=20251003T135107Z&X-Amz-SignedHeaders=host&X-Amz-Expires=28800&X-Amz-Signature=362dff68b6123a138a76fbe6a42e7dbe0495165b582d6b7c8e5cc0c841e9b854,"[{'file_id': 8911328, 's3_link': 'https://loandisk-loans.s3.amazonaws.com/VICTOR%20CHERUIYOT-12558042.pdf?response-content-disposition=attachment%3B%20filename%3D%22VICTOR%2520CHERUIYOT.pdf%22&X-Amz-Content-Sha256=UNSIGNED-PAYLOAD&X-Amz-Algorithm=AWS4-HMAC-SHA256&X-Amz-Credential=AKIAYUBLFC5TP3LJIQ5H%2F20251003%2Fus-east-1%2Fs3%2Faws4_request&X-Amz-Date=20251003T135107Z&X-Amz-SignedHeaders=host&X-Amz-Expires=28800&X-Amz-Signature=7f18319fa1c4ecc7078d4a5b831e107613737e51ba94bd6660e98ab7e598c26b', 'name': 'VICTOR CHERUIYOT.pdf'}]",VICTOR KEDOGO,,63796
9036583,36826,6507907,1000396,27996,41666.00,4999.92,18/08/2025,flat_rate,percentage,Month,4.0000,Months,3,3,3,0.00,round_off_to_two_decimal,,,,,,,,,,,,,,,,,,,,,,,,,,,,48610.38,17360.88,138.89,17499.77,13888.67,1666.64,0.0,1944.46,15,41666.0,4999.92,0.0,1944.46,[],48610.38,18/11/2025,0.00,5,,0,,0,,0,,0,,0,,0,,0,,0,,0,,0,,0,,0,0,0,0,0,0,0,0,0,0,0,0,0.00,1,,,,"[{'id': 'custom_field_23347', 'name': 'Sales Person'}, {'id': 'custom_field_23167', 'name': 'National ID'}, {'id': 'custom_field_23348', 'name': 'Sales Person(Agent/TL/RO)'}]",KE,ROY,MITAKI MOKAYA,,1000147,Male,1,0762718431,,,,,,,,,,,,,[97470],32495890,CECILIA WAITHERA,,,"[{'file_id': 8911383, 's3_link': 'https://loandisk-loans.s3.amazonaws.com/MITAKI-12558107.pdf?response-content-disposition=attachment%3B%20filename%3D%22MITAKI.pdf%22&X-Amz-Content-Sha256=UNSIGNED-PAYLOAD&X-Amz-Algorithm=AWS4-HMAC-SHA256&X-Amz-Credential=AKIAYUBLFC5TP3LJIQ5H%2F20251003%2Fus-east-1%2Fs3%2Faws4_request&X-Amz-Date=20251003T135107Z&X-Amz-SignedHeaders=host&X-Amz-Expires=28800&X-Amz-Signature=85ec816234c7bc9c43ebe3b77c5181b707d8a65b4e4fa925ac7c92e46e397266', 'name': 'MITAKI.pdf'}]",caroline Kanini,,63796
9048493,36826,6171628,1000398,27996,320000.00,72000.00,19/08/2025,flat_rate,percentage,Month,7.5000,Months,3,3,3,0.00,round_off_to_two_decimal,,,,,,,,,,,,,,,,,,,,,,,,,,,,414866.71,146466.71,1066.67,147533.38,106666.67,24000.0,3000.0,13866.710000000001,14,320000.0,72000.0,9000.0,13866.71,[],414866.71,19/11/2025,0.00,5,,0,,0,,0,,0,,0,,0,,0,,0,,0,,0,,0,dont_include,9000.00,0,0,0,0,0,0,0,0,0,0,0,0.00,1,,,,"[{'id': 'custom_field_23347', 'name': 'Sales Person'}, {'id': 'custom_field_23167', 'name': 'National ID'}, {'id': 'custom_field_23348', 'name': 'Sales Person(Agent/TL/RO)'}]",KE,EMMANUEL,MBINJI MASENGO,SHUGARFITS COLLECTIONS,1000073,Male,1,0720372271,emmanuel1136@gmail.com,13/04/1990,NAIROBI,,,,,Owner,,,,,[91476],29072458,VICTOR GAKUO,,,"[{'file_id': 8911344, 's3_link': 'https://loandisk-loans.s3.amazonaws.com/MBINJI-12558074.pdf?response-content-disposition=attachment%3B%20filename%3D%22MBINJI.pdf%22&X-Amz-Content-Sha256=UNSIGNED-PAYLOAD&X-Amz-Algorithm=AWS4-HMAC-SHA256&X-Amz-Credential=AKIAYUBLFC5TP3LJIQ5H%2F20251003%2Fus-east-1%2Fs3%2Faws4_request&X-Amz-Date=20251003T135107Z&X-Amz-SignedHeaders=host&X-Amz-Expires=28800&X-Amz-Signature=0186e8b00c23000aeb755c29d4ab7f52f82ee9b6a71788555a4ea3eaf9b659aa', 'name': 'MBINJI.pdf'}]",VICTOR KEDOGO,,63796
9051615,36826,5860702,1000401,27996,170000.00,40800.00,20/08/2025,flat_rate,percentage,Month,4.0000,Months,6,3,6,0.00,round_off_to_two_decimal,,,,,,,,,,,,,,,,,,,,,,,,,,,,232199.96,41249.96,283.33,41533.29,28333.33,6800.0,3000.0,3399.96,13,170000.0,40800.0,18000.0,3399.96,[],232199.96,20/02/2026,0.00,5,,0,,0,,0,,0,,0,,0,,0,,0,,0,,0,,0,distribute_fees_evenly,18000.00,0,0,0,0,0,0,0,0,0,0,0,0.00,1,,,,"[{'id': 'custom_field_23347', 'name': 'Sales Person'}]",KE,JOSPHAT,WAWERU   WANJIKU,DISTRIBUTION,1000019,Male,1,0707648011,jwechez@gmail.com,06/06/1982,RUAI,NAIROBI,,31388,,Owner,,67121478845a6-9424670.jpeg,,,[91476],,,"[{'file_id': 6773047, 's3_link': 'https://loandisk-borrowers.s3.amazonaws.com/KCA-9424665.pdf?response-content-disposition=attachment%3B%20filename%3D%22KCA.pdf%22&X-Amz-Content-Sha256=UNSIGNED-PAYLOAD&X-Amz-Algorithm=AWS4-HMAC-SHA256&X-Amz-Credential=AKIAYUBLFC5TP3LJIQ5H%2F20251003%2Fus-east-1%2Fs3%2Faws4_request&X-Amz-Date=20251003T135108Z&X-Amz-SignedHeaders=host&X-Amz-Expires=28800&X-Amz-Signature=7d1fa2f67d7ccea343141a993c1f71ed1b3206e83f610cc62929a1d6b362597b', 'name': 'KCA.pdf'}]",https://loandisk-borrowers-photo-thumbnails.s3.amazonaws.com/67121478845a6-9424670.jpeg?X-Amz-Content-Sha256=UNSIGNED-PAYLOAD&X-Amz-Algorithm=AWS4-HMAC-SHA256&X-Amz-Credential=AKIAYUBLFC5TP3LJIQ5H%2F20251003%2Fus-east-1%2Fs3%2Faws4_request&X-Amz-Date=20251003T135108Z&X-Amz-SignedHeaders=host&X-Amz-Expires=28800&X-Amz-Signature=351127199042a1e8cc784d5286401b0f47068ecde95f354d349b94d7cf0ff29b,"[{'file_id': 8911326, 's3_link': 'https://loandisk-loans.s3.amazonaws.com/JOSPHAT%28AUG%29-12558037.pdf?response-content-disposition=attachment%3B%20filename%3D%22JOSPHAT%2528AUG%2529.pdf%22&X-Amz-Content-Sha256=UNSIGNED-PAYLOAD&X-Amz-Algorithm=AWS4-HMAC-SHA256&X-Amz-Credential=AKIAYUBLFC5TP3LJIQ5H%2F20251003%2Fus-east-1%2Fs3%2Faws4_request&X-Amz-Date=20251003T135108Z&X-Amz-SignedHeaders=host&X-Amz-Expires=28800&X-Amz-Signature=a688da28cc14f7d2df80778f66cd13e2907001ab2bbaa0d8210b07a3876b2439', 'name': 'JOSPHAT(AUG).pdf'}]",VICTOR KEDOGO,,63796
9086216,253137,6633716,1000409,27996,55000.00,8250.00,26/08/2025,flat_rate,percentage,Month,15.0000,Months,1,3,1,0.00,round_off_to_two_decimal,,,,,,,,,,,,,,,,,,,,,,,,,,,,64215.00,49215.0,0,49215.0,48250.0,0.0,0.0,965.0,7,48250.0,0.0,0.0,965.0,[],49215.00,26/09/2025,15000.00,6,,0,,0,,0,,0,,0,,0,,0,,0,,0,,0,,0,,0,0,0,0,0,0,0,0,0,0,0,0,0.00,1,,,,"[{'id': 'custom_field_23347', 'name': 'Sales Person'}, {'id': 'custom_field_23167', 'name': 'National ID'}, {'id': 'custom_field_23348', 'name': 'Sales Person(Agent/TL/RO)'}]",KE,NORMAN,OYIELI RUNALO,CONSTRUCTION BUSINESS,1000172,Male,1,0722583361,oyielin@gmail.com,02/07/1972,451,NAIROBI,WESTLANDS,00625,,Owner,,,,,[97470],12965297,BENSON ASHITUBA,"[{'file_id': 8542216, 's3_link': 'https://loandisk-borrowers.s3.amazonaws.com/_254722583361_NORMAN_OYIELI_RUNALO_14-07-2025_09_17_Full_MPESA_Report-12020052.pdf?response-content-disposition=attachment%3B%20filename%3D%22_254722583361_NORMAN_OYIELI_RUNALO_14-07-2025_09_17_Full_MPESA_Report.pdf%22&X-Amz-Content-Sha256=UNSIGNED-PAYLOAD&X-Amz-Algorithm=AWS4-HMAC-SHA256&X-Amz-Credential=AKIAYUBLFC5TP3LJIQ5H%2F20251003%2Fus-east-1%2Fs3%2Faws4_request&X-Amz-Date=20251003T135108Z&X-Amz-SignedHeaders=host&X-Amz-Expires=28800&X-Amz-Signature=3158c455cb53dbf52f0dcc4884a12e0122f83c03b7517e5a5ad5478b93317ffb', 'name': '_254722583361_NORMAN_OYIELI_RUNALO_14-07-2025_09_17_Full_MPESA_Report.pdf'}, {'file_id': 8542217, 's3_link': 'https://loandisk-borrowers.s3.amazonaws.com/QN-000940-Motor_insurance%5B1%5D-12020117.pdf?response-content-disposition=attachment%3B%20filename%3D%22QN-000940-Motor_insurance%255B1%255D.pdf%22&X-Amz-Content-Sha256=UNSIGNED-PAYLOAD&X-Amz-Algorithm=AWS4-HMAC-SHA256&X-Amz-Credential=AKIAYUBLFC5TP3LJIQ5H%2F20251003%2Fus-east-1%2Fs3%2Faws4_request&X-Amz-Date=20251003T135108Z&X-Amz-SignedHeaders=host&X-Amz-Expires=28800&X-Amz-Signature=ff90df8b0ba5f77821a642013597fe5d96f56ad4136cd7bbcbc5f1dde02c4b90', 'name': 'QN-000940-Motor_insurance[1].pdf'}, {'file_id': 8542218, 's3_link': 'https://loandisk-borrowers.s3.amazonaws.com/WhatsApp%20Image%202025-07-14%20at%2015.49.43_3fb6461d-12020119.jpg?response-content-disposition=attachment%3B%20filename%3D%22WhatsApp%2520Image%25202025-07-14%2520at%252015.49.43_3fb6461d.jpg%22&X-Amz-Content-Sha256=UNSIGNED-PAYLOAD&X-Amz-Algorithm=AWS4-HMAC-SHA256&X-Amz-Credential=AKIAYUBLFC5TP3LJIQ5H%2F20251003%2Fus-east-1%2Fs3%2Faws4_request&X-Amz-Date=20251003T135108Z&X-Amz-SignedHeaders=host&X-Amz-Expires=28800&X-Amz-Signature=b96d94e650f999fc71487024eebf3a4e6466c2948f34838fd8137fecf23d4f6f', 'name': 'WhatsApp Image 2025-07-14 at 15.49.43_3fb6461d.jpg'}, {'file_id': 8542219, 's3_link': 'https://loandisk-borrowers.s3.amazonaws.com/ValuationsReport-F-100316-20250714_135315%5B1%5D-12020118.pdf?response-content-disposition=attachment%3B%20filename%3D%22ValuationsReport-F-100316-20250714_135315%255B1%255D.pdf%22&X-Amz-Content-Sha256=UNSIGNED-PAYLOAD&X-Amz-Algorithm=AWS4-HMAC-SHA256&X-Amz-Credential=AKIAYUBLFC5TP3LJIQ5H%2F20251003%2Fus-east-1%2Fs3%2Faws4_request&X-Amz-Date=20251003T135108Z&X-Amz-SignedHeaders=host&X-Amz-Expires=28800&X-Amz-Signature=328860c948cb71d88459c750cbcf255f664a3cd9067995aaf6e3610b681ad753', 'name': 'ValuationsReport-F-100316-20250714_135315[1].pdf'}, {'file_id': 8542220, 's3_link': 'https://loandisk-borrowers.s3.amazonaws.com/WhatsApp%20Image%202025-07-14%20at%2015.49.44_3d6cdb4b-12020120.jpg?response-content-disposition=attachment%3B%20filename%3D%22WhatsApp%2520Image%25202025-07-14%2520at%252015.49.44_3d6cdb4b.jpg%22&X-Amz-Content-Sha256=UNSIGNED-PAYLOAD&X-Amz-Algorithm=AWS4-HMAC-SHA256&X-Amz-Credential=AKIAYUBLFC5TP3LJIQ5H%2F20251003%2Fus-east-1%2Fs3%2Faws4_request&X-Amz-Date=20251003T135108Z&X-Amz-SignedHeaders=host&X-Amz-Expires=28800&X-Amz-Signature=9065cc8e50432c74a021cf7a7eacbaf5529aa904a52682bae06c231cfd94b14d', 'name': 'WhatsApp Image 2025-07-14 at 15.49.44_3d6cdb4b.jpg'}, {'file_id': 8542221, 's3_link': 'https://loandisk-borrowers.s3.amazonaws.com/202507151132_250715_121950%5B1%5D-12020122.pdf?response-content-disposition=attachment%3B%20filename%3D%22202507151132_250715_121950%255B1%255D.pdf%22&X-Amz-Content-Sha256=UNSIGNED-PAYLOAD&X-Amz-Algorithm=AWS4-HMAC-SHA256&X-Amz-Credential=AKIAYUBLFC5TP3LJIQ5H%2F20251003%2Fus-east-1%2Fs3%2Faws4_request&X-Amz-Date=20251003T135108Z&X-Amz-SignedHeaders=host&X-Amz-Expires=28800&X-Amz-Signature=41058d13ff0dfee7b6fd688f86a2f5381f5a14355de7a51134f423c9ac6fea58', 'name': '202507151132_250715_121950[1].pdf'}, {'file_id': 8542222, 's3_link': 'https://loandisk-borrowers.s3.amazonaws.com/KDP998U_END_SYSTEM_250715_122010%5B1%5D-12020123.pdf?response-content-disposition=attachment%3B%20filename%3D%22KDP998U_END_SYSTEM_250715_122010%255B1%255D.pdf%22&X-Amz-Content-Sha256=UNSIGNED-PAYLOAD&X-Amz-Algorithm=AWS4-HMAC-SHA256&X-Amz-Credential=AKIAYUBLFC5TP3LJIQ5H%2F20251003%2Fus-east-1%2Fs3%2Faws4_request&X-Amz-Date=20251003T135108Z&X-Amz-SignedHeaders=host&X-Amz-Expires=28800&X-Amz-Signature=be690cc42b1bda3cb4ae43a953dc462a9e45e2099f6770b6bef6fad5d73fb79f', 'name': 'KDP998U_END_SYSTEM_250715_122010[1].pdf'}, {'file_id': 8542223, 's3_link': 'https://loandisk-borrowers.s3.amazonaws.com/FINAL_INVOICE_KDP%5B1%5D-12020124.pdf?response-content-disposition=attachment%3B%20filename%3D%22FINAL_INVOICE_KDP%255B1%255D.pdf%22&X-Amz-Content-Sha256=UNSIGNED-PAYLOAD&X-Amz-Algorithm=AWS4-HMAC-SHA256&X-Amz-Credential=AKIAYUBLFC5TP3LJIQ5H%2F20251003%2Fus-east-1%2Fs3%2Faws4_request&X-Amz-Date=20251003T135108Z&X-Amz-SignedHeaders=host&X-Amz-Expires=28800&X-Amz-Signature=5e4316619a86d290d9bb3287177b43251965a7760cb3c2a209326e8d72d41ee9', 'name': 'FINAL_INVOICE_KDP[1].pdf'}, {'file_id': 8542224, 's3_link': 'https://loandisk-borrowers.s3.amazonaws.com/KDP998U_%281%29%5B1%5D-12020125.pdf?response-content-disposition=attachment%3B%20filename%3D%22KDP998U_%25281%2529%255B1%255D.pdf%22&X-Amz-Content-Sha256=UNSIGNED-PAYLOAD&X-Amz-Algorithm=AWS4-HMAC-SHA256&X-Amz-Credential=AKIAYUBLFC5TP3LJIQ5H%2F20251003%2Fus-east-1%2Fs3%2Faws4_request&X-Amz-Date=20251003T135108Z&X-Amz-SignedHeaders=host&X-Amz-Expires=28800&X-Amz-Signature=c3d4ab18d00efbe34fae3b921ed1abab78c4560acd70700ab5e81aa3cdee83f0', 'name': 'KDP998U_(1)[1].pdf'}]",,"[{'file_id': 8911318, 's3_link': 'https://loandisk-loans.s3.amazonaws.com/NORMAN%2055K-12558023.pdf?response-content-disposition=attachment%3B%20filename%3D%22NORMAN%252055K.pdf%22&X-Amz-Content-Sha256=UNSIGNED-PAYLOAD&X-Amz-Algorithm=AWS4-HMAC-SHA256&X-Amz-Credential=AKIAYUBLFC5TP3LJIQ5H%2F20251003%2Fus-east-1%2Fs3%2Faws4_request&X-Amz-Date=20251003T135108Z&X-Amz-SignedHeaders=host&X-Amz-Expires=28800&X-Amz-Signature=9f4056cd044ebac0bc71d2e1f1f3ade0e3ac075678fd9085964fec7bd47acf0c', 'name': 'NORMAN 55K.pdf'}]",caroline Kanini,,63796
9102132,36826,5979942,1000413,27996,475000.00,114000.00,28/08/2025,flat_rate,percentage,Month,4.0000,Months,6,3,6,0.00,round_off_to_two_decimal,,,,,,,,,,,,,,,,,,,,,,,,,,,,592166.68,99750.01,791.67,100541.68,79166.67,19000.0,0.0,2375.01,5,475000.0,114000.0,0.0,2375.0099999999998,[],591375.01,28/02/2026,791.67,16,,0,,0,,0,,0,,0,,0,,0,,0,,0,,0,,0,,0,0,0,0,0,0,0,0,0,0,0,0,0.00,1,,,,"[{'id': 'custom_field_23347', 'name': 'Sales Person'}, {'id': 'custom_field_23167', 'name': 'National ID'}, {'id': 'custom_field_23348', 'name': 'Sales Person(Agent/TL/RO)'}]",KE,JOEL,BOSEK KIMUTAI,JOEL KIMUTAI BOSEKAND CO ADVOCATES,1000036,Male,1,0727418405,jbosekkim@gmail.com,20/04/1969,NAIROBI,NAIROBI,,,,Owner,,673efc8091f11-9741420.jpeg,,,[91476],9814113,BENSON ASHITUBA,"[{'file_id': 6991833, 's3_link': 'https://loandisk-borrowers.s3.amazonaws.com/WhatsApp%20Image%202024-11-21%20at%2012.20.44%20PM-9741418.jpeg?response-content-disposition=attachment%3B%20filename%3D%22WhatsApp%2520Image%25202024-11-21%2520at%252012.20.44%2520PM.jpeg%22&X-Amz-Content-Sha256=UNSIGNED-PAYLOAD&X-Amz-Algorithm=AWS4-HMAC-SHA256&X-Amz-Credential=AKIAYUBLFC5TP3LJIQ5H%2F20251003%2Fus-east-1%2Fs3%2Faws4_request&X-Amz-Date=20251003T135108Z&X-Amz-SignedHeaders=host&X-Amz-Expires=28800&X-Amz-Signature=4ff0ffe8fdc98e56525f8d66ee77325242e081c79c9163ca1fff4b28ff1b0ed9', 'name': 'WhatsApp Image 2024-11-21 at 12.20.44 PM.jpeg'}]",https://loandisk-borrowers-photo-thumbnails.s3.amazonaws.com/673efc8091f11-9741420.jpeg?X-Amz-Content-Sha256=UNSIGNED-PAYLOAD&X-Amz-Algorithm=AWS4-HMAC-SHA256&X-Amz-Credential=AKIAYUBLFC5TP3LJIQ5H%2F20251003%2Fus-east-1%2Fs3%2Faws4_request&X-Amz-Date=20251003T135108Z&X-Amz-SignedHeaders=host&X-Amz-Expires=28800&X-Amz-Signature=d8ed74836dd6391754035436786675fe63f2bc23d285fb5630d2f314dc729c87,"[{'file_id': 8911294, 's3_link': 'https://loandisk-loans.s3.amazonaws.com/JOEL%20BOSEK%28AUG%29-12557996.pdf?response-content-disposition=attachment%3B%20filename%3D%22JOEL%2520BOSEK%2528AUG%2529.pdf%22&X-Amz-Content-Sha256=UNSIGNED-PAYLOAD&X-Amz-Algorithm=AWS4-HMAC-SHA256&X-Amz-Credential=AKIAYUBLFC5TP3LJIQ5H%2F20251003%2Fus-east-1%2Fs3%2Faws4_request&X-Amz-Date=20251003T135108Z&X-Amz-SignedHeaders=host&X-Amz-Expires=28800&X-Amz-Signature=d1332b84b0277a097e4b731059871881f11d9dbafeb6fc133aeb6083de6a999a', 'name': 'JOEL BOSEK(AUG).pdf'}]",VICTOR KEDOGO,,63796
9133321,36826,5941366,1000417,27996,91000.00,10920.00,02/09/2025,flat_rate,percentage,Month,4.0000,Months,3,3,3,0.00,round_off_to_two_decimal,,,,,,,,,,,,,,,,,,,,,,,,,,,,101920.00,0.0,33772.41,33772.41,30333.33,3439.08,0.0,0.0,1,91000.0,10719.08,0.0,0.0,[],101719.08,02/12/2025,200.92,16,,0,,0,,0,,0,,0,,0,,0,,0,,0,,0,,0,,0,0,0,0,0,0,0,0,0,0,0,0,0.00,1,,,,"[{'id': 'custom_field_23347', 'name': 'Sales Person'}, {'id': 'custom_field_23167', 'name': 'National ID'}, {'id': 'custom_field_23348', 'name': 'Sales Person(Agent/TL/RO)'}]",KE,GRACE,MUKUHI      KIMEMIA,GENERAL  SUPPLIES/CONSTRUCTION,1000031,Female,2,0721756373,gracekimemia04@gmail.com,15/11/1975,KIAMBU,NAIROBI,,,,Owner,,,,,[97470],14513689,BENSON ASHITUBA,"[{'file_id': 6943930, 's3_link': 'https://loandisk-borrowers.s3.amazonaws.com/GRACE%20KIMEMIA%20LOGBOOK%20COPY%20KCN989A-9674091.pdf?response-content-disposition=attachment%3B%20filename%3D%22GRACE%2520KIMEMIA%2520LOGBOOK%2520COPY%2520KCN989A.pdf%22&X-Amz-Content-Sha256=UNSIGNED-PAYLOAD&X-Amz-Algorithm=AWS4-HMAC-SHA256&X-Amz-Credential=AKIAYUBLFC5TP3LJIQ5H%2F20251003%2Fus-east-1%2Fs3%2Faws4_request&X-Amz-Date=20251003T135108Z&X-Amz-SignedHeaders=host&X-Amz-Expires=28800&X-Amz-Signature=272e450d0ad1d923ac65c3ad2f7186741fcb3a207627e047b8b4efdc1cb0c243', 'name': 'GRACE KIMEMIA LOGBOOK COPY KCN989A.pdf'}]",,"[{'file_id': 8912006, 's3_link': 'https://loandisk-loans.s3.amazonaws.com/GRACE%20M%20K-12558875.pdf?response-content-disposition=attachment%3B%20filename%3D%22GRACE%2520M%2520K.pdf%22&X-Amz-Content-Sha256=UNSIGNED-PAYLOAD&X-Amz-Algorithm=AWS4-HMAC-SHA256&X-Amz-Credential=AKIAYUBLFC5TP3LJIQ5H%2F20251003%2Fus-east-1%2Fs3%2Faws4_request&X-Amz-Date=20251003T135108Z&X-Amz-SignedHeaders=host&X-Amz-Expires=28800&X-Amz-Signature=3682b13ac4fbc214d5156d8e7ee30a7e19e6284fb351ed2ac7eba8f0c5aea642', 'name': 'GRACE M K.pdf'}]",VICTOR KEDOGO,,63796
6057360,237706,5196184,1001760,27999,148404.00,22260.60,20/03/2024,flat_rate,percentage,Month,3.0000,Months,12,3,12,0.00,round_off_to_two_decimal,,,,,,,,,,,,,,,,,,,,,,,,,,,,183164.60,105864.59999999999,0,105864.59999999999,98936.0,4452.119999999999,2476.48,0.0,409,98936.0,4452.119999999999,2476.4799999999996,0.0,[],105864.60,20/08/2024,77300.00,6,,0,,0,,0,,0,,0,,0,,0,,0,,0,,0,,0,distribute_fees_evenly,30000.00,0,0,0,0,0,0,0,0,0,0,0,0.00,1,,,,"[{'id': 'custom_field_23167', 'name': 'National ID'}, {'id': 'custom_field_23348', 'name': 'Sales Person(Agent/TL/RO)'}]",KE,ALLOYS,OTIENO ODEMBA,PCEA KIMUKA MEDICAL CENTER,1000353,Male,1,0722284182,alloys.odemba@gmail.com,27/05/1981,68149,Nairobi,"Nairobi,Kishasa Road Boma yangu.",00200,0722501357,,GOOD,,,,[97469],22504036,LINET NYANYA,"[{'file_id': 5610854, 's3_link': 'https://loandisk-borrowers.s3.amazonaws.com/Alloys%20Odemba%20Loan%20form-7753338.pdf?response-content-disposition=attachment%3B%20filename%3D%22Alloys%2520Odemba%2520Loan%2520form.pdf%22&X-Amz-Content-Sha256=UNSIGNED-PAYLOAD&X-Amz-Algorithm=AWS4-HMAC-SHA256&X-Amz-Credential=AKIAYUBLFC5TP3LJIQ5H%2F20251003%2Fus-east-1%2Fs3%2Faws4_request&X-Amz-Date=20251003T135111Z&X-Amz-SignedHeaders=host&X-Amz-Expires=28800&X-Amz-Signature=addbd3644e7b9cdcb200296dbe018cf0d44f67c54c8632a797149d6179ac8b24', 'name': 'Alloys Odemba Loan form.pdf'}, {'file_id': 5610855, 's3_link': 'https://loandisk-borrowers.s3.amazonaws.com/Alloys%20Odemba%20Offer%20Letter-7753341.pdf?response-content-disposition=attachment%3B%20filename%3D%22Alloys%2520Odemba%2520Offer%2520Letter.pdf%22&X-Amz-Content-Sha256=UNSIGNED-PAYLOAD&X-Amz-Algorithm=AWS4-HMAC-SHA256&X-Amz-Credential=AKIAYUBLFC5TP3LJIQ5H%2F20251003%2Fus-east-1%2Fs3%2Faws4_request&X-Amz-Date=20251003T135111Z&X-Amz-SignedHeaders=host&X-Amz-Expires=28800&X-Amz-Signature=20f0ae5698c07e5eadaaebfbec773bd45d9d3828c4b24bf86753a9fa626435b0', 'name': 'Alloys Odemba Offer Letter.pdf'}]",,"[{'file_id': 5610883, 's3_link': 'https://loandisk-loans.s3.amazonaws.com/Alloys%20Odemba%20Loan%20form-7753376.pdf?response-content-disposition=attachment%3B%20filename%3D%22Alloys%2520Odemba%2520Loan%2520form.pdf%22&X-Amz-Content-Sha256=UNSIGNED-PAYLOAD&X-Amz-Algorithm=AWS4-HMAC-SHA256&X-Amz-Credential=AKIAYUBLFC5TP3LJIQ5H%2F20251003%2Fus-east-1%2Fs3%2Faws4_request&X-Amz-Date=20251003T135111Z&X-Amz-SignedHeaders=host&X-Amz-Expires=28800&X-Amz-Signature=7e8242e4af20ba36b00240a29bc42ea57e541d1c49b9c13bdb6d4f5d058d5afc', 'name': 'Alloys Odemba Loan form.pdf'}, {'file_id': 5610884, 's3_link': 'https://loandisk-loans.s3.amazonaws.com/Alloys%20Odemba%20Offer%20Letter-7753379.pdf?response-content-disposition=attachment%3B%20filename%3D%22Alloys%2520Odemba%2520Offer%2520Letter.pdf%22&X-Amz-Content-Sha256=UNSIGNED-PAYLOAD&X-Amz-Algorithm=AWS4-HMAC-SHA256&X-Amz-Credential=AKIAYUBLFC5TP3LJIQ5H%2F20251003%2Fus-east-1%2Fs3%2Faws4_request&X-Amz-Date=20251003T135111Z&X-Amz-SignedHeaders=host&X-Amz-Expires=28800&X-Amz-Signature=2e370a7f004f5204918e359f7e7f1214edd4a8ec02e34ecf7acaf8f60ba06e45', 'name': 'Alloys Odemba Offer Letter.pdf'}, {'file_id': 5610885, 's3_link': 'https://loandisk-loans.s3.amazonaws.com/Alloys%20Odemba%20Logbook%20docs-7753382.pdf?response-content-disposition=attachment%3B%20filename%3D%22Alloys%2520Odemba%2520Logbook%2520docs.pdf%22&X-Amz-Content-Sha256=UNSIGNED-PAYLOAD&X-Amz-Algorithm=AWS4-HMAC-SHA256&X-Amz-Credential=AKIAYUBLFC5TP3LJIQ5H%2F20251003%2Fus-east-1%2Fs3%2Faws4_request&X-Amz-Date=20251003T135111Z&X-Amz-SignedHeaders=host&X-Amz-Expires=28800&X-Amz-Signature=4249a77c09ed63d1b5b17ed8d74a4c0bfc482ac5b70457d616f9b20baecaa80a', 'name': 'Alloys Odemba Logbook docs.pdf'}]",,,27133
7086296,253137,5617712,1002699,27996,199000.00,29850.00,30/09/2024,flat_rate,percentage,Month,15.0000,Months,1,3,1,0.00,round_off_to_two_decimal,,,,,,,,,,,,,,,,,,,,,,,,,,,,238850.00,18850,0,18850.0,18850.0,0.0,0.0,0.0,338,18850.0,0.0,0.0,0.0,"[{'loan_id': 6917983}, {'loan_id': 6733175}]",18850.00,30/10/2024,220000.00,6,,0,,0,,0,,0,,0,,0,,0,,0,charge_fees_on_first_repayment,10000.00,,0,,0,,0,0,0,0,0,0,0,0,0,0,0,1,0.00,1,,,,"[{'id': 'custom_field_23347', 'name': 'Sales Person'}, {'id': 'custom_field_23167', 'name': 'National ID'}, {'id': 'custom_field_23348', 'name': 'Sales Person(Agent/TL/RO)'}]",KE,BENDICT,NDAVI MAWEU,,1000412,Male,1,0725504729,NDAVIBENDICT@GMAIL.COM,01/01/1983,350 MKS,NAIROBI,,350,0725504729,,GOOD,66ab8cbc175ac-8695141.jpg,,,[97469],22932288,MIRIAM NJERI,"[{'file_id': 6273015, 's3_link': 'https://loandisk-borrowers.s3.amazonaws.com/Bendict%20Ndavi%20-%20Loan%20Form-8695134.pdf?response-content-disposition=attachment%3B%20filename%3D%22Bendict%2520Ndavi%2520-%2520Loan%2520Form.pdf%22&X-Amz-Content-Sha256=UNSIGNED-PAYLOAD&X-Amz-Algorithm=AWS4-HMAC-SHA256&X-Amz-Credential=AKIAYUBLFC5TP3LJIQ5H%2F20251003%2Fus-east-1%2Fs3%2Faws4_request&X-Amz-Date=20251003T135111Z&X-Amz-SignedHeaders=host&X-Amz-Expires=28800&X-Amz-Signature=a34d140c5fa5901fa9f4147c641a445df3a05c155b0609da9856cc07acceda4a', 'name': 'Bendict Ndavi - Loan Form.pdf'}, {'file_id': 6273016, 's3_link': 'https://loandisk-borrowers.s3.amazonaws.com/Bendict%20Ndavi%20-%20NTSA%20Form%20%26%20Transfer%20of%20ownership%20form-8695135.pdf?response-content-disposition=attachment%3B%20filename%3D%22Bendict%2520Ndavi%2520-%2520NTSA%2520Form%2520%2526%2520Transfer%2520of%2520ownership%2520form.pdf%22&X-Amz-Content-Sha256=UNSIGNED-PAYLOAD&X-Amz-Algorithm=AWS4-HMAC-SHA256&X-Amz-Credential=AKIAYUBLFC5TP3LJIQ5H%2F20251003%2Fus-east-1%2Fs3%2Faws4_request&X-Amz-Date=20251003T135111Z&X-Amz-SignedHeaders=host&X-Amz-Expires=28800&X-Amz-Signature=896445b4fde6ed9aff636c7996738c38030469fd524b634c94f7b00de93ebf99', 'name': 'Bendict Ndavi - NTSA Form & Transfer of ownership form.pdf'}, {'file_id': 6273017, 's3_link': 'https://loandisk-borrowers.s3.amazonaws.com/Bendict%20Ndavi%20-%20Offer%20Letter-8695136.pdf?response-content-disposition=attachment%3B%20filename%3D%22Bendict%2520Ndavi%2520-%2520Offer%2520Letter.pdf%22&X-Amz-Content-Sha256=UNSIGNED-PAYLOAD&X-Amz-Algorithm=AWS4-HMAC-SHA256&X-Amz-Credential=AKIAYUBLFC5TP3LJIQ5H%2F20251003%2Fus-east-1%2Fs3%2Faws4_request&X-Amz-Date=20251003T135111Z&X-Amz-SignedHeaders=host&X-Amz-Expires=28800&X-Amz-Signature=ec8c6a99c380cc200631eba2c29be6f24353bc84a36f542474b9c77ff9b064c7', 'name': 'Bendict Ndavi - Offer Letter.pdf'}, {'file_id': 6273018, 's3_link': 'https://loandisk-borrowers.s3.amazonaws.com/Bendict%20Ndavu%20-%20Logbook%2C%20ID%20%26%20KRA%20PIN-8695139.pdf?response-content-disposition=attachment%3B%20filename%3D%22Bendict%2520Ndavu%2520-%2520Logbook%252C%2520ID%2520%2526%2520KRA%2520PIN.pdf%22&X-Amz-Content-Sha256=UNSIGNED-PAYLOAD&X-Amz-Algorithm=AWS4-HMAC-SHA256&X-Amz-Credential=AKIAYUBLFC5TP3LJIQ5H%2F20251003%2Fus-east-1%2Fs3%2Faws4_request&X-Amz-Date=20251003T135111Z&X-Amz-SignedHeaders=host&X-Amz-Expires=28800&X-Amz-Signature=214e08a9372bd93a61e2053d655ee463d1cb1dd204eda50ec6e4f356c66d816f', 'name': 'Bendict Ndavu - Logbook, ID & KRA PIN.pdf'}, {'file_id': 6877627, 's3_link': 'https://loandisk-borrowers.s3.amazonaws.com/Bendict%20Ndavi%20-%20Demand%20Letter-9582024.pdf?response-content-disposition=attachment%3B%20filename%3D%22Bendict%2520Ndavi%2520-%2520Demand%2520Letter.pdf%22&X-Amz-Content-Sha256=UNSIGNED-PAYLOAD&X-Amz-Algorithm=AWS4-HMAC-SHA256&X-Amz-Credential=AKIAYUBLFC5TP3LJIQ5H%2F20251003%2Fus-east-1%2Fs3%2Faws4_request&X-Amz-Date=20251003T135111Z&X-Amz-SignedHeaders=host&X-Amz-Expires=28800&X-Amz-Signature=3c4721ca9f32a5b44ebb38ad78f2ea86e281d8646fb1c01b3f628f56844b2671', 'name': 'Bendict Ndavi - Demand Letter.pdf'}, {'file_id': 6895623, 's3_link': 'https://loandisk-borrowers.s3.amazonaws.com/Bendict%20Ndavi%20-%20Sale%20Notice-9606428.pdf?response-content-disposition=attachment%3B%20filename%3D%22Bendict%2520Ndavi%2520-%2520Sale%2520Notice.pdf%22&X-Amz-Content-Sha256=UNSIGNED-PAYLOAD&X-Amz-Algorithm=AWS4-HMAC-SHA256&X-Amz-Credential=AKIAYUBLFC5TP3LJIQ5H%2F20251003%2Fus-east-1%2Fs3%2Faws4_request&X-Amz-Date=20251003T135111Z&X-Amz-SignedHeaders=host&X-Amz-Expires=28800&X-Amz-Signature=5cdb6b83d6e6c942943591734a92e0a6b666445e19d0ae924fe2aa6261411262', 'name': 'Bendict Ndavi - Sale Notice.pdf'}]",https://loandisk-borrowers-photo-thumbnails.s3.amazonaws.com/66ab8cbc175ac-8695141.jpg?X-Amz-Content-Sha256=UNSIGNED-PAYLOAD&X-Amz-Algorithm=AWS4-HMAC-SHA256&X-Amz-Credential=AKIAYUBLFC5TP3LJIQ5H%2F20251003%2Fus-east-1%2Fs3%2Faws4_request&X-Amz-Date=20251003T135111Z&X-Amz-SignedHeaders=host&X-Amz-Expires=28800&X-Amz-Signature=fd8a0efa071133b9984e332982ef679c3c6fd1316eb6d68847c3477915e7b358,"[{'file_id': 6877624, 's3_link': 'https://loandisk-loans.s3.amazonaws.com/Bendict%20Ndavi%20-%20Demand%20Letter-9582021.pdf?response-content-disposition=attachment%3B%20filename%3D%22Bendict%2520Ndavi%2520-%2520Demand%2520Letter.pdf%22&X-Amz-Content-Sha256=UNSIGNED-PAYLOAD&X-Amz-Algorithm=AWS4-HMAC-SHA256&X-Amz-Credential=AKIAYUBLFC5TP3LJIQ5H%2F20251003%2Fus-east-1%2Fs3%2Faws4_request&X-Amz-Date=20251003T135111Z&X-Amz-SignedHeaders=host&X-Amz-Expires=28800&X-Amz-Signature=5b0116d8552e95d2e0a94323afb17d0a2faaefdcc8b54811cc5aef21380696d1', 'name': 'Bendict Ndavi - Demand Letter.pdf'}, {'file_id': 6895622, 's3_link': 'https://loandisk-loans.s3.amazonaws.com/Bendict%20Ndavi%20-%20Sale%20Notice-9606397.pdf?response-content-disposition=attachment%3B%20filename%3D%22Bendict%2520Ndavi%2520-%2520Sale%2520Notice.pdf%22&X-Amz-Content-Sha256=UNSIGNED-PAYLOAD&X-Amz-Algorithm=AWS4-HMAC-SHA256&X-Amz-Credential=AKIAYUBLFC5TP3LJIQ5H%2F20251003%2Fus-east-1%2Fs3%2Faws4_request&X-Amz-Date=20251003T135111Z&X-Amz-SignedHeaders=host&X-Amz-Expires=28800&X-Amz-Signature=76d62a72d6884b47f0fbe018c1f99afec34a12c6cf4b1465feddf3f1bd7a025f', 'name': 'Bendict Ndavi - Sale Notice.pdf'}]",Diana Sigei,,27133
7639983,240139,6117685,1003160,27999,33760.00,6750.00,06/01/2025,flat_rate,percentage,Month,2.0000,Months,10,3,10,0.00,round_off_to_integer,,0.0,0.0,0.0,,0.00,0.00,,0.00,0.0,charge_interest_normally,charge_principal_normally,0.00,0.0,0.0,0.0,0.0,0.0,,0.0,0.0000,0.0,,,0.0,0.0,,41510.00,4866,4151,9017.0,7467.0,1350.0,200.0,0.0,89,14219.0,2700.0,400.0,0.0,[],17319.00,06/11/2025,24191.00,5,,0,,0,,0,distribute_fees_evenly,1000.00,,0,,0,,0,,0,,0,,0,,0,,0,0,0,0,0,0,0,0,0,0,0,0,0.00,1,0.0,,,"[{'id': 'custom_field_23167', 'name': 'National ID'}, {'id': 'custom_field_23348', 'name': 'Sales Person(Agent/TL/RO)'}]",KE,ALANDO ARNOLD,OWAKO,,31844255,Male,1,0717880199,aowako3@gmail.com,01/12/1994,256,KISUMU,AHERO,40101,0727887155,,GOOD,677d20f2a8f80-10109863.jpg,,,[97469],31844255,MIRIAM NJERI,"[{'file_id': 7241796, 's3_link': 'https://loandisk-borrowers.s3.amazonaws.com/Alando%20Arnold%20-%20IPF%20Form-10109853.pdf?response-content-disposition=attachment%3B%20filename%3D%22Alando%2520Arnold%2520-%2520IPF%2520Form.pdf%22&X-Amz-Content-Sha256=UNSIGNED-PAYLOAD&X-Amz-Algorithm=AWS4-HMAC-SHA256&X-Amz-Credential=AKIAYUBLFC5TP3LJIQ5H%2F20251003%2Fus-east-1%2Fs3%2Faws4_request&X-Amz-Date=20251003T135111Z&X-Amz-SignedHeaders=host&X-Amz-Expires=28800&X-Amz-Signature=1e95d4a1e5af58e7fcf0af3df7367b6cb457f5172ac2ba099af46b59bfb28734', 'name': 'Alando Arnold - IPF Form.pdf'}, {'file_id': 7241797, 's3_link': 'https://loandisk-borrowers.s3.amazonaws.com/Alando%20Arnold%20-%20Loan%20Form-10109854.pdf?response-content-disposition=attachment%3B%20filename%3D%22Alando%2520Arnold%2520-%2520Loan%2520Form.pdf%22&X-Amz-Content-Sha256=UNSIGNED-PAYLOAD&X-Amz-Algorithm=AWS4-HMAC-SHA256&X-Amz-Credential=AKIAYUBLFC5TP3LJIQ5H%2F20251003%2Fus-east-1%2Fs3%2Faws4_request&X-Amz-Date=20251003T135111Z&X-Amz-SignedHeaders=host&X-Amz-Expires=28800&X-Amz-Signature=dab2afe6c89eefc7ea7a65b6f68614924e7c0f3f80882c8102099dbdc128716b', 'name': 'Alando Arnold - Loan Form.pdf'}, {'file_id': 7241798, 's3_link': 'https://loandisk-borrowers.s3.amazonaws.com/Alando%20Arnold%20-%20Motor%20Vehicle%20records%2C%20NTSA%20Receipt%2C%20Transfer%20of%20ownership%20form%2C%20Comprehensive%20form-10109856.pdf?response-content-disposition=attachment%3B%20filename%3D%22Alando%2520Arnold%2520-%2520Motor%2520Vehicle%2520records%252C%2520NTSA%2520Receipt%252C%2520Transfer%2520of%2520ownership%2520form%252C%2520Comprehensive%2520form.pdf%22&X-Amz-Content-Sha256=UNSIGNED-PAYLOAD&X-Amz-Algorithm=AWS4-HMAC-SHA256&X-Amz-Credential=AKIAYUBLFC5TP3LJIQ5H%2F20251003%2Fus-east-1%2Fs3%2Faws4_request&X-Amz-Date=20251003T135111Z&X-Amz-SignedHeaders=host&X-Amz-Expires=28800&X-Amz-Signature=1bfc55245455f625568283d4db8a271c1d72b16bf72a9840810be0fad28de02c', 'name': 'Alando Arnold - Motor Vehicle records, NTSA Receipt, Transfer of ownership form, Comprehensive form.pdf'}, {'file_id': 7241799, 's3_link': 'https://loandisk-borrowers.s3.amazonaws.com/Alando%20Arnold%20-%20Logbook%2C%20ID%20and%20KRA%20pin-10109855.pdf?response-content-disposition=attachment%3B%20filename%3D%22Alando%2520Arnold%2520-%2520Logbook%252C%2520ID%2520and%2520KRA%2520pin.pdf%22&X-Amz-Content-Sha256=UNSIGNED-PAYLOAD&X-Amz-Algorithm=AWS4-HMAC-SHA256&X-Amz-Credential=AKIAYUBLFC5TP3LJIQ5H%2F20251003%2Fus-east-1%2Fs3%2Faws4_request&X-Amz-Date=20251003T135111Z&X-Amz-SignedHeaders=host&X-Amz-Expires=28800&X-Amz-Signature=fc581cdd8346cbf44c8b8ed04d48a36d6d8463c7c22d310836b152708ce4398d', 'name': 'Alando Arnold - Logbook, ID and KRA pin.pdf'}, {'file_id': 7241800, 's3_link': 'https://loandisk-borrowers.s3.amazonaws.com/Alando%20Arnold%20-%20Motor%20Vehicle-10109857.jpg?response-content-disposition=attachment%3B%20filename%3D%22Alando%2520Arnold%2520-%2520Motor%2520Vehicle.jpg%22&X-Amz-Content-Sha256=UNSIGNED-PAYLOAD&X-Amz-Algorithm=AWS4-HMAC-SHA256&X-Amz-Credential=AKIAYUBLFC5TP3LJIQ5H%2F20251003%2Fus-east-1%2Fs3%2Faws4_request&X-Amz-Date=20251003T135111Z&X-Amz-SignedHeaders=host&X-Amz-Expires=28800&X-Amz-Signature=2851b16533d91973ff933ebcf2319af6539ca81bc1192445c28636a3d9b948d6', 'name': 'Alando Arnold - Motor Vehicle.jpg'}, {'file_id': 7241801, 's3_link': 'https://loandisk-borrowers.s3.amazonaws.com/Alando%20Arnold%20-%20Passport%20Photo-10109859.jpg?response-content-disposition=attachment%3B%20filename%3D%22Alando%2520Arnold%2520-%2520Passport%2520Photo.jpg%22&X-Amz-Content-Sha256=UNSIGNED-PAYLOAD&X-Amz-Algorithm=AWS4-HMAC-SHA256&X-Amz-Credential=AKIAYUBLFC5TP3LJIQ5H%2F20251003%2Fus-east-1%2Fs3%2Faws4_request&X-Amz-Date=20251003T135111Z&X-Amz-SignedHeaders=host&X-Amz-Expires=28800&X-Amz-Signature=a2dee742643e38448cb89a88870bf6b9db29350ba9b4477ed27bb127b5762ec6', 'name': 'Alando Arnold - Passport Photo.jpg'}, {'file_id': 7241802, 's3_link': 'https://loandisk-borrowers.s3.amazonaws.com/Alando%20Arnold%20-%20Security%20Agreement-10109860.pdf?response-content-disposition=attachment%3B%20filename%3D%22Alando%2520Arnold%2520-%2520Security%2520Agreement.pdf%22&X-Amz-Content-Sha256=UNSIGNED-PAYLOAD&X-Amz-Algorithm=AWS4-HMAC-SHA256&X-Amz-Credential=AKIAYUBLFC5TP3LJIQ5H%2F20251003%2Fus-east-1%2Fs3%2Faws4_request&X-Amz-Date=20251003T135111Z&X-Amz-SignedHeaders=host&X-Amz-Expires=28800&X-Amz-Signature=38c134ae70a824ff50fcfa94b7740fcf4a1f4428b83441378996c7ff80bd6c8a', 'name': 'Alando Arnold - Security Agreement.pdf'}, {'file_id': 7241803, 's3_link': 'https://loandisk-borrowers.s3.amazonaws.com/Alando%20Arnold%20-%20Offer%20Letter-10109858.pdf?response-content-disposition=attachment%3B%20filename%3D%22Alando%2520Arnold%2520-%2520Offer%2520Letter.pdf%22&X-Amz-Content-Sha256=UNSIGNED-PAYLOAD&X-Amz-Algorithm=AWS4-HMAC-SHA256&X-Amz-Credential=AKIAYUBLFC5TP3LJIQ5H%2F20251003%2Fus-east-1%2Fs3%2Faws4_request&X-Amz-Date=20251003T135111Z&X-Amz-SignedHeaders=host&X-Amz-Expires=28800&X-Amz-Signature=966a8eb124cfcb4cb3644937630a5f69e3ed12b8d3b6c872e71da23177a0de3b', 'name': 'Alando Arnold - Offer Letter.pdf'}]",https://loandisk-borrowers-photo-thumbnails.s3.amazonaws.com/677d20f2a8f80-10109863.jpg?X-Amz-Content-Sha256=UNSIGNED-PAYLOAD&X-Amz-Algorithm=AWS4-HMAC-SHA256&X-Amz-Credential=AKIAYUBLFC5TP3LJIQ5H%2F20251003%2Fus-east-1%2Fs3%2Faws4_request&X-Amz-Date=20251003T135111Z&X-Amz-SignedHeaders=host&X-Amz-Expires=28800&X-Amz-Signature=d737ca8cc70d5a5ee0d8187a4289ae85a85ddc3f42ca483065e9ba5636b45708,"[{'file_id': 7241611, 's3_link': 'https://loandisk-loans.s3.amazonaws.com/Alando%20Arnold%20-%20IPF%20Form-10109597.pdf?response-content-disposition=attachment%3B%20filename%3D%22Alando%2520Arnold%2520-%2520IPF%2520Form.pdf%22&X-Amz-Content-Sha256=UNSIGNED-PAYLOAD&X-Amz-Algorithm=AWS4-HMAC-SHA256&X-Amz-Credential=AKIAYUBLFC5TP3LJIQ5H%2F20251003%2Fus-east-1%2Fs3%2Faws4_request&X-Amz-Date=20251003T135111Z&X-Amz-SignedHeaders=host&X-Amz-Expires=28800&X-Amz-Signature=a3920302682d414977d58463d5442ac22cc7609249cdbb1fe1a057bb20c78ed1', 'name': 'Alando Arnold - IPF Form.pdf'}, {'file_id': 7241612, 's3_link': 'https://loandisk-loans.s3.amazonaws.com/Alando%20Arnold%20-%20Logbook%2C%20ID%20and%20KRA%20pin-10109599.pdf?response-content-disposition=attachment%3B%20filename%3D%22Alando%2520Arnold%2520-%2520Logbook%252C%2520ID%2520and%2520KRA%2520pin.pdf%22&X-Amz-Content-Sha256=UNSIGNED-PAYLOAD&X-Amz-Algorithm=AWS4-HMAC-SHA256&X-Amz-Credential=AKIAYUBLFC5TP3LJIQ5H%2F20251003%2Fus-east-1%2Fs3%2Faws4_request&X-Amz-Date=20251003T135111Z&X-Amz-SignedHeaders=host&X-Amz-Expires=28800&X-Amz-Signature=34f711550b91fa02499734950de67dec00d5f5ed3acd44f675c7b44573138225', 'name': 'Alando Arnold - Logbook, ID and KRA pin.pdf'}, {'file_id': 7241613, 's3_link': 'https://loandisk-loans.s3.amazonaws.com/Alando%20Arnold%20-%20Loan%20Form-10109598.pdf?response-content-disposition=attachment%3B%20filename%3D%22Alando%2520Arnold%2520-%2520Loan%2520Form.pdf%22&X-Amz-Content-Sha256=UNSIGNED-PAYLOAD&X-Amz-Algorithm=AWS4-HMAC-SHA256&X-Amz-Credential=AKIAYUBLFC5TP3LJIQ5H%2F20251003%2Fus-east-1%2Fs3%2Faws4_request&X-Amz-Date=20251003T135111Z&X-Amz-SignedHeaders=host&X-Amz-Expires=28800&X-Amz-Signature=53d8588001d2b9e7c5860e84455d7b7aa56e4bbe3ea2ddf70357e07b7d753040', 'name': 'Alando Arnold - Loan Form.pdf'}, {'file_id': 7241614, 's3_link': 'https://loandisk-loans.s3.amazonaws.com/Alando%20Arnold%20-%20Motor%20Vehicle%20records%2C%20NTSA%20Receipt%2C%20Transfer%20of%20ownership%20form%2C%20Comprehensive%20form-10109600.pdf?response-content-disposition=attachment%3B%20filename%3D%22Alando%2520Arnold%2520-%2520Motor%2520Vehicle%2520records%252C%2520NTSA%2520Receipt%252C%2520Transfer%2520of%2520ownership%2520form%252C%2520Comprehensive%2520form.pdf%22&X-Amz-Content-Sha256=UNSIGNED-PAYLOAD&X-Amz-Algorithm=AWS4-HMAC-SHA256&X-Amz-Credential=AKIAYUBLFC5TP3LJIQ5H%2F20251003%2Fus-east-1%2Fs3%2Faws4_request&X-Amz-Date=20251003T135111Z&X-Amz-SignedHeaders=host&X-Amz-Expires=28800&X-Amz-Signature=c38f56aa057338ad48a1af609b5ff2022cbaff3c0618a19e83ab98389b9df61e', 'name': 'Alando Arnold - Motor Vehicle records, NTSA Receipt, Transfer of ownership form, Comprehensive form.pdf'}, {'file_id': 7241615, 's3_link': 'https://loandisk-loans.s3.amazonaws.com/Alando%20Arnold%20-%20Motor%20Vehicle-10109601.jpg?response-content-disposition=attachment%3B%20filename%3D%22Alando%2520Arnold%2520-%2520Motor%2520Vehicle.jpg%22&X-Amz-Content-Sha256=UNSIGNED-PAYLOAD&X-Amz-Algorithm=AWS4-HMAC-SHA256&X-Amz-Credential=AKIAYUBLFC5TP3LJIQ5H%2F20251003%2Fus-east-1%2Fs3%2Faws4_request&X-Amz-Date=20251003T135111Z&X-Amz-SignedHeaders=host&X-Amz-Expires=28800&X-Amz-Signature=23992316f2c736847a5b344e8c046e3cc96b8e1a7a9ecf0d2d414a865de19885', 'name': 'Alando Arnold - Motor Vehicle.jpg'}, {'file_id': 7241616, 's3_link': 'https://loandisk-loans.s3.amazonaws.com/Alando%20Arnold%20-%20Passport%20Photo-10109603.jpg?response-content-disposition=attachment%3B%20filename%3D%22Alando%2520Arnold%2520-%2520Passport%2520Photo.jpg%22&X-Amz-Content-Sha256=UNSIGNED-PAYLOAD&X-Amz-Algorithm=AWS4-HMAC-SHA256&X-Amz-Credential=AKIAYUBLFC5TP3LJIQ5H%2F20251003%2Fus-east-1%2Fs3%2Faws4_request&X-Amz-Date=20251003T135111Z&X-Amz-SignedHeaders=host&X-Amz-Expires=28800&X-Amz-Signature=48fd158ee0cc0c8272c3ce615b5e71452784b6ab78e74858609e67d5b2120c39', 'name': 'Alando Arnold - Passport Photo.jpg'}, {'file_id': 7241617, 's3_link': 'https://loandisk-loans.s3.amazonaws.com/Alando%20Arnold%20-%20Offer%20Letter-10109602.pdf?response-content-disposition=attachment%3B%20filename%3D%22Alando%2520Arnold%2520-%2520Offer%2520Letter.pdf%22&X-Amz-Content-Sha256=UNSIGNED-PAYLOAD&X-Amz-Algorithm=AWS4-HMAC-SHA256&X-Amz-Credential=AKIAYUBLFC5TP3LJIQ5H%2F20251003%2Fus-east-1%2Fs3%2Faws4_request&X-Amz-Date=20251003T135111Z&X-Amz-SignedHeaders=host&X-Amz-Expires=28800&X-Amz-Signature=bb2662c50c2c17d6eabf024443f3f45b6f9acbfef16d3d2d9b84b596ed88e926', 'name': 'Alando Arnold - Offer Letter.pdf'}, {'file_id': 7241618, 's3_link': 'https://loandisk-loans.s3.amazonaws.com/Alando%20Arnold%20-%20Security%20Agreement-10109604.pdf?response-content-disposition=attachment%3B%20filename%3D%22Alando%2520Arnold%2520-%2520Security%2520Agreement.pdf%22&X-Amz-Content-Sha256=UNSIGNED-PAYLOAD&X-Amz-Algorithm=AWS4-HMAC-SHA256&X-Amz-Credential=AKIAYUBLFC5TP3LJIQ5H%2F20251003%2Fus-east-1%2Fs3%2Faws4_request&X-Amz-Date=20251003T135111Z&X-Amz-SignedHeaders=host&X-Amz-Expires=28800&X-Amz-Signature=1d6e5c3c2bad8bff495a8f79a696a8262224c4cae1dad2c52517abcec8cc95e4', 'name': 'Alando Arnold - Security Agreement.pdf'}]",,,27133
7710771,36826,6149034,1003222,27999,450000.00,67500.00,17/01/2025,flat_rate,percentage,Month,15.0000,Months,1,3,1,0.00,round_off_to_two_decimal,,,,,,,,,,,,,,,,,,,,,,,,,,,,1539000.00,1539000,0,1539000.0,450000.0,67500.0,0.0,1021500.0,228,450000.0,67500.0,0.0,1021500.0,[],1539000.00,17/02/2025,0.00,6,,0,,0,,0,,0,,0,,0,,0,,0,,0,,0,,0,,0,0,0,0,0,0,0,0,0,0,0,0,0.00,1,,,,"[{'id': 'custom_field_23167', 'name': 'National ID'}, {'id': 'custom_field_23348', 'name': 'Sales Person(Agent/TL/RO)'}]",KE,POLYCUP,OTIENO ONYANGO,COMPLEX AUTO PARTS,1000442,Male,1,0725120846,NZUVEV@GMAIL.COM,28/08/1980,30376,NAIROBI,MOI DRIVE ROAD - UMOJA ESTATE,00100,0706543881,,GOOD,678f5e0997730-10241342.jpg,,,[97469],22338491,GREGORY KABBIS,"[{'file_id': 7332763, 's3_link': 'https://loandisk-borrowers.s3.amazonaws.com/Polycup%20Otieno%20-%20Loan%20Form-10241333.pdf?response-content-disposition=attachment%3B%20filename%3D%22Polycup%2520Otieno%2520-%2520Loan%2520Form.pdf%22&X-Amz-Content-Sha256=UNSIGNED-PAYLOAD&X-Amz-Algorithm=AWS4-HMAC-SHA256&X-Amz-Credential=AKIAYUBLFC5TP3LJIQ5H%2F20251003%2Fus-east-1%2Fs3%2Faws4_request&X-Amz-Date=20251003T135111Z&X-Amz-SignedHeaders=host&X-Amz-Expires=28800&X-Amz-Signature=4db867c5077d6d1e5a1a85f2834c84c8fc1a7d87123f38d97979a9037b431ea1', 'name': 'Polycup Otieno - Loan Form.pdf'}, {'file_id': 7332764, 's3_link': 'https://loandisk-borrowers.s3.amazonaws.com/Polycup%20Otieno%20-%20Motor%20Vehicle-10241335.jpg?response-content-disposition=attachment%3B%20filename%3D%22Polycup%2520Otieno%2520-%2520Motor%2520Vehicle.jpg%22&X-Amz-Content-Sha256=UNSIGNED-PAYLOAD&X-Amz-Algorithm=AWS4-HMAC-SHA256&X-Amz-Credential=AKIAYUBLFC5TP3LJIQ5H%2F20251003%2Fus-east-1%2Fs3%2Faws4_request&X-Amz-Date=20251003T135111Z&X-Amz-SignedHeaders=host&X-Amz-Expires=28800&X-Amz-Signature=88f1e49bd00d423ca53f6d567f33782f503dbc172ac624af0f897f65c4fff728', 'name': 'Polycup Otieno - Motor Vehicle.jpg'}, {'file_id': 7332765, 's3_link': 'https://loandisk-borrowers.s3.amazonaws.com/Polycup%20Otieno%20-%20Logbook%2C%20ID%20%26%20KRA%20Pin-10241334.pdf?response-content-disposition=attachment%3B%20filename%3D%22Polycup%2520Otieno%2520-%2520Logbook%252C%2520ID%2520%2526%2520KRA%2520Pin.pdf%22&X-Amz-Content-Sha256=UNSIGNED-PAYLOAD&X-Amz-Algorithm=AWS4-HMAC-SHA256&X-Amz-Credential=AKIAYUBLFC5TP3LJIQ5H%2F20251003%2Fus-east-1%2Fs3%2Faws4_request&X-Amz-Date=20251003T135111Z&X-Amz-SignedHeaders=host&X-Amz-Expires=28800&X-Amz-Signature=064de946f2e1f3cce1d3cc82cee9dbfd0b752bf5e3811e1a189c2c69af715aa2', 'name': 'Polycup Otieno - Logbook, ID & KRA Pin.pdf'}, {'file_id': 7332766, 's3_link': 'https://loandisk-borrowers.s3.amazonaws.com/Polycup%20Otieno%20-%20Passport%20Photo-10241338.jpg?response-content-disposition=attachment%3B%20filename%3D%22Polycup%2520Otieno%2520-%2520Passport%2520Photo.jpg%22&X-Amz-Content-Sha256=UNSIGNED-PAYLOAD&X-Amz-Algorithm=AWS4-HMAC-SHA256&X-Amz-Credential=AKIAYUBLFC5TP3LJIQ5H%2F20251003%2Fus-east-1%2Fs3%2Faws4_request&X-Amz-Date=20251003T135111Z&X-Amz-SignedHeaders=host&X-Amz-Expires=28800&X-Amz-Signature=4228b31693d5ec66b6b15758d60f8dcf92811e76221a56cd03215767893e6c4d', 'name': 'Polycup Otieno - Passport Photo.jpg'}, {'file_id': 7332767, 's3_link': 'https://loandisk-borrowers.s3.amazonaws.com/Polycup%20Otieno%20-%20Sale%20Agreement-10241339.pdf?response-content-disposition=attachment%3B%20filename%3D%22Polycup%2520Otieno%2520-%2520Sale%2520Agreement.pdf%22&X-Amz-Content-Sha256=UNSIGNED-PAYLOAD&X-Amz-Algorithm=AWS4-HMAC-SHA256&X-Amz-Credential=AKIAYUBLFC5TP3LJIQ5H%2F20251003%2Fus-east-1%2Fs3%2Faws4_request&X-Amz-Date=20251003T135111Z&X-Amz-SignedHeaders=host&X-Amz-Expires=28800&X-Amz-Signature=1f62cff1f313491acf9ec771acd4ae3a1fa546e3940cdf2d90ac10e2cd4c5c7d', 'name': 'Polycup Otieno - Sale Agreement.pdf'}, {'file_id': 7332768, 's3_link': 'https://loandisk-borrowers.s3.amazonaws.com/Polycup%20Otieno%20-%20Offer%20Letter-10241337.pdf?response-content-disposition=attachment%3B%20filename%3D%22Polycup%2520Otieno%2520-%2520Offer%2520Letter.pdf%22&X-Amz-Content-Sha256=UNSIGNED-PAYLOAD&X-Amz-Algorithm=AWS4-HMAC-SHA256&X-Amz-Credential=AKIAYUBLFC5TP3LJIQ5H%2F20251003%2Fus-east-1%2Fs3%2Faws4_request&X-Amz-Date=20251003T135111Z&X-Amz-SignedHeaders=host&X-Amz-Expires=28800&X-Amz-Signature=418d395a930d8869aad5b81bf7a8c1f513a822ac08a7e0c683b1906c34fee179', 'name': 'Polycup Otieno - Offer Letter.pdf'}, {'file_id': 7332769, 's3_link': 'https://loandisk-borrowers.s3.amazonaws.com/Polycup%20Otieno%20-%20Security%20Agreement%20%26%20Transfer%20of%20ownership%20form-10241340.pdf?response-content-disposition=attachment%3B%20filename%3D%22Polycup%2520Otieno%2520-%2520Security%2520Agreement%2520%2526%2520Transfer%2520of%2520ownership%2520form.pdf%22&X-Amz-Content-Sha256=UNSIGNED-PAYLOAD&X-Amz-Algorithm=AWS4-HMAC-SHA256&X-Amz-Credential=AKIAYUBLFC5TP3LJIQ5H%2F20251003%2Fus-east-1%2Fs3%2Faws4_request&X-Amz-Date=20251003T135111Z&X-Amz-SignedHeaders=host&X-Amz-Expires=28800&X-Amz-Signature=5b3e3ff04ba8ae851b20327bd14e1e547f8547510535ba74f7926559642714b5', 'name': 'Polycup Otieno - Security Agreement & Transfer of ownership form.pdf'}, {'file_id': 7536310, 's3_link': 'https://loandisk-borrowers.s3.amazonaws.com/Polycup%20Otieno%20-%20Demand%20letter-10539968.pdf?response-content-disposition=attachment%3B%20filename%3D%22Polycup%2520Otieno%2520-%2520Demand%2520letter.pdf%22&X-Amz-Content-Sha256=UNSIGNED-PAYLOAD&X-Amz-Algorithm=AWS4-HMAC-SHA256&X-Amz-Credential=AKIAYUBLFC5TP3LJIQ5H%2F20251003%2Fus-east-1%2Fs3%2Faws4_request&X-Amz-Date=20251003T135111Z&X-Amz-SignedHeaders=host&X-Amz-Expires=28800&X-Amz-Signature=d0a3f48aa7c538eab274d2a0522b0f1943a0ab58aaff8538bfeaef4b4eda3cf7', 'name': 'Polycup Otieno - Demand letter.pdf'}, {'file_id': 7615917, 's3_link': 'https://loandisk-borrowers.s3.amazonaws.com/Polycup%20Otieno%20-%20Letter%20of%20Auctioneers-10657097.pdf?response-content-disposition=attachment%3B%20filename%3D%22Polycup%2520Otieno%2520-%2520Letter%2520of%2520Auctioneers.pdf%22&X-Amz-Content-Sha256=UNSIGNED-PAYLOAD&X-Amz-Algorithm=AWS4-HMAC-SHA256&X-Amz-Credential=AKIAYUBLFC5TP3LJIQ5H%2F20251003%2Fus-east-1%2Fs3%2Faws4_request&X-Amz-Date=20251003T135111Z&X-Amz-SignedHeaders=host&X-Amz-Expires=28800&X-Amz-Signature=e65ef24e0f1457ef74c10748e4758518488622c535163775c5decbfb754a6ec3', 'name': 'Polycup Otieno - Letter of Auctioneers.pdf'}]",https://loandisk-borrowers-photo-thumbnails.s3.amazonaws.com/678f5e0997730-10241342.jpg?X-Amz-Content-Sha256=UNSIGNED-PAYLOAD&X-Amz-Algorithm=AWS4-HMAC-SHA256&X-Amz-Credential=AKIAYUBLFC5TP3LJIQ5H%2F20251003%2Fus-east-1%2Fs3%2Faws4_request&X-Amz-Date=20251003T135111Z&X-Amz-SignedHeaders=host&X-Amz-Expires=28800&X-Amz-Signature=561b63c0f09d56ef256c6ff8fe23234f50e5148a6d9fd5b106b29495b3b7c722,"[{'file_id': 7332560, 's3_link': 'https://loandisk-loans.s3.amazonaws.com/Polycup%20Otieno%20-%20Motor%20Vehicle-10241081.jpg?response-content-disposition=attachment%3B%20filename%3D%22Polycup%2520Otieno%2520-%2520Motor%2520Vehicle.jpg%22&X-Amz-Content-Sha256=UNSIGNED-PAYLOAD&X-Amz-Algorithm=AWS4-HMAC-SHA256&X-Amz-Credential=AKIAYUBLFC5TP3LJIQ5H%2F20251003%2Fus-east-1%2Fs3%2Faws4_request&X-Amz-Date=20251003T135111Z&X-Amz-SignedHeaders=host&X-Amz-Expires=28800&X-Amz-Signature=350746d42e97f9f173a9f9193b2127029032c46e1f23f52f1f2c45fecdcab67f', 'name': 'Polycup Otieno - Motor Vehicle.jpg'}, {'file_id': 7332561, 's3_link': 'https://loandisk-loans.s3.amazonaws.com/Polycup%20Otieno%20-%20Logbook%2C%20ID%20%26%20KRA%20Pin-10241080.pdf?response-content-disposition=attachment%3B%20filename%3D%22Polycup%2520Otieno%2520-%2520Logbook%252C%2520ID%2520%2526%2520KRA%2520Pin.pdf%22&X-Amz-Content-Sha256=UNSIGNED-PAYLOAD&X-Amz-Algorithm=AWS4-HMAC-SHA256&X-Amz-Credential=AKIAYUBLFC5TP3LJIQ5H%2F20251003%2Fus-east-1%2Fs3%2Faws4_request&X-Amz-Date=20251003T135111Z&X-Amz-SignedHeaders=host&X-Amz-Expires=28800&X-Amz-Signature=77b9acde3d6da1ea313ce64fd9a9cdb20de5742d0bbcc81d955bd5c0f78f032a', 'name': 'Polycup Otieno - Logbook, ID & KRA Pin.pdf'}, {'file_id': 7332562, 's3_link': 'https://loandisk-loans.s3.amazonaws.com/Polycup%20Otieno%20-%20Passport%20Photo-10241084.jpg?response-content-disposition=attachment%3B%20filename%3D%22Polycup%2520Otieno%2520-%2520Passport%2520Photo.jpg%22&X-Amz-Content-Sha256=UNSIGNED-PAYLOAD&X-Amz-Algorithm=AWS4-HMAC-SHA256&X-Amz-Credential=AKIAYUBLFC5TP3LJIQ5H%2F20251003%2Fus-east-1%2Fs3%2Faws4_request&X-Amz-Date=20251003T135111Z&X-Amz-SignedHeaders=host&X-Amz-Expires=28800&X-Amz-Signature=5d5a50424b94dcb51258757045ee8301c7def55577f2e7269be7527d4dd184c1', 'name': 'Polycup Otieno - Passport Photo.jpg'}, {'file_id': 7332563, 's3_link': 'https://loandisk-loans.s3.amazonaws.com/Polycup%20Otieno%20-%20Loan%20Form-10241079.pdf?response-content-disposition=attachment%3B%20filename%3D%22Polycup%2520Otieno%2520-%2520Loan%2520Form.pdf%22&X-Amz-Content-Sha256=UNSIGNED-PAYLOAD&X-Amz-Algorithm=AWS4-HMAC-SHA256&X-Amz-Credential=AKIAYUBLFC5TP3LJIQ5H%2F20251003%2Fus-east-1%2Fs3%2Faws4_request&X-Amz-Date=20251003T135111Z&X-Amz-SignedHeaders=host&X-Amz-Expires=28800&X-Amz-Signature=780e42ab357fab3616679a8b0bed26d424a8368b5e067d0ebe7133f7f30f27df', 'name': 'Polycup Otieno - Loan Form.pdf'}, {'file_id': 7332564, 's3_link': 'https://loandisk-loans.s3.amazonaws.com/Polycup%20Otieno%20-%20Offer%20Letter-10241083.pdf?response-content-disposition=attachment%3B%20filename%3D%22Polycup%2520Otieno%2520-%2520Offer%2520Letter.pdf%22&X-Amz-Content-Sha256=UNSIGNED-PAYLOAD&X-Amz-Algorithm=AWS4-HMAC-SHA256&X-Amz-Credential=AKIAYUBLFC5TP3LJIQ5H%2F20251003%2Fus-east-1%2Fs3%2Faws4_request&X-Amz-Date=20251003T135111Z&X-Amz-SignedHeaders=host&X-Amz-Expires=28800&X-Amz-Signature=cb3e6ea3858779b6565b695e64ab21875525eaad6f21b0ab430bcfd6058e797f', 'name': 'Polycup Otieno - Offer Letter.pdf'}, {'file_id': 7332565, 's3_link': 'https://loandisk-loans.s3.amazonaws.com/Polycup%20Otieno%20-%20Security%20Agreement%20%26%20Transfer%20of%20ownership%20form-10241086.pdf?response-content-disposition=attachment%3B%20filename%3D%22Polycup%2520Otieno%2520-%2520Security%2520Agreement%2520%2526%2520Transfer%2520of%2520ownership%2520form.pdf%22&X-Amz-Content-Sha256=UNSIGNED-PAYLOAD&X-Amz-Algorithm=AWS4-HMAC-SHA256&X-Amz-Credential=AKIAYUBLFC5TP3LJIQ5H%2F20251003%2Fus-east-1%2Fs3%2Faws4_request&X-Amz-Date=20251003T135111Z&X-Amz-SignedHeaders=host&X-Amz-Expires=28800&X-Amz-Signature=3e6096256ff735c482fb3d3f21c593552a423fb1439b55e72eeeac4749ed6355', 'name': 'Polycup Otieno - Security Agreement & Transfer of ownership form.pdf'}, {'file_id': 7332566, 's3_link': 'https://loandisk-loans.s3.amazonaws.com/Polycup%20Otieno%20-%20Sale%20Agreement-10241085.pdf?response-content-disposition=attachment%3B%20filename%3D%22Polycup%2520Otieno%2520-%2520Sale%2520Agreement.pdf%22&X-Amz-Content-Sha256=UNSIGNED-PAYLOAD&X-Amz-Algorithm=AWS4-HMAC-SHA256&X-Amz-Credential=AKIAYUBLFC5TP3LJIQ5H%2F20251003%2Fus-east-1%2Fs3%2Faws4_request&X-Amz-Date=20251003T135111Z&X-Amz-SignedHeaders=host&X-Amz-Expires=28800&X-Amz-Signature=e67e83bcb27e060c5278306a4971046573b0868906ce30fb4ed83aad5143b293', 'name': 'Polycup Otieno - Sale Agreement.pdf'}, {'file_id': 7536286, 's3_link': 'https://loandisk-loans.s3.amazonaws.com/Polycup%20Otieno%20-%20Demand%20letter-10539943.pdf?response-content-disposition=attachment%3B%20filename%3D%22Polycup%2520Otieno%2520-%2520Demand%2520letter.pdf%22&X-Amz-Content-Sha256=UNSIGNED-PAYLOAD&X-Amz-Algorithm=AWS4-HMAC-SHA256&X-Amz-Credential=AKIAYUBLFC5TP3LJIQ5H%2F20251003%2Fus-east-1%2Fs3%2Faws4_request&X-Amz-Date=20251003T135111Z&X-Amz-SignedHeaders=host&X-Amz-Expires=28800&X-Amz-Signature=7236e85a1aa4a1610356308d3fc3f722d1dba7d43b1de5735dca54e4b3e08c67', 'name': 'Polycup Otieno - Demand letter.pdf'}, {'file_id': 7615921, 's3_link': 'https://loandisk-loans.s3.amazonaws.com/Polycup%20Otieno%20-%20Letter%20of%20Auctioneers-10657099.pdf?response-content-disposition=attachment%3B%20filename%3D%22Polycup%2520Otieno%2520-%2520Letter%2520of%2520Auctioneers.pdf%22&X-Amz-Content-Sha256=UNSIGNED-PAYLOAD&X-Amz-Algorithm=AWS4-HMAC-SHA256&X-Amz-Credential=AKIAYUBLFC5TP3LJIQ5H%2F20251003%2Fus-east-1%2Fs3%2Faws4_request&X-Amz-Date=20251003T135111Z&X-Amz-SignedHeaders=host&X-Amz-Expires=28800&X-Amz-Signature=f1a9d5528eb01fd0d747cdd79f1ad34a44b68eb9ea5c8b212edbf40524de2733', 'name': 'Polycup Otieno - Letter of Auctioneers.pdf'}]",,,27133
7789486,36826,6179080,1003292,27999,1400000.00,672000.00,31/01/2025,flat_rate,percentage,Month,4.0000,Months,12,3,12,0.00,round_off_to_two_decimal,,,,,,,,,,,,,,,,,,,,,,,,,,,,2171607.13,179832.82000000007,1166.67,180999.49000000008,116666.67000000004,56000.0,5999.480000000003,2333.3399999999983,3,583333.31,280000.0,29999.480000000003,2333.34,[],895666.13,31/01/2026,1275941.00,5,,0,,0,,0,,0,,0,,0,,0,,0,,0,,0,,0,distribute_fees_evenly,72000.00,0,0,0,0,0,0,0,0,0,0,0,0.00,1,,,,"[{'id': 'custom_field_23167', 'name': 'National ID'}, {'id': 'custom_field_23348', 'name': 'Sales Person(Agent/TL/RO)'}]",KE,JULIA,WANJIRU GIKERA,TRANSPORT INDUSTRY,1000450,Female,2,0710182518,WANJIRUJULIA59@GMAIL.COM,12/12/1989,,NAIROBI,"ROATERS ROAD, THOME ESTATE - HOUSE NO:6",,0721392898,,GOOD,67a1faf54a611-10396800.jpg,,,[89478],29284604,LINET NYANYA,"[{'file_id': 7437355, 's3_link': 'https://loandisk-borrowers.s3.amazonaws.com/Julia%20Wanjiru%20-%202%20Logbooks%2C%20ID%20and%20KRA%20pin-10396788.pdf?response-content-disposition=attachment%3B%20filename%3D%22Julia%2520Wanjiru%2520-%25202%2520Logbooks%252C%2520ID%2520and%2520KRA%2520pin.pdf%22&X-Amz-Content-Sha256=UNSIGNED-PAYLOAD&X-Amz-Algorithm=AWS4-HMAC-SHA256&X-Amz-Credential=AKIAYUBLFC5TP3LJIQ5H%2F20251003%2Fus-east-1%2Fs3%2Faws4_request&X-Amz-Date=20251003T135111Z&X-Amz-SignedHeaders=host&X-Amz-Expires=28800&X-Amz-Signature=c767a6389576bc5a1f1f42165d75a2611ae914f11d859b32c4e5130e4bf19b35', 'name': 'Julia Wanjiru - 2 Logbooks, ID and KRA pin.pdf'}, {'file_id': 7437356, 's3_link': 'https://loandisk-borrowers.s3.amazonaws.com/Julia%20Wanjiru%20-%202nd%20Motor%20Vehicle-10396789.jpg?response-content-disposition=attachment%3B%20filename%3D%22Julia%2520Wanjiru%2520-%25202nd%2520Motor%2520Vehicle.jpg%22&X-Amz-Content-Sha256=UNSIGNED-PAYLOAD&X-Amz-Algorithm=AWS4-HMAC-SHA256&X-Amz-Credential=AKIAYUBLFC5TP3LJIQ5H%2F20251003%2Fus-east-1%2Fs3%2Faws4_request&X-Amz-Date=20251003T135111Z&X-Amz-SignedHeaders=host&X-Amz-Expires=28800&X-Amz-Signature=eca2987a80cac83d3ffefcb6a5463fd2cc3335431ae1da0210488e6948d38d05', 'name': 'Julia Wanjiru - 2nd Motor Vehicle.jpg'}, {'file_id': 7437357, 's3_link': 'https://loandisk-borrowers.s3.amazonaws.com/Julia%20Wanjiru%20-%20IPF-10396791.pdf?response-content-disposition=attachment%3B%20filename%3D%22Julia%2520Wanjiru%2520-%2520IPF.pdf%22&X-Amz-Content-Sha256=UNSIGNED-PAYLOAD&X-Amz-Algorithm=AWS4-HMAC-SHA256&X-Amz-Credential=AKIAYUBLFC5TP3LJIQ5H%2F20251003%2Fus-east-1%2Fs3%2Faws4_request&X-Amz-Date=20251003T135111Z&X-Amz-SignedHeaders=host&X-Amz-Expires=28800&X-Amz-Signature=432e6e7e712708e9397a9a302ab4ed20534267f4dae95d3efbc481dab1b628fc', 'name': 'Julia Wanjiru - IPF.pdf'}, {'file_id': 7437358, 's3_link': 'https://loandisk-borrowers.s3.amazonaws.com/Julia%20Wanjiru%20-%20Motor%20Vehicle-10396793.jpg?response-content-disposition=attachment%3B%20filename%3D%22Julia%2520Wanjiru%2520-%2520Motor%2520Vehicle.jpg%22&X-Amz-Content-Sha256=UNSIGNED-PAYLOAD&X-Amz-Algorithm=AWS4-HMAC-SHA256&X-Amz-Credential=AKIAYUBLFC5TP3LJIQ5H%2F20251003%2Fus-east-1%2Fs3%2Faws4_request&X-Amz-Date=20251003T135111Z&X-Amz-SignedHeaders=host&X-Amz-Expires=28800&X-Amz-Signature=f71a82fdb8f21f90eb8693927e5a5c3900986afc722f545a1cc83a7a8bc47c73', 'name': 'Julia Wanjiru - Motor Vehicle.jpg'}, {'file_id': 7437359, 's3_link': 'https://loandisk-borrowers.s3.amazonaws.com/Julia%20Wanjiru%20-%20Loan%20form-10396792.pdf?response-content-disposition=attachment%3B%20filename%3D%22Julia%2520Wanjiru%2520-%2520Loan%2520form.pdf%22&X-Amz-Content-Sha256=UNSIGNED-PAYLOAD&X-Amz-Algorithm=AWS4-HMAC-SHA256&X-Amz-Credential=AKIAYUBLFC5TP3LJIQ5H%2F20251003%2Fus-east-1%2Fs3%2Faws4_request&X-Amz-Date=20251003T135111Z&X-Amz-SignedHeaders=host&X-Amz-Expires=28800&X-Amz-Signature=f3b922af59f00280c8f8aa784306391837353ee36644f187c4765edc9c048b84', 'name': 'Julia Wanjiru - Loan form.pdf'}, {'file_id': 7437360, 's3_link': 'https://loandisk-borrowers.s3.amazonaws.com/Julia%20Wanjiru%20-%20Passport%20photo-10396796.jpg?response-content-disposition=attachment%3B%20filename%3D%22Julia%2520Wanjiru%2520-%2520Passport%2520photo.jpg%22&X-Amz-Content-Sha256=UNSIGNED-PAYLOAD&X-Amz-Algorithm=AWS4-HMAC-SHA256&X-Amz-Credential=AKIAYUBLFC5TP3LJIQ5H%2F20251003%2Fus-east-1%2Fs3%2Faws4_request&X-Amz-Date=20251003T135111Z&X-Amz-SignedHeaders=host&X-Amz-Expires=28800&X-Amz-Signature=b6de4d23b6a5a9dc9ba4ea42e9b7ed252aeee982230b036760245dadfb2b93c7', 'name': 'Julia Wanjiru - Passport photo.jpg'}, {'file_id': 7437361, 's3_link': 'https://loandisk-borrowers.s3.amazonaws.com/Julia%20Wanjiru%20-%20Offer%20Letter-10396794.pdf?response-content-disposition=attachment%3B%20filename%3D%22Julia%2520Wanjiru%2520-%2520Offer%2520Letter.pdf%22&X-Amz-Content-Sha256=UNSIGNED-PAYLOAD&X-Amz-Algorithm=AWS4-HMAC-SHA256&X-Amz-Credential=AKIAYUBLFC5TP3LJIQ5H%2F20251003%2Fus-east-1%2Fs3%2Faws4_request&X-Amz-Date=20251003T135111Z&X-Amz-SignedHeaders=host&X-Amz-Expires=28800&X-Amz-Signature=7737d94becee05c5a8d29d93746c188246d1d4048e3699f3b145fdb0ad6310b2', 'name': 'Julia Wanjiru - Offer Letter.pdf'}, {'file_id': 7437362, 's3_link': 'https://loandisk-borrowers.s3.amazonaws.com/Julia%20Wanjiru%20-%20Transfer%20of%20ownership%20form%20%26%20Comprehensive%20form-10396798.pdf?response-content-disposition=attachment%3B%20filename%3D%22Julia%2520Wanjiru%2520-%2520Transfer%2520of%2520ownership%2520form%2520%2526%2520Comprehensive%2520form.pdf%22&X-Amz-Content-Sha256=UNSIGNED-PAYLOAD&X-Amz-Algorithm=AWS4-HMAC-SHA256&X-Amz-Credential=AKIAYUBLFC5TP3LJIQ5H%2F20251003%2Fus-east-1%2Fs3%2Faws4_request&X-Amz-Date=20251003T135111Z&X-Amz-SignedHeaders=host&X-Amz-Expires=28800&X-Amz-Signature=5df5bb02e406c55ea72197176ec65813994cfa0ac7a3a0a1705da70722f7ee6c', 'name': 'Julia Wanjiru - Transfer of ownership form & Comprehensive form.pdf'}, {'file_id': 7437363, 's3_link': 'https://loandisk-borrowers.s3.amazonaws.com/Julia%20Wanjiru%20-%20Security%20Agreement%20%26%20NTSA%20Receipts-10396797.pdf?response-content-disposition=attachment%3B%20filename%3D%22Julia%2520Wanjiru%2520-%2520Security%2520Agreement%2520%2526%2520NTSA%2520Receipts.pdf%22&X-Amz-Content-Sha256=UNSIGNED-PAYLOAD&X-Amz-Algorithm=AWS4-HMAC-SHA256&X-Amz-Credential=AKIAYUBLFC5TP3LJIQ5H%2F20251003%2Fus-east-1%2Fs3%2Faws4_request&X-Amz-Date=20251003T135111Z&X-Amz-SignedHeaders=host&X-Amz-Expires=28800&X-Amz-Signature=0d514abbc975b8cc7da99790d3e0e9d5e915caff6d585265814d368a140c9b01', 'name': 'Julia Wanjiru - Security Agreement & NTSA Receipts.pdf'}, {'file_id': 8119638, 's3_link': 'https://loandisk-borrowers.s3.amazonaws.com/Julia%20Wanjiru%20-%20Advanced%20offer%20letter-11405288.pdf?response-content-disposition=attachment%3B%20filename%3D%22Julia%2520Wanjiru%2520-%2520Advanced%2520offer%2520letter.pdf%22&X-Amz-Content-Sha256=UNSIGNED-PAYLOAD&X-Amz-Algorithm=AWS4-HMAC-SHA256&X-Amz-Credential=AKIAYUBLFC5TP3LJIQ5H%2F20251003%2Fus-east-1%2Fs3%2Faws4_request&X-Amz-Date=20251003T135111Z&X-Amz-SignedHeaders=host&X-Amz-Expires=28800&X-Amz-Signature=44711d8c4372a97eb9682af65dbcc2a1e51687d1a5ce1496b8c062932597a014', 'name': 'Julia Wanjiru - Advanced offer letter.pdf'}, {'file_id': 9010556, 's3_link': 'https://loandisk-borrowers.s3.amazonaws.com/Julia%20wanjiru%20-%202nd%20advanced%20offer%20letter-12704117.pdf?response-content-disposition=attachment%3B%20filename%3D%22Julia%2520wanjiru%2520-%25202nd%2520advanced%2520offer%2520letter.pdf%22&X-Amz-Content-Sha256=UNSIGNED-PAYLOAD&X-Amz-Algorithm=AWS4-HMAC-SHA256&X-Amz-Credential=AKIAYUBLFC5TP3LJIQ5H%2F20251003%2Fus-east-1%2Fs3%2Faws4_request&X-Amz-Date=20251003T135111Z&X-Amz-SignedHeaders=host&X-Amz-Expires=28800&X-Amz-Signature=1101734a3c48726b256803c9a7c98f682368462f94aa505d2a196508c7bfd651', 'name': 'Julia wanjiru - 2nd advanced offer letter.pdf'}]",https://loandisk-borrowers-photo-thumbnails.s3.amazonaws.com/67a1faf54a611-10396800.jpg?X-Amz-Content-Sha256=UNSIGNED-PAYLOAD&X-Amz-Algorithm=AWS4-HMAC-SHA256&X-Amz-Credential=AKIAYUBLFC5TP3LJIQ5H%2F20251003%2Fus-east-1%2Fs3%2Faws4_request&X-Amz-Date=20251003T135111Z&X-Amz-SignedHeaders=host&X-Amz-Expires=28800&X-Amz-Signature=93061990722732051718585320a7f156f9dd472e308b2c1522d026507e140eed,"[{'file_id': 7437215, 's3_link': 'https://loandisk-loans.s3.amazonaws.com/Julia%20Wanjiru%20-%202nd%20Motor%20Vehicle-10396608.jpg?response-content-disposition=attachment%3B%20filename%3D%22Julia%2520Wanjiru%2520-%25202nd%2520Motor%2520Vehicle.jpg%22&X-Amz-Content-Sha256=UNSIGNED-PAYLOAD&X-Amz-Algorithm=AWS4-HMAC-SHA256&X-Amz-Credential=AKIAYUBLFC5TP3LJIQ5H%2F20251003%2Fus-east-1%2Fs3%2Faws4_request&X-Amz-Date=20251003T135111Z&X-Amz-SignedHeaders=host&X-Amz-Expires=28800&X-Amz-Signature=f2b77dc5b8d3653460d96845b493b7d00a43bc0d6e2ce0ae41ad74dca8775462', 'name': 'Julia Wanjiru - 2nd Motor Vehicle.jpg'}, {'file_id': 7437216, 's3_link': 'https://loandisk-loans.s3.amazonaws.com/Julia%20Wanjiru%20-%202%20Logbooks%2C%20ID%20and%20KRA%20pin-10396607.pdf?response-content-disposition=attachment%3B%20filename%3D%22Julia%2520Wanjiru%2520-%25202%2520Logbooks%252C%2520ID%2520and%2520KRA%2520pin.pdf%22&X-Amz-Content-Sha256=UNSIGNED-PAYLOAD&X-Amz-Algorithm=AWS4-HMAC-SHA256&X-Amz-Credential=AKIAYUBLFC5TP3LJIQ5H%2F20251003%2Fus-east-1%2Fs3%2Faws4_request&X-Amz-Date=20251003T135111Z&X-Amz-SignedHeaders=host&X-Amz-Expires=28800&X-Amz-Signature=b1a1dacb9bce9bbcc1ab62d70582779ba9f4236761fefadb6a997fefbff727ec', 'name': 'Julia Wanjiru - 2 Logbooks, ID and KRA pin.pdf'}, {'file_id': 7437217, 's3_link': 'https://loandisk-loans.s3.amazonaws.com/Julia%20Wanjiru%20-%20IPF-10396609.pdf?response-content-disposition=attachment%3B%20filename%3D%22Julia%2520Wanjiru%2520-%2520IPF.pdf%22&X-Amz-Content-Sha256=UNSIGNED-PAYLOAD&X-Amz-Algorithm=AWS4-HMAC-SHA256&X-Amz-Credential=AKIAYUBLFC5TP3LJIQ5H%2F20251003%2Fus-east-1%2Fs3%2Faws4_request&X-Amz-Date=20251003T135111Z&X-Amz-SignedHeaders=host&X-Amz-Expires=28800&X-Amz-Signature=f77560e5c5d22e40bf17321a97c07f3ef8cd243b0aea0d775763cdb8d0cc20c9', 'name': 'Julia Wanjiru - IPF.pdf'}, {'file_id': 7437218, 's3_link': 'https://loandisk-loans.s3.amazonaws.com/Julia%20Wanjiru%20-%20Motor%20Vehicle-10396611.jpg?response-content-disposition=attachment%3B%20filename%3D%22Julia%2520Wanjiru%2520-%2520Motor%2520Vehicle.jpg%22&X-Amz-Content-Sha256=UNSIGNED-PAYLOAD&X-Amz-Algorithm=AWS4-HMAC-SHA256&X-Amz-Credential=AKIAYUBLFC5TP3LJIQ5H%2F20251003%2Fus-east-1%2Fs3%2Faws4_request&X-Amz-Date=20251003T135111Z&X-Amz-SignedHeaders=host&X-Amz-Expires=28800&X-Amz-Signature=066df05e515838e247574e98e16dec6ff44614a228128b586cc59d81f1abd6f8', 'name': 'Julia Wanjiru - Motor Vehicle.jpg'}, {'file_id': 7437219, 's3_link': 'https://loandisk-loans.s3.amazonaws.com/Julia%20Wanjiru%20-%20Loan%20form-10396610.pdf?response-content-disposition=attachment%3B%20filename%3D%22Julia%2520Wanjiru%2520-%2520Loan%2520form.pdf%22&X-Amz-Content-Sha256=UNSIGNED-PAYLOAD&X-Amz-Algorithm=AWS4-HMAC-SHA256&X-Amz-Credential=AKIAYUBLFC5TP3LJIQ5H%2F20251003%2Fus-east-1%2Fs3%2Faws4_request&X-Amz-Date=20251003T135111Z&X-Amz-SignedHeaders=host&X-Amz-Expires=28800&X-Amz-Signature=46f790f3a1d6e8f2fc555d4992eb03578110698e38000a010f647e24bf606c30', 'name': 'Julia Wanjiru - Loan form.pdf'}, {'file_id': 7437220, 's3_link': 'https://loandisk-loans.s3.amazonaws.com/Julia%20Wanjiru%20-%20Passport%20photo-10396615.jpg?response-content-disposition=attachment%3B%20filename%3D%22Julia%2520Wanjiru%2520-%2520Passport%2520photo.jpg%22&X-Amz-Content-Sha256=UNSIGNED-PAYLOAD&X-Amz-Algorithm=AWS4-HMAC-SHA256&X-Amz-Credential=AKIAYUBLFC5TP3LJIQ5H%2F20251003%2Fus-east-1%2Fs3%2Faws4_request&X-Amz-Date=20251003T135111Z&X-Amz-SignedHeaders=host&X-Amz-Expires=28800&X-Amz-Signature=37f32a3d425448900fa1eeea503077c7aa986c4eaa7d8a52388a2905547b7f9c', 'name': 'Julia Wanjiru - Passport photo.jpg'}, {'file_id': 7437221, 's3_link': 'https://loandisk-loans.s3.amazonaws.com/Julia%20Wanjiru%20-%20Offer%20Letter-10396614.pdf?response-content-disposition=attachment%3B%20filename%3D%22Julia%2520Wanjiru%2520-%2520Offer%2520Letter.pdf%22&X-Amz-Content-Sha256=UNSIGNED-PAYLOAD&X-Amz-Algorithm=AWS4-HMAC-SHA256&X-Amz-Credential=AKIAYUBLFC5TP3LJIQ5H%2F20251003%2Fus-east-1%2Fs3%2Faws4_request&X-Amz-Date=20251003T135111Z&X-Amz-SignedHeaders=host&X-Amz-Expires=28800&X-Amz-Signature=6f266e4a9d360cb534e1e959725c8c75380ec3c99572f1383d9aea5f5d087adb', 'name': 'Julia Wanjiru - Offer Letter.pdf'}, {'file_id': 7437222, 's3_link': 'https://loandisk-loans.s3.amazonaws.com/Julia%20Wanjiru%20-%20Security%20Agreement%20%26%20NTSA%20Receipts-10396616.pdf?response-content-disposition=attachment%3B%20filename%3D%22Julia%2520Wanjiru%2520-%2520Security%2520Agreement%2520%2526%2520NTSA%2520Receipts.pdf%22&X-Amz-Content-Sha256=UNSIGNED-PAYLOAD&X-Amz-Algorithm=AWS4-HMAC-SHA256&X-Amz-Credential=AKIAYUBLFC5TP3LJIQ5H%2F20251003%2Fus-east-1%2Fs3%2Faws4_request&X-Amz-Date=20251003T135111Z&X-Amz-SignedHeaders=host&X-Amz-Expires=28800&X-Amz-Signature=f62faf405429da6102548ec901a0470866029078e03aef5a918c40f7c593010c', 'name': 'Julia Wanjiru - Security Agreement & NTSA Receipts.pdf'}, {'file_id': 7437223, 's3_link': 'https://loandisk-loans.s3.amazonaws.com/Julia%20Wanjiru%20-%20Transfer%20of%20ownership%20form%20%26%20Comprehensive%20form-10396617.pdf?response-content-disposition=attachment%3B%20filename%3D%22Julia%2520Wanjiru%2520-%2520Transfer%2520of%2520ownership%2520form%2520%2526%2520Comprehensive%2520form.pdf%22&X-Amz-Content-Sha256=UNSIGNED-PAYLOAD&X-Amz-Algorithm=AWS4-HMAC-SHA256&X-Amz-Credential=AKIAYUBLFC5TP3LJIQ5H%2F20251003%2Fus-east-1%2Fs3%2Faws4_request&X-Amz-Date=20251003T135111Z&X-Amz-SignedHeaders=host&X-Amz-Expires=28800&X-Amz-Signature=9f3be775b471b9a6e5e260a9a90da4611d547be9c5367433165cad51b3b80262', 'name': 'Julia Wanjiru - Transfer of ownership form & Comprehensive form.pdf'}]",,,27133
7789566,240139,6179080,1003293,27999,197348.00,39470.00,31/01/2025,flat_rate,percentage,Month,2.0000,Months,10,3,10,0.00,round_off_to_integer,,0.0,0.0,0.0,,0.00,0.00,,0.00,0.0,charge_interest_normally,charge_principal_normally,0.00,0.0,0.0,0.0,0.0,0.0,,0.0,0.0000,0.0,,,0.0,0.0,,237818.00,0,23782,23782.0,19735.0,3947.0,100.0,0.0,3,59203.0,11841.0,300.0,0.0,[],71344.00,30/11/2025,166474.00,5,,0,,0,,0,distribute_fees_evenly,1000.00,,0,,0,,0,,0,,0,,0,,0,,0,0,0,0,0,0,0,0,0,0,0,0,0.00,1,0.0,,,"[{'id': 'custom_field_23167', 'name': 'National ID'}, {'id': 'custom_field_23348', 'name': 'Sales Person(Agent/TL/RO)'}]",KE,JULIA,WANJIRU GIKERA,TRANSPORT INDUSTRY,1000450,Female,2,0710182518,WANJIRUJULIA59@GMAIL.COM,12/12/1989,,NAIROBI,"ROATERS ROAD, THOME ESTATE - HOUSE NO:6",,0721392898,,GOOD,67a1faf54a611-10396800.jpg,,,[89478],29284604,LINET NYANYA,"[{'file_id': 7437355, 's3_link': 'https://loandisk-borrowers.s3.amazonaws.com/Julia%20Wanjiru%20-%202%20Logbooks%2C%20ID%20and%20KRA%20pin-10396788.pdf?response-content-disposition=attachment%3B%20filename%3D%22Julia%2520Wanjiru%2520-%25202%2520Logbooks%252C%2520ID%2520and%2520KRA%2520pin.pdf%22&X-Amz-Content-Sha256=UNSIGNED-PAYLOAD&X-Amz-Algorithm=AWS4-HMAC-SHA256&X-Amz-Credential=AKIAYUBLFC5TP3LJIQ5H%2F20251003%2Fus-east-1%2Fs3%2Faws4_request&X-Amz-Date=20251003T135111Z&X-Amz-SignedHeaders=host&X-Amz-Expires=28800&X-Amz-Signature=c767a6389576bc5a1f1f42165d75a2611ae914f11d859b32c4e5130e4bf19b35', 'name': 'Julia Wanjiru - 2 Logbooks, ID and KRA pin.pdf'}, {'file_id': 7437356, 's3_link': 'https://loandisk-borrowers.s3.amazonaws.com/Julia%20Wanjiru%20-%202nd%20Motor%20Vehicle-10396789.jpg?response-content-disposition=attachment%3B%20filename%3D%22Julia%2520Wanjiru%2520-%25202nd%2520Motor%2520Vehicle.jpg%22&X-Amz-Content-Sha256=UNSIGNED-PAYLOAD&X-Amz-Algorithm=AWS4-HMAC-SHA256&X-Amz-Credential=AKIAYUBLFC5TP3LJIQ5H%2F20251003%2Fus-east-1%2Fs3%2Faws4_request&X-Amz-Date=20251003T135111Z&X-Amz-SignedHeaders=host&X-Amz-Expires=28800&X-Amz-Signature=eca2987a80cac83d3ffefcb6a5463fd2cc3335431ae1da0210488e6948d38d05', 'name': 'Julia Wanjiru - 2nd Motor Vehicle.jpg'}, {'file_id': 7437357, 's3_link': 'https://loandisk-borrowers.s3.amazonaws.com/Julia%20Wanjiru%20-%20IPF-10396791.pdf?response-content-disposition=attachment%3B%20filename%3D%22Julia%2520Wanjiru%2520-%2520IPF.pdf%22&X-Amz-Content-Sha256=UNSIGNED-PAYLOAD&X-Amz-Algorithm=AWS4-HMAC-SHA256&X-Amz-Credential=AKIAYUBLFC5TP3LJIQ5H%2F20251003%2Fus-east-1%2Fs3%2Faws4_request&X-Amz-Date=20251003T135111Z&X-Amz-SignedHeaders=host&X-Amz-Expires=28800&X-Amz-Signature=432e6e7e712708e9397a9a302ab4ed20534267f4dae95d3efbc481dab1b628fc', 'name': 'Julia Wanjiru - IPF.pdf'}, {'file_id': 7437358, 's3_link': 'https://loandisk-borrowers.s3.amazonaws.com/Julia%20Wanjiru%20-%20Motor%20Vehicle-10396793.jpg?response-content-disposition=attachment%3B%20filename%3D%22Julia%2520Wanjiru%2520-%2520Motor%2520Vehicle.jpg%22&X-Amz-Content-Sha256=UNSIGNED-PAYLOAD&X-Amz-Algorithm=AWS4-HMAC-SHA256&X-Amz-Credential=AKIAYUBLFC5TP3LJIQ5H%2F20251003%2Fus-east-1%2Fs3%2Faws4_request&X-Amz-Date=20251003T135111Z&X-Amz-SignedHeaders=host&X-Amz-Expires=28800&X-Amz-Signature=f71a82fdb8f21f90eb8693927e5a5c3900986afc722f545a1cc83a7a8bc47c73', 'name': 'Julia Wanjiru - Motor Vehicle.jpg'}, {'file_id': 7437359, 's3_link': 'https://loandisk-borrowers.s3.amazonaws.com/Julia%20Wanjiru%20-%20Loan%20form-10396792.pdf?response-content-disposition=attachment%3B%20filename%3D%22Julia%2520Wanjiru%2520-%2520Loan%2520form.pdf%22&X-Amz-Content-Sha256=UNSIGNED-PAYLOAD&X-Amz-Algorithm=AWS4-HMAC-SHA256&X-Amz-Credential=AKIAYUBLFC5TP3LJIQ5H%2F20251003%2Fus-east-1%2Fs3%2Faws4_request&X-Amz-Date=20251003T135111Z&X-Amz-SignedHeaders=host&X-Amz-Expires=28800&X-Amz-Signature=f3b922af59f00280c8f8aa784306391837353ee36644f187c4765edc9c048b84', 'name': 'Julia Wanjiru - Loan form.pdf'}, {'file_id': 7437360, 's3_link': 'https://loandisk-borrowers.s3.amazonaws.com/Julia%20Wanjiru%20-%20Passport%20photo-10396796.jpg?response-content-disposition=attachment%3B%20filename%3D%22Julia%2520Wanjiru%2520-%2520Passport%2520photo.jpg%22&X-Amz-Content-Sha256=UNSIGNED-PAYLOAD&X-Amz-Algorithm=AWS4-HMAC-SHA256&X-Amz-Credential=AKIAYUBLFC5TP3LJIQ5H%2F20251003%2Fus-east-1%2Fs3%2Faws4_request&X-Amz-Date=20251003T135111Z&X-Amz-SignedHeaders=host&X-Amz-Expires=28800&X-Amz-Signature=b6de4d23b6a5a9dc9ba4ea42e9b7ed252aeee982230b036760245dadfb2b93c7', 'name': 'Julia Wanjiru - Passport photo.jpg'}, {'file_id': 7437361, 's3_link': 'https://loandisk-borrowers.s3.amazonaws.com/Julia%20Wanjiru%20-%20Offer%20Letter-10396794.pdf?response-content-disposition=attachment%3B%20filename%3D%22Julia%2520Wanjiru%2520-%2520Offer%2520Letter.pdf%22&X-Amz-Content-Sha256=UNSIGNED-PAYLOAD&X-Amz-Algorithm=AWS4-HMAC-SHA256&X-Amz-Credential=AKIAYUBLFC5TP3LJIQ5H%2F20251003%2Fus-east-1%2Fs3%2Faws4_request&X-Amz-Date=20251003T135111Z&X-Amz-SignedHeaders=host&X-Amz-Expires=28800&X-Amz-Signature=7737d94becee05c5a8d29d93746c188246d1d4048e3699f3b145fdb0ad6310b2', 'name': 'Julia Wanjiru - Offer Letter.pdf'}, {'file_id': 7437362, 's3_link': 'https://loandisk-borrowers.s3.amazonaws.com/Julia%20Wanjiru%20-%20Transfer%20of%20ownership%20form%20%26%20Comprehensive%20form-10396798.pdf?response-content-disposition=attachment%3B%20filename%3D%22Julia%2520Wanjiru%2520-%2520Transfer%2520of%2520ownership%2520form%2520%2526%2520Comprehensive%2520form.pdf%22&X-Amz-Content-Sha256=UNSIGNED-PAYLOAD&X-Amz-Algorithm=AWS4-HMAC-SHA256&X-Amz-Credential=AKIAYUBLFC5TP3LJIQ5H%2F20251003%2Fus-east-1%2Fs3%2Faws4_request&X-Amz-Date=20251003T135111Z&X-Amz-SignedHeaders=host&X-Amz-Expires=28800&X-Amz-Signature=5df5bb02e406c55ea72197176ec65813994cfa0ac7a3a0a1705da70722f7ee6c', 'name': 'Julia Wanjiru - Transfer of ownership form & Comprehensive form.pdf'}, {'file_id': 7437363, 's3_link': 'https://loandisk-borrowers.s3.amazonaws.com/Julia%20Wanjiru%20-%20Security%20Agreement%20%26%20NTSA%20Receipts-10396797.pdf?response-content-disposition=attachment%3B%20filename%3D%22Julia%2520Wanjiru%2520-%2520Security%2520Agreement%2520%2526%2520NTSA%2520Receipts.pdf%22&X-Amz-Content-Sha256=UNSIGNED-PAYLOAD&X-Amz-Algorithm=AWS4-HMAC-SHA256&X-Amz-Credential=AKIAYUBLFC5TP3LJIQ5H%2F20251003%2Fus-east-1%2Fs3%2Faws4_request&X-Amz-Date=20251003T135111Z&X-Amz-SignedHeaders=host&X-Amz-Expires=28800&X-Amz-Signature=0d514abbc975b8cc7da99790d3e0e9d5e915caff6d585265814d368a140c9b01', 'name': 'Julia Wanjiru - Security Agreement & NTSA Receipts.pdf'}, {'file_id': 8119638, 's3_link': 'https://loandisk-borrowers.s3.amazonaws.com/Julia%20Wanjiru%20-%20Advanced%20offer%20letter-11405288.pdf?response-content-disposition=attachment%3B%20filename%3D%22Julia%2520Wanjiru%2520-%2520Advanced%2520offer%2520letter.pdf%22&X-Amz-Content-Sha256=UNSIGNED-PAYLOAD&X-Amz-Algorithm=AWS4-HMAC-SHA256&X-Amz-Credential=AKIAYUBLFC5TP3LJIQ5H%2F20251003%2Fus-east-1%2Fs3%2Faws4_request&X-Amz-Date=20251003T135111Z&X-Amz-SignedHeaders=host&X-Amz-Expires=28800&X-Amz-Signature=44711d8c4372a97eb9682af65dbcc2a1e51687d1a5ce1496b8c062932597a014', 'name': 'Julia Wanjiru - Advanced offer letter.pdf'}, {'file_id': 9010556, 's3_link': 'https://loandisk-borrowers.s3.amazonaws.com/Julia%20wanjiru%20-%202nd%20advanced%20offer%20letter-12704117.pdf?response-content-disposition=attachment%3B%20filename%3D%22Julia%2520wanjiru%2520-%25202nd%2520advanced%2520offer%2520letter.pdf%22&X-Amz-Content-Sha256=UNSIGNED-PAYLOAD&X-Amz-Algorithm=AWS4-HMAC-SHA256&X-Amz-Credential=AKIAYUBLFC5TP3LJIQ5H%2F20251003%2Fus-east-1%2Fs3%2Faws4_request&X-Amz-Date=20251003T135111Z&X-Amz-SignedHeaders=host&X-Amz-Expires=28800&X-Amz-Signature=1101734a3c48726b256803c9a7c98f682368462f94aa505d2a196508c7bfd651', 'name': 'Julia wanjiru - 2nd advanced offer letter.pdf'}]",https://loandisk-borrowers-photo-thumbnails.s3.amazonaws.com/67a1faf54a611-10396800.jpg?X-Amz-Content-Sha256=UNSIGNED-PAYLOAD&X-Amz-Algorithm=AWS4-HMAC-SHA256&X-Amz-Credential=AKIAYUBLFC5TP3LJIQ5H%2F20251003%2Fus-east-1%2Fs3%2Faws4_request&X-Amz-Date=20251003T135111Z&X-Amz-SignedHeaders=host&X-Amz-Expires=28800&X-Amz-Signature=93061990722732051718585320a7f156f9dd472e308b2c1522d026507e140eed,,,,27133
7818121,36826,5790956,1003316,27996,100000.00,15000.00,27/01/2025,flat_rate,percentage,Month,15.0000,Months,1,3,1,0.00,round_off_to_two_decimal,,,,,,,,,,,,,,,,,,,,,,,,,,,,332000.00,332000,0,332000.0,100000.0,15000.0,0.0,217000.0,218,100000.0,15000.0,0.0,217000.0,"[{'loan_id': 7633983}, {'loan_id': 7561058}, {'loan_id': 7247017}, {'loan_id': 7070548}]",332000.00,27/02/2025,0.00,6,,0,,0,,0,,0,,0,,0,,0,,0,,0,,0,,0,,0,0,0,0,0,0,0,0,0,0,0,0,0.00,1,,,,"[{'id': 'custom_field_23167', 'name': 'National ID'}, {'id': 'custom_field_23348', 'name': 'Sales Person(Agent/TL/RO)'}]",KE,HARRISON,MWONGELA MWANGANGI,,25789851,Male,1,0727505697,harrisonmwangangi91@gmail.com,11/07/1987,,,"NAIROBI - FEDHA, TASSIA ESTATE - HOUSE NO:TESTIMONY",55460 - 00200,0719304553,,GOOD,66f6b73229ea0-9228984.jpg,,,[97469],25789851,PURITY WINNIE,"[{'file_id': 6641202, 's3_link': 'https://loandisk-borrowers.s3.amazonaws.com/Harrison%20Mwongela%20-%20Motor%20Vehicle-9228955.jpg?response-content-disposition=attachment%3B%20filename%3D%22Harrison%2520Mwongela%2520-%2520Motor%2520Vehicle.jpg%22&X-Amz-Content-Sha256=UNSIGNED-PAYLOAD&X-Amz-Algorithm=AWS4-HMAC-SHA256&X-Amz-Credential=AKIAYUBLFC5TP3LJIQ5H%2F20251003%2Fus-east-1%2Fs3%2Faws4_request&X-Amz-Date=20251003T135112Z&X-Amz-SignedHeaders=host&X-Amz-Expires=28800&X-Amz-Signature=28c462ddea39e5486c7cf11196c094d6e905ecb7471a2d7df2b5fd9d771bc0e4', 'name': 'Harrison Mwongela - Motor Vehicle.jpg'}, {'file_id': 6641203, 's3_link': 'https://loandisk-borrowers.s3.amazonaws.com/Harrison%20Mwongela%20-%20Logbook%2C%20KRA%20Pin%20%26%20ID-9228953.pdf?response-content-disposition=attachment%3B%20filename%3D%22Harrison%2520Mwongela%2520-%2520Logbook%252C%2520KRA%2520Pin%2520%2526%2520ID.pdf%22&X-Amz-Content-Sha256=UNSIGNED-PAYLOAD&X-Amz-Algorithm=AWS4-HMAC-SHA256&X-Amz-Credential=AKIAYUBLFC5TP3LJIQ5H%2F20251003%2Fus-east-1%2Fs3%2Faws4_request&X-Amz-Date=20251003T135112Z&X-Amz-SignedHeaders=host&X-Amz-Expires=28800&X-Amz-Signature=aa79c729faa55251f19f746b6c3de11884617cfbde25f9994d9bafec993a61bf', 'name': 'Harrison Mwongela - Logbook, KRA Pin & ID.pdf'}, {'file_id': 6641204, 's3_link': 'https://loandisk-borrowers.s3.amazonaws.com/Harrison%20Mwongela%20-%20NTSA%20Form%20%26%20Transfer%20of%20ownership%20form-9228956.pdf?response-content-disposition=attachment%3B%20filename%3D%22Harrison%2520Mwongela%2520-%2520NTSA%2520Form%2520%2526%2520Transfer%2520of%2520ownership%2520form.pdf%22&X-Amz-Content-Sha256=UNSIGNED-PAYLOAD&X-Amz-Algorithm=AWS4-HMAC-SHA256&X-Amz-Credential=AKIAYUBLFC5TP3LJIQ5H%2F20251003%2Fus-east-1%2Fs3%2Faws4_request&X-Amz-Date=20251003T135112Z&X-Amz-SignedHeaders=host&X-Amz-Expires=28800&X-Amz-Signature=093397377b6b2170faf04854a445e2b9c5a27cd8bda25de580e5643a9c10f0f3', 'name': 'Harrison Mwongela - NTSA Form & Transfer of ownership form.pdf'}, {'file_id': 6641205, 's3_link': 'https://loandisk-borrowers.s3.amazonaws.com/Harrison%20Mwongela%20-%20Passport%20Photo-9228958.jpg?response-content-disposition=attachment%3B%20filename%3D%22Harrison%2520Mwongela%2520-%2520Passport%2520Photo.jpg%22&X-Amz-Content-Sha256=UNSIGNED-PAYLOAD&X-Amz-Algorithm=AWS4-HMAC-SHA256&X-Amz-Credential=AKIAYUBLFC5TP3LJIQ5H%2F20251003%2Fus-east-1%2Fs3%2Faws4_request&X-Amz-Date=20251003T135112Z&X-Amz-SignedHeaders=host&X-Amz-Expires=28800&X-Amz-Signature=bc8b6721467cc8cfdc007c5232ac43dc28a8b8afa506e4a8c48067d8eb0026df', 'name': 'Harrison Mwongela - Passport Photo.jpg'}, {'file_id': 6641206, 's3_link': 'https://loandisk-borrowers.s3.amazonaws.com/Harrison%20Mwongela%20-%20Offer%20Letter-9228957.pdf?response-content-disposition=attachment%3B%20filename%3D%22Harrison%2520Mwongela%2520-%2520Offer%2520Letter.pdf%22&X-Amz-Content-Sha256=UNSIGNED-PAYLOAD&X-Amz-Algorithm=AWS4-HMAC-SHA256&X-Amz-Credential=AKIAYUBLFC5TP3LJIQ5H%2F20251003%2Fus-east-1%2Fs3%2Faws4_request&X-Amz-Date=20251003T135112Z&X-Amz-SignedHeaders=host&X-Amz-Expires=28800&X-Amz-Signature=b363c1decbcdaaf7b4beb43a4819256855b201ca5fba1387590aa76d169ec33f', 'name': 'Harrison Mwongela - Offer Letter.pdf'}, {'file_id': 6641207, 's3_link': 'https://loandisk-borrowers.s3.amazonaws.com/Harrison%20Mwongela%20-%20Security%20Agreement-9228959.pdf?response-content-disposition=attachment%3B%20filename%3D%22Harrison%2520Mwongela%2520-%2520Security%2520Agreement.pdf%22&X-Amz-Content-Sha256=UNSIGNED-PAYLOAD&X-Amz-Algorithm=AWS4-HMAC-SHA256&X-Amz-Credential=AKIAYUBLFC5TP3LJIQ5H%2F20251003%2Fus-east-1%2Fs3%2Faws4_request&X-Amz-Date=20251003T135112Z&X-Amz-SignedHeaders=host&X-Amz-Expires=28800&X-Amz-Signature=fe310c3a1f11d8890d7ed092fb308da1070f92c2bf24e0f99400672e811d6f3d', 'name': 'Harrison Mwongela - Security Agreement.pdf'}, {'file_id': 6641208, 's3_link': 'https://loandisk-borrowers.s3.amazonaws.com/Harrison%20Mwongera%20-%20Loan%20Form-9228960.pdf?response-content-disposition=attachment%3B%20filename%3D%22Harrison%2520Mwongera%2520-%2520Loan%2520Form.pdf%22&X-Amz-Content-Sha256=UNSIGNED-PAYLOAD&X-Amz-Algorithm=AWS4-HMAC-SHA256&X-Amz-Credential=AKIAYUBLFC5TP3LJIQ5H%2F20251003%2Fus-east-1%2Fs3%2Faws4_request&X-Amz-Date=20251003T135112Z&X-Amz-SignedHeaders=host&X-Amz-Expires=28800&X-Amz-Signature=63821c3f5ad55be6d92435417ff06fa050a0e25a6a57433f7e27754e350d9ed2', 'name': 'Harrison Mwongera - Loan Form.pdf'}, {'file_id': 7472107, 's3_link': 'https://loandisk-borrowers.s3.amazonaws.com/Harrison%20Mwongela%20-%20Demand%20Letter-10447069.pdf?response-content-disposition=attachment%3B%20filename%3D%22Harrison%2520Mwongela%2520-%2520Demand%2520Letter.pdf%22&X-Amz-Content-Sha256=UNSIGNED-PAYLOAD&X-Amz-Algorithm=AWS4-HMAC-SHA256&X-Amz-Credential=AKIAYUBLFC5TP3LJIQ5H%2F20251003%2Fus-east-1%2Fs3%2Faws4_request&X-Amz-Date=20251003T135112Z&X-Amz-SignedHeaders=host&X-Amz-Expires=28800&X-Amz-Signature=9fa4b99370d92b7a582eeafdbe629e6a7ead204f9b1e8c8355a1450541cd67a1', 'name': 'Harrison Mwongela - Demand Letter.pdf'}]",https://loandisk-borrowers-photo-thumbnails.s3.amazonaws.com/66f6b73229ea0-9228984.jpg?X-Amz-Content-Sha256=UNSIGNED-PAYLOAD&X-Amz-Algorithm=AWS4-HMAC-SHA256&X-Amz-Credential=AKIAYUBLFC5TP3LJIQ5H%2F20251003%2Fus-east-1%2Fs3%2Faws4_request&X-Amz-Date=20251003T135112Z&X-Amz-SignedHeaders=host&X-Amz-Expires=28800&X-Amz-Signature=865243a60e5cc87bed9fdb37f9576eafe93d5a29f73d5043731f82006cb6d77a,"[{'file_id': 7472100, 's3_link': 'https://loandisk-loans.s3.amazonaws.com/Harrison%20Mwongela%20-%20Demand%20Letter-10447062.pdf?response-content-disposition=attachment%3B%20filename%3D%22Harrison%2520Mwongela%2520-%2520Demand%2520Letter.pdf%22&X-Amz-Content-Sha256=UNSIGNED-PAYLOAD&X-Amz-Algorithm=AWS4-HMAC-SHA256&X-Amz-Credential=AKIAYUBLFC5TP3LJIQ5H%2F20251003%2Fus-east-1%2Fs3%2Faws4_request&X-Amz-Date=20251003T135112Z&X-Amz-SignedHeaders=host&X-Amz-Expires=28800&X-Amz-Signature=a83157531bf41ff41c4fa8cac142b497cd58c4aecc5f154381a23351617b0457', 'name': 'Harrison Mwongela - Demand Letter.pdf'}]",,,27133
8094299,36826,6310317,1003526,27999,324000.00,51840.00,21/03/2025,flat_rate,percentage,Month,4.0000,Months,18,3,18,0.00,round_off_to_two_decimal,,,,,,,,,,,,,,,,,,,,,,,,,,,,419520.00,419520,0,419520.0,324000.0,51840.0,12000.0,31680.0,165,324000.0,51840.0,12000.0,31680.0,[],419520.00,21/07/2025,0.00,6,,0,,0,,0,,0,,0,,0,,0,,0,,0,,0,,0,distribute_fees_evenly,54000.00,0,0,0,0,0,0,0,0,0,0,0,0.00,1,,,,"[{'id': 'custom_field_23347', 'name': 'Sales Person'}, {'id': 'custom_field_23167', 'name': 'National ID'}, {'id': 'custom_field_23348', 'name': 'Sales Person(Agent/TL/RO)'}]",KE,HEDSON,OKARI GITEMBE,HERSI COMPUTERS,1000466,Male,1,0727544130,HGETEMBE@GMAIL.COM,01/01/1976,352,NAIROBI,"RUARAKA TOWN, THIKA RD",00200,0721918345,,GOOD,67e1551761ac8-10888962.jpg,,,[97469],20131972,MIRIAM NJERI,"[{'file_id': 7770535, 's3_link': 'https://loandisk-borrowers.s3.amazonaws.com/Hedson%20Okari%20-%20Motor%20Vehicle-10888953.jpg?response-content-disposition=attachment%3B%20filename%3D%22Hedson%2520Okari%2520-%2520Motor%2520Vehicle.jpg%22&X-Amz-Content-Sha256=UNSIGNED-PAYLOAD&X-Amz-Algorithm=AWS4-HMAC-SHA256&X-Amz-Credential=AKIAYUBLFC5TP3LJIQ5H%2F20251003%2Fus-east-1%2Fs3%2Faws4_request&X-Amz-Date=20251003T135112Z&X-Amz-SignedHeaders=host&X-Amz-Expires=28800&X-Amz-Signature=96603b6a3f4e698fef15fb37db53e539e2c51df48a2840968b2af91387bfb3a8', 'name': 'Hedson Okari - Motor Vehicle.jpg'}, {'file_id': 7770536, 's3_link': 'https://loandisk-borrowers.s3.amazonaws.com/Hedson%20Okari%20-%20Loan%20Form-10888951.pdf?response-content-disposition=attachment%3B%20filename%3D%22Hedson%2520Okari%2520-%2520Loan%2520Form.pdf%22&X-Amz-Content-Sha256=UNSIGNED-PAYLOAD&X-Amz-Algorithm=AWS4-HMAC-SHA256&X-Amz-Credential=AKIAYUBLFC5TP3LJIQ5H%2F20251003%2Fus-east-1%2Fs3%2Faws4_request&X-Amz-Date=20251003T135112Z&X-Amz-SignedHeaders=host&X-Amz-Expires=28800&X-Amz-Signature=bd7de52e643249eb00befd9630b5817e891f7cdf116a9338281e8cd7940ca12a', 'name': 'Hedson Okari - Loan Form.pdf'}, {'file_id': 7770537, 's3_link': 'https://loandisk-borrowers.s3.amazonaws.com/Hedson%20Okari%20-%20Logbook%2C%20KRA%20Pin%20%26%20ID-10888952.pdf?response-content-disposition=attachment%3B%20filename%3D%22Hedson%2520Okari%2520-%2520Logbook%252C%2520KRA%2520Pin%2520%2526%2520ID.pdf%22&X-Amz-Content-Sha256=UNSIGNED-PAYLOAD&X-Amz-Algorithm=AWS4-HMAC-SHA256&X-Amz-Credential=AKIAYUBLFC5TP3LJIQ5H%2F20251003%2Fus-east-1%2Fs3%2Faws4_request&X-Amz-Date=20251003T135112Z&X-Amz-SignedHeaders=host&X-Amz-Expires=28800&X-Amz-Signature=778ca93e005f1e133235c8b4b5c26b8461c777694dbd2c28c424e9c4e9b4b093', 'name': 'Hedson Okari - Logbook, KRA Pin & ID.pdf'}, {'file_id': 7770538, 's3_link': 'https://loandisk-borrowers.s3.amazonaws.com/Hedson%20Okari%20-%20Passport%20Photo-10888957.jpg?response-content-disposition=attachment%3B%20filename%3D%22Hedson%2520Okari%2520-%2520Passport%2520Photo.jpg%22&X-Amz-Content-Sha256=UNSIGNED-PAYLOAD&X-Amz-Algorithm=AWS4-HMAC-SHA256&X-Amz-Credential=AKIAYUBLFC5TP3LJIQ5H%2F20251003%2Fus-east-1%2Fs3%2Faws4_request&X-Amz-Date=20251003T135112Z&X-Amz-SignedHeaders=host&X-Amz-Expires=28800&X-Amz-Signature=698fe7c4fce85a90eec13ba70dc1d3f345264a4270e59a83e998753ab6a75c70', 'name': 'Hedson Okari - Passport Photo.jpg'}, {'file_id': 7770539, 's3_link': 'https://loandisk-borrowers.s3.amazonaws.com/Hedson%20Okari%20-%20NTSA%20Receipt%2C%20Transfer%20of%20ownership%20%26%20Comprehensive%20insurance%20form-10888955.pdf?response-content-disposition=attachment%3B%20filename%3D%22Hedson%2520Okari%2520-%2520NTSA%2520Receipt%252C%2520Transfer%2520of%2520ownership%2520%2526%2520Comprehensive%2520insurance%2520form.pdf%22&X-Amz-Content-Sha256=UNSIGNED-PAYLOAD&X-Amz-Algorithm=AWS4-HMAC-SHA256&X-Amz-Credential=AKIAYUBLFC5TP3LJIQ5H%2F20251003%2Fus-east-1%2Fs3%2Faws4_request&X-Amz-Date=20251003T135112Z&X-Amz-SignedHeaders=host&X-Amz-Expires=28800&X-Amz-Signature=20ccb5ff1489d1c145c0609e1ab1287210671ad668a07000eed77481bc897bf8', 'name': 'Hedson Okari - NTSA Receipt, Transfer of ownership & Comprehensive insurance form.pdf'}, {'file_id': 7770540, 's3_link': 'https://loandisk-borrowers.s3.amazonaws.com/Hedson%20Okari%20-%20Offer%20Letter-10888956.pdf?response-content-disposition=attachment%3B%20filename%3D%22Hedson%2520Okari%2520-%2520Offer%2520Letter.pdf%22&X-Amz-Content-Sha256=UNSIGNED-PAYLOAD&X-Amz-Algorithm=AWS4-HMAC-SHA256&X-Amz-Credential=AKIAYUBLFC5TP3LJIQ5H%2F20251003%2Fus-east-1%2Fs3%2Faws4_request&X-Amz-Date=20251003T135112Z&X-Amz-SignedHeaders=host&X-Amz-Expires=28800&X-Amz-Signature=a8071c7c9052ea7103ae4ab7a2e93e6c0ad244550c9c05de060a1255644ba7e6', 'name': 'Hedson Okari - Offer Letter.pdf'}, {'file_id': 7770541, 's3_link': 'https://loandisk-borrowers.s3.amazonaws.com/Hedson%20Okari%20IPF%20Form-10888959.pdf?response-content-disposition=attachment%3B%20filename%3D%22Hedson%2520Okari%2520IPF%2520Form.pdf%22&X-Amz-Content-Sha256=UNSIGNED-PAYLOAD&X-Amz-Algorithm=AWS4-HMAC-SHA256&X-Amz-Credential=AKIAYUBLFC5TP3LJIQ5H%2F20251003%2Fus-east-1%2Fs3%2Faws4_request&X-Amz-Date=20251003T135112Z&X-Amz-SignedHeaders=host&X-Amz-Expires=28800&X-Amz-Signature=43848579a27f5a9dd90580b96b2f62ff3d79eeb06306b88643951deb38c98ca7', 'name': 'Hedson Okari IPF Form.pdf'}, {'file_id': 7770542, 's3_link': 'https://loandisk-borrowers.s3.amazonaws.com/Hedson%20Okari%20-%20Security%20Agreement-10888958.pdf?response-content-disposition=attachment%3B%20filename%3D%22Hedson%2520Okari%2520-%2520Security%2520Agreement.pdf%22&X-Amz-Content-Sha256=UNSIGNED-PAYLOAD&X-Amz-Algorithm=AWS4-HMAC-SHA256&X-Amz-Credential=AKIAYUBLFC5TP3LJIQ5H%2F20251003%2Fus-east-1%2Fs3%2Faws4_request&X-Amz-Date=20251003T135112Z&X-Amz-SignedHeaders=host&X-Amz-Expires=28800&X-Amz-Signature=5b62a0a03f9b73a09520a4ac4aceaa005dcd9d4ce1f1f8b4569da7ce60e22ba7', 'name': 'Hedson Okari - Security Agreement.pdf'}]",https://loandisk-borrowers-photo-thumbnails.s3.amazonaws.com/67e1551761ac8-10888962.jpg?X-Amz-Content-Sha256=UNSIGNED-PAYLOAD&X-Amz-Algorithm=AWS4-HMAC-SHA256&X-Amz-Credential=AKIAYUBLFC5TP3LJIQ5H%2F20251003%2Fus-east-1%2Fs3%2Faws4_request&X-Amz-Date=20251003T135112Z&X-Amz-SignedHeaders=host&X-Amz-Expires=28800&X-Amz-Signature=082ae402ffa8df963a558fc809e1d3ef2915241d42d6ec10f4795a4638003f17,"[{'file_id': 7770440, 's3_link': 'https://loandisk-loans.s3.amazonaws.com/Hedson%20Okari%20-%20Motor%20Vehicle-10888834.jpg?response-content-disposition=attachment%3B%20filename%3D%22Hedson%2520Okari%2520-%2520Motor%2520Vehicle.jpg%22&X-Amz-Content-Sha256=UNSIGNED-PAYLOAD&X-Amz-Algorithm=AWS4-HMAC-SHA256&X-Amz-Credential=AKIAYUBLFC5TP3LJIQ5H%2F20251003%2Fus-east-1%2Fs3%2Faws4_request&X-Amz-Date=20251003T135112Z&X-Amz-SignedHeaders=host&X-Amz-Expires=28800&X-Amz-Signature=2ee963d75f4d2de6a589baf48771a0d69087a8852532eb17a2975227b90d2917', 'name': 'Hedson Okari - Motor Vehicle.jpg'}, {'file_id': 7770441, 's3_link': 'https://loandisk-loans.s3.amazonaws.com/Hedson%20Okari%20-%20Logbook%2C%20KRA%20Pin%20%26%20ID-10888833.pdf?response-content-disposition=attachment%3B%20filename%3D%22Hedson%2520Okari%2520-%2520Logbook%252C%2520KRA%2520Pin%2520%2526%2520ID.pdf%22&X-Amz-Content-Sha256=UNSIGNED-PAYLOAD&X-Amz-Algorithm=AWS4-HMAC-SHA256&X-Amz-Credential=AKIAYUBLFC5TP3LJIQ5H%2F20251003%2Fus-east-1%2Fs3%2Faws4_request&X-Amz-Date=20251003T135112Z&X-Amz-SignedHeaders=host&X-Amz-Expires=28800&X-Amz-Signature=08f39ea13186b43ad715ec48ca406939bc4d1a252f1c574d790cca7c692731e6', 'name': 'Hedson Okari - Logbook, KRA Pin & ID.pdf'}, {'file_id': 7770442, 's3_link': 'https://loandisk-loans.s3.amazonaws.com/Hedson%20Okari%20-%20Loan%20Form-10888832.pdf?response-content-disposition=attachment%3B%20filename%3D%22Hedson%2520Okari%2520-%2520Loan%2520Form.pdf%22&X-Amz-Content-Sha256=UNSIGNED-PAYLOAD&X-Amz-Algorithm=AWS4-HMAC-SHA256&X-Amz-Credential=AKIAYUBLFC5TP3LJIQ5H%2F20251003%2Fus-east-1%2Fs3%2Faws4_request&X-Amz-Date=20251003T135112Z&X-Amz-SignedHeaders=host&X-Amz-Expires=28800&X-Amz-Signature=0b8c3537680946d876c3a7c02dce697449596b090444ed2f9bf787727dcfc713', 'name': 'Hedson Okari - Loan Form.pdf'}, {'file_id': 7770443, 's3_link': 'https://loandisk-loans.s3.amazonaws.com/Hedson%20Okari%20-%20NTSA%20Receipt%2C%20Transfer%20of%20ownership%20%26%20Comprehensive%20insurance%20form-10888835.pdf?response-content-disposition=attachment%3B%20filename%3D%22Hedson%2520Okari%2520-%2520NTSA%2520Receipt%252C%2520Transfer%2520of%2520ownership%2520%2526%2520Comprehensive%2520insurance%2520form.pdf%22&X-Amz-Content-Sha256=UNSIGNED-PAYLOAD&X-Amz-Algorithm=AWS4-HMAC-SHA256&X-Amz-Credential=AKIAYUBLFC5TP3LJIQ5H%2F20251003%2Fus-east-1%2Fs3%2Faws4_request&X-Amz-Date=20251003T135112Z&X-Amz-SignedHeaders=host&X-Amz-Expires=28800&X-Amz-Signature=f5aa8dde3472f7c3ce58abd6a963c1581dcbcd1fdffba8816512d749d6037182', 'name': 'Hedson Okari - NTSA Receipt, Transfer of ownership & Comprehensive insurance form.pdf'}, {'file_id': 7770444, 's3_link': 'https://loandisk-loans.s3.amazonaws.com/Hedson%20Okari%20-%20Passport%20Photo-10888837.jpg?response-content-disposition=attachment%3B%20filename%3D%22Hedson%2520Okari%2520-%2520Passport%2520Photo.jpg%22&X-Amz-Content-Sha256=UNSIGNED-PAYLOAD&X-Amz-Algorithm=AWS4-HMAC-SHA256&X-Amz-Credential=AKIAYUBLFC5TP3LJIQ5H%2F20251003%2Fus-east-1%2Fs3%2Faws4_request&X-Amz-Date=20251003T135112Z&X-Amz-SignedHeaders=host&X-Amz-Expires=28800&X-Amz-Signature=dc9fe9e63111eee2986d71919f8246837d5fafdcd6767c648af2fdcb4877ea0c', 'name': 'Hedson Okari - Passport Photo.jpg'}, {'file_id': 7770445, 's3_link': 'https://loandisk-loans.s3.amazonaws.com/Hedson%20Okari%20-%20Offer%20Letter-10888836.pdf?response-content-disposition=attachment%3B%20filename%3D%22Hedson%2520Okari%2520-%2520Offer%2520Letter.pdf%22&X-Amz-Content-Sha256=UNSIGNED-PAYLOAD&X-Amz-Algorithm=AWS4-HMAC-SHA256&X-Amz-Credential=AKIAYUBLFC5TP3LJIQ5H%2F20251003%2Fus-east-1%2Fs3%2Faws4_request&X-Amz-Date=20251003T135112Z&X-Amz-SignedHeaders=host&X-Amz-Expires=28800&X-Amz-Signature=004aa22db30a3e71d707a51074ea51c6b296cb8bea38908efb19395181158380', 'name': 'Hedson Okari - Offer Letter.pdf'}, {'file_id': 7770446, 's3_link': 'https://loandisk-loans.s3.amazonaws.com/Hedson%20Okari%20IPF%20Form-10888840.pdf?response-content-disposition=attachment%3B%20filename%3D%22Hedson%2520Okari%2520IPF%2520Form.pdf%22&X-Amz-Content-Sha256=UNSIGNED-PAYLOAD&X-Amz-Algorithm=AWS4-HMAC-SHA256&X-Amz-Credential=AKIAYUBLFC5TP3LJIQ5H%2F20251003%2Fus-east-1%2Fs3%2Faws4_request&X-Amz-Date=20251003T135112Z&X-Amz-SignedHeaders=host&X-Amz-Expires=28800&X-Amz-Signature=18a2993276220ff2982b09183d389123209ca60240c30fc4dab7f419bda550d7', 'name': 'Hedson Okari IPF Form.pdf'}, {'file_id': 7770447, 's3_link': 'https://loandisk-loans.s3.amazonaws.com/Hedson%20Okari%20-%20Security%20Agreement-10888839.pdf?response-content-disposition=attachment%3B%20filename%3D%22Hedson%2520Okari%2520-%2520Security%2520Agreement.pdf%22&X-Amz-Content-Sha256=UNSIGNED-PAYLOAD&X-Amz-Algorithm=AWS4-HMAC-SHA256&X-Amz-Credential=AKIAYUBLFC5TP3LJIQ5H%2F20251003%2Fus-east-1%2Fs3%2Faws4_request&X-Amz-Date=20251003T135112Z&X-Amz-SignedHeaders=host&X-Amz-Expires=28800&X-Amz-Signature=923fadcc5ef73775b9fb62b0f485b26239226262ef8873ca0f1772cdc69e81c3', 'name': 'Hedson Okari - Security Agreement.pdf'}, {'file_id': 7974857, 's3_link': 'https://loandisk-loans.s3.amazonaws.com/Hedson%20-%20demand%20Letter-11189159.pdf?response-content-disposition=attachment%3B%20filename%3D%22Hedson%2520-%2520demand%2520Letter.pdf%22&X-Amz-Content-Sha256=UNSIGNED-PAYLOAD&X-Amz-Algorithm=AWS4-HMAC-SHA256&X-Amz-Credential=AKIAYUBLFC5TP3LJIQ5H%2F20251003%2Fus-east-1%2Fs3%2Faws4_request&X-Amz-Date=20251003T135112Z&X-Amz-SignedHeaders=host&X-Amz-Expires=28800&X-Amz-Signature=e47b72f6e3ab1e8b9b6e9c20ebe48523d36f6fac21589ee34ea1ae09eb8e63d8', 'name': 'Hedson - demand Letter.pdf'}]",MIRIAM NJERI,,27133
8094386,240139,6310317,1003527,27999,53023.00,10610.00,21/03/2025,flat_rate,percentage,Month,2.0000,Months,10,3,10,0.00,round_off_to_integer,,0.0,0.0,0.0,,0.00,0.00,,0.00,0.0,charge_interest_normally,charge_principal_normally,0.00,0.0,0.0,0.0,0.0,0.0,,0.0,0.0000,0.0,,,0.0,0.0,,64633.00,32315,6463,38778.0,31812.0,6366.0,600.0,0.0,165,53023.0,10610.0,1000.0,0.0,[],64633.00,21/01/2026,0.00,5,,0,,0,,0,distribute_fees_evenly,1000.00,,0,,0,,0,,0,,0,,0,,0,,0,0,0,0,0,0,0,0,0,0,0,0,0.00,1,0.0,,,"[{'id': 'custom_field_23347', 'name': 'Sales Person'}, {'id': 'custom_field_23167', 'name': 'National ID'}, {'id': 'custom_field_23348', 'name': 'Sales Person(Agent/TL/RO)'}]",KE,HEDSON,OKARI GITEMBE,HERSI COMPUTERS,1000466,Male,1,0727544130,HGETEMBE@GMAIL.COM,01/01/1976,352,NAIROBI,"RUARAKA TOWN, THIKA RD",00200,0721918345,,GOOD,67e1551761ac8-10888962.jpg,,,[97469],20131972,MIRIAM NJERI,"[{'file_id': 7770535, 's3_link': 'https://loandisk-borrowers.s3.amazonaws.com/Hedson%20Okari%20-%20Motor%20Vehicle-10888953.jpg?response-content-disposition=attachment%3B%20filename%3D%22Hedson%2520Okari%2520-%2520Motor%2520Vehicle.jpg%22&X-Amz-Content-Sha256=UNSIGNED-PAYLOAD&X-Amz-Algorithm=AWS4-HMAC-SHA256&X-Amz-Credential=AKIAYUBLFC5TP3LJIQ5H%2F20251003%2Fus-east-1%2Fs3%2Faws4_request&X-Amz-Date=20251003T135112Z&X-Amz-SignedHeaders=host&X-Amz-Expires=28800&X-Amz-Signature=96603b6a3f4e698fef15fb37db53e539e2c51df48a2840968b2af91387bfb3a8', 'name': 'Hedson Okari - Motor Vehicle.jpg'}, {'file_id': 7770536, 's3_link': 'https://loandisk-borrowers.s3.amazonaws.com/Hedson%20Okari%20-%20Loan%20Form-10888951.pdf?response-content-disposition=attachment%3B%20filename%3D%22Hedson%2520Okari%2520-%2520Loan%2520Form.pdf%22&X-Amz-Content-Sha256=UNSIGNED-PAYLOAD&X-Amz-Algorithm=AWS4-HMAC-SHA256&X-Amz-Credential=AKIAYUBLFC5TP3LJIQ5H%2F20251003%2Fus-east-1%2Fs3%2Faws4_request&X-Amz-Date=20251003T135112Z&X-Amz-SignedHeaders=host&X-Amz-Expires=28800&X-Amz-Signature=bd7de52e643249eb00befd9630b5817e891f7cdf116a9338281e8cd7940ca12a', 'name': 'Hedson Okari - Loan Form.pdf'}, {'file_id': 7770537, 's3_link': 'https://loandisk-borrowers.s3.amazonaws.com/Hedson%20Okari%20-%20Logbook%2C%20KRA%20Pin%20%26%20ID-10888952.pdf?response-content-disposition=attachment%3B%20filename%3D%22Hedson%2520Okari%2520-%2520Logbook%252C%2520KRA%2520Pin%2520%2526%2520ID.pdf%22&X-Amz-Content-Sha256=UNSIGNED-PAYLOAD&X-Amz-Algorithm=AWS4-HMAC-SHA256&X-Amz-Credential=AKIAYUBLFC5TP3LJIQ5H%2F20251003%2Fus-east-1%2Fs3%2Faws4_request&X-Amz-Date=20251003T135112Z&X-Amz-SignedHeaders=host&X-Amz-Expires=28800&X-Amz-Signature=778ca93e005f1e133235c8b4b5c26b8461c777694dbd2c28c424e9c4e9b4b093', 'name': 'Hedson Okari - Logbook, KRA Pin & ID.pdf'}, {'file_id': 7770538, 's3_link': 'https://loandisk-borrowers.s3.amazonaws.com/Hedson%20Okari%20-%20Passport%20Photo-10888957.jpg?response-content-disposition=attachment%3B%20filename%3D%22Hedson%2520Okari%2520-%2520Passport%2520Photo.jpg%22&X-Amz-Content-Sha256=UNSIGNED-PAYLOAD&X-Amz-Algorithm=AWS4-HMAC-SHA256&X-Amz-Credential=AKIAYUBLFC5TP3LJIQ5H%2F20251003%2Fus-east-1%2Fs3%2Faws4_request&X-Amz-Date=20251003T135112Z&X-Amz-SignedHeaders=host&X-Amz-Expires=28800&X-Amz-Signature=698fe7c4fce85a90eec13ba70dc1d3f345264a4270e59a83e998753ab6a75c70', 'name': 'Hedson Okari - Passport Photo.jpg'}, {'file_id': 7770539, 's3_link': 'https://loandisk-borrowers.s3.amazonaws.com/Hedson%20Okari%20-%20NTSA%20Receipt%2C%20Transfer%20of%20ownership%20%26%20Comprehensive%20insurance%20form-10888955.pdf?response-content-disposition=attachment%3B%20filename%3D%22Hedson%2520Okari%2520-%2520NTSA%2520Receipt%252C%2520Transfer%2520of%2520ownership%2520%2526%2520Comprehensive%2520insurance%2520form.pdf%22&X-Amz-Content-Sha256=UNSIGNED-PAYLOAD&X-Amz-Algorithm=AWS4-HMAC-SHA256&X-Amz-Credential=AKIAYUBLFC5TP3LJIQ5H%2F20251003%2Fus-east-1%2Fs3%2Faws4_request&X-Amz-Date=20251003T135112Z&X-Amz-SignedHeaders=host&X-Amz-Expires=28800&X-Amz-Signature=20ccb5ff1489d1c145c0609e1ab1287210671ad668a07000eed77481bc897bf8', 'name': 'Hedson Okari - NTSA Receipt, Transfer of ownership & Comprehensive insurance form.pdf'}, {'file_id': 7770540, 's3_link': 'https://loandisk-borrowers.s3.amazonaws.com/Hedson%20Okari%20-%20Offer%20Letter-10888956.pdf?response-content-disposition=attachment%3B%20filename%3D%22Hedson%2520Okari%2520-%2520Offer%2520Letter.pdf%22&X-Amz-Content-Sha256=UNSIGNED-PAYLOAD&X-Amz-Algorithm=AWS4-HMAC-SHA256&X-Amz-Credential=AKIAYUBLFC5TP3LJIQ5H%2F20251003%2Fus-east-1%2Fs3%2Faws4_request&X-Amz-Date=20251003T135112Z&X-Amz-SignedHeaders=host&X-Amz-Expires=28800&X-Amz-Signature=a8071c7c9052ea7103ae4ab7a2e93e6c0ad244550c9c05de060a1255644ba7e6', 'name': 'Hedson Okari - Offer Letter.pdf'}, {'file_id': 7770541, 's3_link': 'https://loandisk-borrowers.s3.amazonaws.com/Hedson%20Okari%20IPF%20Form-10888959.pdf?response-content-disposition=attachment%3B%20filename%3D%22Hedson%2520Okari%2520IPF%2520Form.pdf%22&X-Amz-Content-Sha256=UNSIGNED-PAYLOAD&X-Amz-Algorithm=AWS4-HMAC-SHA256&X-Amz-Credential=AKIAYUBLFC5TP3LJIQ5H%2F20251003%2Fus-east-1%2Fs3%2Faws4_request&X-Amz-Date=20251003T135112Z&X-Amz-SignedHeaders=host&X-Amz-Expires=28800&X-Amz-Signature=43848579a27f5a9dd90580b96b2f62ff3d79eeb06306b88643951deb38c98ca7', 'name': 'Hedson Okari IPF Form.pdf'}, {'file_id': 7770542, 's3_link': 'https://loandisk-borrowers.s3.amazonaws.com/Hedson%20Okari%20-%20Security%20Agreement-10888958.pdf?response-content-disposition=attachment%3B%20filename%3D%22Hedson%2520Okari%2520-%2520Security%2520Agreement.pdf%22&X-Amz-Content-Sha256=UNSIGNED-PAYLOAD&X-Amz-Algorithm=AWS4-HMAC-SHA256&X-Amz-Credential=AKIAYUBLFC5TP3LJIQ5H%2F20251003%2Fus-east-1%2Fs3%2Faws4_request&X-Amz-Date=20251003T135112Z&X-Amz-SignedHeaders=host&X-Amz-Expires=28800&X-Amz-Signature=5b62a0a03f9b73a09520a4ac4aceaa005dcd9d4ce1f1f8b4569da7ce60e22ba7', 'name': 'Hedson Okari - Security Agreement.pdf'}]",https://loandisk-borrowers-photo-thumbnails.s3.amazonaws.com/67e1551761ac8-10888962.jpg?X-Amz-Content-Sha256=UNSIGNED-PAYLOAD&X-Amz-Algorithm=AWS4-HMAC-SHA256&X-Amz-Credential=AKIAYUBLFC5TP3LJIQ5H%2F20251003%2Fus-east-1%2Fs3%2Faws4_request&X-Amz-Date=20251003T135112Z&X-Amz-SignedHeaders=host&X-Amz-Expires=28800&X-Amz-Signature=082ae402ffa8df963a558fc809e1d3ef2915241d42d6ec10f4795a4638003f17,,MIRIAM NJERI,,27133
8132713,36826,5330672,1003557,27999,366426.00,175884.48,27/03/2025,flat_rate,percentage,Month,4.0000,Months,12,3,12,0.00,round_off_to_two_decimal,,,,,,,,,,,,,,,,,,,,,,,,,,,,581734.88,3304.4199999999837,32.72,3337.1399999999835,3271.7,0.0,0.0,65.4399999999998,6,186484.7,87942.24,18000.0,65.44000000000005,[],292492.38,27/03/2026,289242.50,16,,0,,0,,0,,0,,0,,0,,0,,0,,0,,0,,0,distribute_fees_evenly,36000.00,0,0,0,0,0,0,0,0,0,0,0,0.00,1,,,,"[{'id': 'custom_field_23347', 'name': 'Sales Person'}, {'id': 'custom_field_23167', 'name': 'National ID'}, {'id': 'custom_field_23348', 'name': 'Sales Person(Agent/TL/RO)'}]",KE,RONALD,ASAVA,,1000371,Male,1,0723812919,jncint/min@gmail.com,21/12/1983,Nairobi,Nairobi,"Nairobi, Spine road,Komarocks estate",,,,GOOD,,,,[77749],25119767,LINET NYANYA,"[{'file_id': 6528799, 's3_link': 'https://loandisk-borrowers.s3.amazonaws.com/pst%20Ronald-9071827.pdf?response-content-disposition=attachment%3B%20filename%3D%22pst%2520Ronald.pdf%22&X-Amz-Content-Sha256=UNSIGNED-PAYLOAD&X-Amz-Algorithm=AWS4-HMAC-SHA256&X-Amz-Credential=AKIAYUBLFC5TP3LJIQ5H%2F20251003%2Fus-east-1%2Fs3%2Faws4_request&X-Amz-Date=20251003T135112Z&X-Amz-SignedHeaders=host&X-Amz-Expires=28800&X-Amz-Signature=a0b20bfc55bb6cdf042f7154af92feda4f351deedb4d2b7a9d63a1d00f7c1c5a', 'name': 'pst Ronald.pdf'}, {'file_id': 6532211, 's3_link': 'https://loandisk-borrowers.s3.amazonaws.com/Ronald%20Asava%20-%20Advanced%20Offer%20Letter..-9076165.pdf?response-content-disposition=attachment%3B%20filename%3D%22Ronald%2520Asava%2520-%2520Advanced%2520Offer%2520Letter...pdf%22&X-Amz-Content-Sha256=UNSIGNED-PAYLOAD&X-Amz-Algorithm=AWS4-HMAC-SHA256&X-Amz-Credential=AKIAYUBLFC5TP3LJIQ5H%2F20251003%2Fus-east-1%2Fs3%2Faws4_request&X-Amz-Date=20251003T135112Z&X-Amz-SignedHeaders=host&X-Amz-Expires=28800&X-Amz-Signature=d61644c385ba852238694a2929dccef09baf9f3948aa3e75dcfb0454fd545a9c', 'name': 'Ronald Asava - Advanced Offer Letter...pdf'}, {'file_id': 7234045, 's3_link': 'https://loandisk-borrowers.s3.amazonaws.com/Ronald%20Asava%20-%20Advanced%20Offer%20Letter-10099250.pdf?response-content-disposition=attachment%3B%20filename%3D%22Ronald%2520Asava%2520-%2520Advanced%2520Offer%2520Letter.pdf%22&X-Amz-Content-Sha256=UNSIGNED-PAYLOAD&X-Amz-Algorithm=AWS4-HMAC-SHA256&X-Amz-Credential=AKIAYUBLFC5TP3LJIQ5H%2F20251003%2Fus-east-1%2Fs3%2Faws4_request&X-Amz-Date=20251003T135112Z&X-Amz-SignedHeaders=host&X-Amz-Expires=28800&X-Amz-Signature=2b2634a89dc8374c47a1161c5010ee24a58f972bb649e8bf916777848ddd245e', 'name': 'Ronald Asava - Advanced Offer Letter.pdf'}, {'file_id': 7848547, 's3_link': 'https://loandisk-borrowers.s3.amazonaws.com/Ronald%20Asava%20-%203rd%20Advanced%20Offer%20Letter-11007197.pdf?response-content-disposition=attachment%3B%20filename%3D%22Ronald%2520Asava%2520-%25203rd%2520Advanced%2520Offer%2520Letter.pdf%22&X-Amz-Content-Sha256=UNSIGNED-PAYLOAD&X-Amz-Algorithm=AWS4-HMAC-SHA256&X-Amz-Credential=AKIAYUBLFC5TP3LJIQ5H%2F20251003%2Fus-east-1%2Fs3%2Faws4_request&X-Amz-Date=20251003T135112Z&X-Amz-SignedHeaders=host&X-Amz-Expires=28800&X-Amz-Signature=a89d2f816dfae4d49f78f99556cb1a154094d24e1c7220ff15f81af73d3685fb', 'name': 'Ronald Asava - 3rd Advanced Offer Letter.pdf'}, {'file_id': 8285753, 's3_link': 'https://loandisk-borrowers.s3.amazonaws.com/Ronald%20Asava%20-%204th%20Advanced%20offer%20letter-11649311.pdf?response-content-disposition=attachment%3B%20filename%3D%22Ronald%2520Asava%2520-%25204th%2520Advanced%2520offer%2520letter.pdf%22&X-Amz-Content-Sha256=UNSIGNED-PAYLOAD&X-Amz-Algorithm=AWS4-HMAC-SHA256&X-Amz-Credential=AKIAYUBLFC5TP3LJIQ5H%2F20251003%2Fus-east-1%2Fs3%2Faws4_request&X-Amz-Date=20251003T135112Z&X-Amz-SignedHeaders=host&X-Amz-Expires=28800&X-Amz-Signature=8be0b7dad02ad0bb20d5ba2b3b9df9faa8396950b38ed738f8a74c4bb674f3f8', 'name': 'Ronald Asava - 4th Advanced offer letter.pdf'}, {'file_id': 8715553, 's3_link': 'https://loandisk-borrowers.s3.amazonaws.com/Ronald%20Asava%20-%20demand%20letter-12275491.pdf?response-content-disposition=attachment%3B%20filename%3D%22Ronald%2520Asava%2520-%2520demand%2520letter.pdf%22&X-Amz-Content-Sha256=UNSIGNED-PAYLOAD&X-Amz-Algorithm=AWS4-HMAC-SHA256&X-Amz-Credential=AKIAYUBLFC5TP3LJIQ5H%2F20251003%2Fus-east-1%2Fs3%2Faws4_request&X-Amz-Date=20251003T135112Z&X-Amz-SignedHeaders=host&X-Amz-Expires=28800&X-Amz-Signature=a3e45616ce4a868b5ce230e8d81210c05a2150e028b3c8f74ae56d5af2c80d94', 'name': 'Ronald Asava - demand letter.pdf'}, {'file_id': 8841378, 's3_link': 'https://loandisk-borrowers.s3.amazonaws.com/Ronald%20Asava%20-%20advanced%20offer%20letter%20154-12453472.pdf?response-content-disposition=attachment%3B%20filename%3D%22Ronald%2520Asava%2520-%2520advanced%2520offer%2520letter%2520154.pdf%22&X-Amz-Content-Sha256=UNSIGNED-PAYLOAD&X-Amz-Algorithm=AWS4-HMAC-SHA256&X-Amz-Credential=AKIAYUBLFC5TP3LJIQ5H%2F20251003%2Fus-east-1%2Fs3%2Faws4_request&X-Amz-Date=20251003T135112Z&X-Amz-SignedHeaders=host&X-Amz-Expires=28800&X-Amz-Signature=d3f29f4a87811b0b8c3bef319f2276fb1cffa59c063b823d2302bbcacce56841', 'name': 'Ronald Asava - advanced offer letter 154.pdf'}]",,"[{'file_id': 7848545, 's3_link': 'https://loandisk-loans.s3.amazonaws.com/Ronald%20Asava%20-%203rd%20Advanced%20Offer%20Letter-11007188.pdf?response-content-disposition=attachment%3B%20filename%3D%22Ronald%2520Asava%2520-%25203rd%2520Advanced%2520Offer%2520Letter.pdf%22&X-Amz-Content-Sha256=UNSIGNED-PAYLOAD&X-Amz-Algorithm=AWS4-HMAC-SHA256&X-Amz-Credential=AKIAYUBLFC5TP3LJIQ5H%2F20251003%2Fus-east-1%2Fs3%2Faws4_request&X-Amz-Date=20251003T135112Z&X-Amz-SignedHeaders=host&X-Amz-Expires=28800&X-Amz-Signature=0a0b2bd190d906a655ed92a9da037935424c5c7efc48698527fabdf53b6ed633', 'name': 'Ronald Asava - 3rd Advanced Offer Letter.pdf'}]",Richard Litunya,,27133
8296150,253137,6304911,1003676,27996,90532.50,13579.88,20/04/2025,flat_rate,percentage,Month,15.0000,Months,1,3,1,0.00,round_off_to_two_decimal,,,,,,,,,,,,,,,,,,,,,,,,,,,,269210.61,269210.61000000004,0,269210.61000000004,90532.5,13579.88,46500.0,118598.23,136,90532.5,13579.88,46500.0,118598.23,[{'loan_id': 8084205}],269210.61,20/05/2025,0.00,6,,0,,0,,0,,0,,0,,0,,0,,0,,0,,0,,0,,0,0,0,0,0,0,0,0,0,0,0,0,0.00,1,,,,"[{'id': 'custom_field_23347', 'name': 'Sales Person'}, {'id': 'custom_field_23167', 'name': 'National ID'}, {'id': 'custom_field_23348', 'name': 'Sales Person(Agent/TL/RO)'}]",KE,BRIAN,MAINA NDAHI,MAINA ENTERPRISE,1000465,Male,1,0729518525,NDAHIMAISH@GMAIL.COM,13/11/2000,136,NAIROBI,"MAKONGENI THIKA, NANASI ESTATE",20116,0704787741,,GOOD,67dc1700c0647-10858159.jpg,,,[97469],40133050,MIRIAM NJERI,"[{'file_id': 7749464, 's3_link': 'https://loandisk-borrowers.s3.amazonaws.com/Brian%20Maina%20-%20Loan%20Form-10858150.pdf?response-content-disposition=attachment%3B%20filename%3D%22Brian%2520Maina%2520-%2520Loan%2520Form.pdf%22&X-Amz-Content-Sha256=UNSIGNED-PAYLOAD&X-Amz-Algorithm=AWS4-HMAC-SHA256&X-Amz-Credential=AKIAYUBLFC5TP3LJIQ5H%2F20251003%2Fus-east-1%2Fs3%2Faws4_request&X-Amz-Date=20251003T135112Z&X-Amz-SignedHeaders=host&X-Amz-Expires=28800&X-Amz-Signature=786da733f018891eec49cbdaee23929bcc02b2e539b74d8bd92c6029166a7350', 'name': 'Brian Maina - Loan Form.pdf'}, {'file_id': 7749465, 's3_link': 'https://loandisk-borrowers.s3.amazonaws.com/Brian%20Maina%20-%20Motor%20vehicle-10858152.png?response-content-disposition=attachment%3B%20filename%3D%22Brian%2520Maina%2520-%2520Motor%2520vehicle.png%22&X-Amz-Content-Sha256=UNSIGNED-PAYLOAD&X-Amz-Algorithm=AWS4-HMAC-SHA256&X-Amz-Credential=AKIAYUBLFC5TP3LJIQ5H%2F20251003%2Fus-east-1%2Fs3%2Faws4_request&X-Amz-Date=20251003T135112Z&X-Amz-SignedHeaders=host&X-Amz-Expires=28800&X-Amz-Signature=e59df9edb498f85e44bc43a04dcbe0fb808eb5543430cdd0a10e90b02f462823', 'name': 'Brian Maina - Motor vehicle.png'}, {'file_id': 7749466, 's3_link': 'https://loandisk-borrowers.s3.amazonaws.com/Brian%20Maina%20-%20Logb%2C%20ID%20%26%20KRA%20Pin-10858151.pdf?response-content-disposition=attachment%3B%20filename%3D%22Brian%2520Maina%2520-%2520Logb%252C%2520ID%2520%2526%2520KRA%2520Pin.pdf%22&X-Amz-Content-Sha256=UNSIGNED-PAYLOAD&X-Amz-Algorithm=AWS4-HMAC-SHA256&X-Amz-Credential=AKIAYUBLFC5TP3LJIQ5H%2F20251003%2Fus-east-1%2Fs3%2Faws4_request&X-Amz-Date=20251003T135112Z&X-Amz-SignedHeaders=host&X-Amz-Expires=28800&X-Amz-Signature=b79553a4b8f95b4086f37b82f36fc6255b56767a7aa0d499008072d763b65692', 'name': 'Brian Maina - Logb, ID & KRA Pin.pdf'}, {'file_id': 7749467, 's3_link': 'https://loandisk-borrowers.s3.amazonaws.com/Brian%20Maina%20-%20Passport%20Photo-10858155.jpg?response-content-disposition=attachment%3B%20filename%3D%22Brian%2520Maina%2520-%2520Passport%2520Photo.jpg%22&X-Amz-Content-Sha256=UNSIGNED-PAYLOAD&X-Amz-Algorithm=AWS4-HMAC-SHA256&X-Amz-Credential=AKIAYUBLFC5TP3LJIQ5H%2F20251003%2Fus-east-1%2Fs3%2Faws4_request&X-Amz-Date=20251003T135112Z&X-Amz-SignedHeaders=host&X-Amz-Expires=28800&X-Amz-Signature=c7f10b2becbc0492540e9992631f86a5b856c7983be7ef7e9187667ea3950d76', 'name': 'Brian Maina - Passport Photo.jpg'}, {'file_id': 7749468, 's3_link': 'https://loandisk-borrowers.s3.amazonaws.com/Brian%20Maina%20-%20NTSA%20Receipt%2C%20Data%20portability%20form%20%26%20Mpesa%20statement-10858153.pdf?response-content-disposition=attachment%3B%20filename%3D%22Brian%2520Maina%2520-%2520NTSA%2520Receipt%252C%2520Data%2520portability%2520form%2520%2526%2520Mpesa%2520statement.pdf%22&X-Amz-Content-Sha256=UNSIGNED-PAYLOAD&X-Amz-Algorithm=AWS4-HMAC-SHA256&X-Amz-Credential=AKIAYUBLFC5TP3LJIQ5H%2F20251003%2Fus-east-1%2Fs3%2Faws4_request&X-Amz-Date=20251003T135112Z&X-Amz-SignedHeaders=host&X-Amz-Expires=28800&X-Amz-Signature=87a7a8b703c597a30ad10565d7b3447b4bd21fd1ad1cd07d4a1975265003a327', 'name': 'Brian Maina - NTSA Receipt, Data portability form & Mpesa statement.pdf'}, {'file_id': 7749469, 's3_link': 'https://loandisk-borrowers.s3.amazonaws.com/Brian%20Maina%20-%20Offer%20Letter-10858154.pdf?response-content-disposition=attachment%3B%20filename%3D%22Brian%2520Maina%2520-%2520Offer%2520Letter.pdf%22&X-Amz-Content-Sha256=UNSIGNED-PAYLOAD&X-Amz-Algorithm=AWS4-HMAC-SHA256&X-Amz-Credential=AKIAYUBLFC5TP3LJIQ5H%2F20251003%2Fus-east-1%2Fs3%2Faws4_request&X-Amz-Date=20251003T135112Z&X-Amz-SignedHeaders=host&X-Amz-Expires=28800&X-Amz-Signature=3fa6a90fb8774936bff16ef34e23d77bdbccab8e2bb8d857c446a4af6876a76a', 'name': 'Brian Maina - Offer Letter.pdf'}, {'file_id': 7749470, 's3_link': 'https://loandisk-borrowers.s3.amazonaws.com/Brian%20Maina%20-%20Valuation%20Report-10858156.pdf?response-content-disposition=attachment%3B%20filename%3D%22Brian%2520Maina%2520-%2520Valuation%2520Report.pdf%22&X-Amz-Content-Sha256=UNSIGNED-PAYLOAD&X-Amz-Algorithm=AWS4-HMAC-SHA256&X-Amz-Credential=AKIAYUBLFC5TP3LJIQ5H%2F20251003%2Fus-east-1%2Fs3%2Faws4_request&X-Amz-Date=20251003T135112Z&X-Amz-SignedHeaders=host&X-Amz-Expires=28800&X-Amz-Signature=18ad795522fb5bef13bd434d62ad5f91502c972bf3ddc18cde6d27a9b9e26388', 'name': 'Brian Maina - Valuation Report.pdf'}, {'file_id': 8314310, 's3_link': 'https://loandisk-borrowers.s3.amazonaws.com/Brian%20Ndahi%20-%20sale%20notice%20letter-11689168.pdf?response-content-disposition=attachment%3B%20filename%3D%22Brian%2520Ndahi%2520-%2520sale%2520notice%2520letter.pdf%22&X-Amz-Content-Sha256=UNSIGNED-PAYLOAD&X-Amz-Algorithm=AWS4-HMAC-SHA256&X-Amz-Credential=AKIAYUBLFC5TP3LJIQ5H%2F20251003%2Fus-east-1%2Fs3%2Faws4_request&X-Amz-Date=20251003T135112Z&X-Amz-SignedHeaders=host&X-Amz-Expires=28800&X-Amz-Signature=9f01005480bdf7edc23b7e17916b4c656bb3be2f60102e4368266710e78d3cc6', 'name': 'Brian Ndahi - sale notice letter.pdf'}]",https://loandisk-borrowers-photo-thumbnails.s3.amazonaws.com/67dc1700c0647-10858159.jpg?X-Amz-Content-Sha256=UNSIGNED-PAYLOAD&X-Amz-Algorithm=AWS4-HMAC-SHA256&X-Amz-Credential=AKIAYUBLFC5TP3LJIQ5H%2F20251003%2Fus-east-1%2Fs3%2Faws4_request&X-Amz-Date=20251003T135112Z&X-Amz-SignedHeaders=host&X-Amz-Expires=28800&X-Amz-Signature=074b77fa280ab2de50498aa7f67a92cf8d7a10f85e7aa70a53c5a9202ad8038b,"[{'file_id': 8314322, 's3_link': 'https://loandisk-loans.s3.amazonaws.com/Brian%20Ndahi%20-%20sale%20notice%20letter-11689185.pdf?response-content-disposition=attachment%3B%20filename%3D%22Brian%2520Ndahi%2520-%2520sale%2520notice%2520letter.pdf%22&X-Amz-Content-Sha256=UNSIGNED-PAYLOAD&X-Amz-Algorithm=AWS4-HMAC-SHA256&X-Amz-Credential=AKIAYUBLFC5TP3LJIQ5H%2F20251003%2Fus-east-1%2Fs3%2Faws4_request&X-Amz-Date=20251003T135112Z&X-Amz-SignedHeaders=host&X-Amz-Expires=28800&X-Amz-Signature=26306a80e3b9c524664b0d66ea13b10a94ce80ffb3616272292733259e331b56', 'name': 'Brian Ndahi - sale notice letter.pdf'}]",linet Nyanya,,27133
8347253,36800,6444011,1003707,27999,430000.00,103200.00,02/05/2025,flat_rate,percentage,Month,4.0000,Months,12,3,12,0.00,round_off_to_two_decimal,,,,,,,,,,,,,,,,,,,,,,,,,,,,640174.92,313108.24,56033.33,369141.57,179166.65000000002,86000.0,90000.0,13974.92,123,430000.0,103200.0,93000.0,13974.92,[],640174.92,02/11/2025,0.00,5,,0,,0,,0,,0,,0,,0,,0,,0,,0,,0,,0,distribute_fees_evenly,36000.00,0,0,0,0,0,0,0,0,0,0,0,0.00,1,,,,"[{'id': 'custom_field_23347', 'name': 'Sales Person'}, {'id': 'custom_field_23167', 'name': 'National ID'}, {'id': 'custom_field_23348', 'name': 'Sales Person(Agent/TL/RO)'}]",KE,JAMES MONARI AYATA,OBAGA,HERSI COMPUTERS,1000477,Male,1,0720319183,JMONARI08@GMAIL.COM,01/01/1958,32384,NAIROBI,"KAYOLE, STREET - TUSHAURIANE",00200,0729008603,,GOOD,6819a4d9a70c3-11292108.jpg,,,[97469],0667604,PETER MATUYIA,"[{'file_id': 8040493, 's3_link': 'https://loandisk-borrowers.s3.amazonaws.com/James%20Obaga%20-%20ID%20%26%20KRA%20Pin-11292072.pdf?response-content-disposition=attachment%3B%20filename%3D%22James%2520Obaga%2520-%2520ID%2520%2526%2520KRA%2520Pin.pdf%22&X-Amz-Content-Sha256=UNSIGNED-PAYLOAD&X-Amz-Algorithm=AWS4-HMAC-SHA256&X-Amz-Credential=AKIAYUBLFC5TP3LJIQ5H%2F20251003%2Fus-east-1%2Fs3%2Faws4_request&X-Amz-Date=20251003T135112Z&X-Amz-SignedHeaders=host&X-Amz-Expires=28800&X-Amz-Signature=063cee12af55f19f5406f2c0b56d0848c11b1aaabc3506b155ac68ce8f396300', 'name': 'James Obaga - ID & KRA Pin.pdf'}, {'file_id': 8040494, 's3_link': 'https://loandisk-borrowers.s3.amazonaws.com/James%20Obaga%20-%20IPF%20Form-11292077.pdf?response-content-disposition=attachment%3B%20filename%3D%22James%2520Obaga%2520-%2520IPF%2520Form.pdf%22&X-Amz-Content-Sha256=UNSIGNED-PAYLOAD&X-Amz-Algorithm=AWS4-HMAC-SHA256&X-Amz-Credential=AKIAYUBLFC5TP3LJIQ5H%2F20251003%2Fus-east-1%2Fs3%2Faws4_request&X-Amz-Date=20251003T135112Z&X-Amz-SignedHeaders=host&X-Amz-Expires=28800&X-Amz-Signature=ac1f8337ce6598f34660569264c2a250200b763ad393dc5df21955efba1c0f5c', 'name': 'James Obaga - IPF Form.pdf'}, {'file_id': 8040495, 's3_link': 'https://loandisk-borrowers.s3.amazonaws.com/James%20Obaga%20-%20Motor%20Vehicle-11292085.jpg?response-content-disposition=attachment%3B%20filename%3D%22James%2520Obaga%2520-%2520Motor%2520Vehicle.jpg%22&X-Amz-Content-Sha256=UNSIGNED-PAYLOAD&X-Amz-Algorithm=AWS4-HMAC-SHA256&X-Amz-Credential=AKIAYUBLFC5TP3LJIQ5H%2F20251003%2Fus-east-1%2Fs3%2Faws4_request&X-Amz-Date=20251003T135112Z&X-Amz-SignedHeaders=host&X-Amz-Expires=28800&X-Amz-Signature=2e05f1100d29e65236d2842ef6b69fa93e16de1c6d4b2cf61697a2ff049a48fa', 'name': 'James Obaga - Motor Vehicle.jpg'}, {'file_id': 8040496, 's3_link': 'https://loandisk-borrowers.s3.amazonaws.com/James%20Obaga%20-%20Passport%20Photo-11292086.jpg?response-content-disposition=attachment%3B%20filename%3D%22James%2520Obaga%2520-%2520Passport%2520Photo.jpg%22&X-Amz-Content-Sha256=UNSIGNED-PAYLOAD&X-Amz-Algorithm=AWS4-HMAC-SHA256&X-Amz-Credential=AKIAYUBLFC5TP3LJIQ5H%2F20251003%2Fus-east-1%2Fs3%2Faws4_request&X-Amz-Date=20251003T135112Z&X-Amz-SignedHeaders=host&X-Amz-Expires=28800&X-Amz-Signature=719a6c2520439b9d8cb111b4a00b44f7bd7690d21008c2101b6ae0f9b6bd3b1b', 'name': 'James Obaga - Passport Photo.jpg'}, {'file_id': 8040497, 's3_link': 'https://loandisk-borrowers.s3.amazonaws.com/James%20Obaga%20-%20Loan%20Form-11292081.pdf?response-content-disposition=attachment%3B%20filename%3D%22James%2520Obaga%2520-%2520Loan%2520Form.pdf%22&X-Amz-Content-Sha256=UNSIGNED-PAYLOAD&X-Amz-Algorithm=AWS4-HMAC-SHA256&X-Amz-Credential=AKIAYUBLFC5TP3LJIQ5H%2F20251003%2Fus-east-1%2Fs3%2Faws4_request&X-Amz-Date=20251003T135112Z&X-Amz-SignedHeaders=host&X-Amz-Expires=28800&X-Amz-Signature=c3c0a47cdf7a80d9541fb2e005c8c2c34edc3d36319043c799d67d5e8f3860c1', 'name': 'James Obaga - Loan Form.pdf'}, {'file_id': 8040498, 's3_link': 'https://loandisk-borrowers.s3.amazonaws.com/James%20Obaga-%20Offer%20Letter-11292088.pdf?response-content-disposition=attachment%3B%20filename%3D%22James%2520Obaga-%2520Offer%2520Letter.pdf%22&X-Amz-Content-Sha256=UNSIGNED-PAYLOAD&X-Amz-Algorithm=AWS4-HMAC-SHA256&X-Amz-Credential=AKIAYUBLFC5TP3LJIQ5H%2F20251003%2Fus-east-1%2Fs3%2Faws4_request&X-Amz-Date=20251003T135112Z&X-Amz-SignedHeaders=host&X-Amz-Expires=28800&X-Amz-Signature=53211f9bb3deaf627a0ce0439291df21638954462ef20c8fea0b253fc4838c49', 'name': 'James Obaga- Offer Letter.pdf'}, {'file_id': 8040499, 's3_link': 'https://loandisk-borrowers.s3.amazonaws.com/James%20Obaga%20-%20Security%20Agreement-11292087.pdf?response-content-disposition=attachment%3B%20filename%3D%22James%2520Obaga%2520-%2520Security%2520Agreement.pdf%22&X-Amz-Content-Sha256=UNSIGNED-PAYLOAD&X-Amz-Algorithm=AWS4-HMAC-SHA256&X-Amz-Credential=AKIAYUBLFC5TP3LJIQ5H%2F20251003%2Fus-east-1%2Fs3%2Faws4_request&X-Amz-Date=20251003T135112Z&X-Amz-SignedHeaders=host&X-Amz-Expires=28800&X-Amz-Signature=a50f12a922f219061e24434237359fe3a4797a49ced4e71a5b5b2d3cc0ce9c52', 'name': 'James Obaga - Security Agreement.pdf'}, {'file_id': 8041373, 's3_link': 'https://loandisk-borrowers.s3.amazonaws.com/James%20Obaga%20-%20Data%20portability%20form.%20Transfer%20of%20ownership%20form%20%26%20tape%20lift-11293139.pdf?response-content-disposition=attachment%3B%20filename%3D%22James%2520Obaga%2520-%2520Data%2520portability%2520form.%2520Transfer%2520of%2520ownership%2520form%2520%2526%2520tape%2520lift.pdf%22&X-Amz-Content-Sha256=UNSIGNED-PAYLOAD&X-Amz-Algorithm=AWS4-HMAC-SHA256&X-Amz-Credential=AKIAYUBLFC5TP3LJIQ5H%2F20251003%2Fus-east-1%2Fs3%2Faws4_request&X-Amz-Date=20251003T135112Z&X-Amz-SignedHeaders=host&X-Amz-Expires=28800&X-Amz-Signature=d0b6bc308d14187cd90f66987022fe4ccc7d41e40ba7ca8dfa49e1224df94fb2', 'name': 'James Obaga - Data portability form. Transfer of ownership form & tape lift.pdf'}]",https://loandisk-borrowers-photo-thumbnails.s3.amazonaws.com/6819a4d9a70c3-11292108.jpg?X-Amz-Content-Sha256=UNSIGNED-PAYLOAD&X-Amz-Algorithm=AWS4-HMAC-SHA256&X-Amz-Credential=AKIAYUBLFC5TP3LJIQ5H%2F20251003%2Fus-east-1%2Fs3%2Faws4_request&X-Amz-Date=20251003T135112Z&X-Amz-SignedHeaders=host&X-Amz-Expires=28800&X-Amz-Signature=0375685c709c126d95822696096c341715a66161f5121fa052ca03e97e44e6a5,"[{'file_id': 8040250, 's3_link': 'https://loandisk-loans.s3.amazonaws.com/James%20Obaga%20-%20ID%20%26%20KRA%20Pin-11291832.pdf?response-content-disposition=attachment%3B%20filename%3D%22James%2520Obaga%2520-%2520ID%2520%2526%2520KRA%2520Pin.pdf%22&X-Amz-Content-Sha256=UNSIGNED-PAYLOAD&X-Amz-Algorithm=AWS4-HMAC-SHA256&X-Amz-Credential=AKIAYUBLFC5TP3LJIQ5H%2F20251003%2Fus-east-1%2Fs3%2Faws4_request&X-Amz-Date=20251003T135112Z&X-Amz-SignedHeaders=host&X-Amz-Expires=28800&X-Amz-Signature=fdd2fcb907643fb591e4b1ae3cdc9577796453b658d4cb54962c71cb96c3d43f', 'name': 'James Obaga - ID & KRA Pin.pdf'}, {'file_id': 8040251, 's3_link': 'https://loandisk-loans.s3.amazonaws.com/James%20Obaga%20-%20Motor%20Vehicle-11291835.jpg?response-content-disposition=attachment%3B%20filename%3D%22James%2520Obaga%2520-%2520Motor%2520Vehicle.jpg%22&X-Amz-Content-Sha256=UNSIGNED-PAYLOAD&X-Amz-Algorithm=AWS4-HMAC-SHA256&X-Amz-Credential=AKIAYUBLFC5TP3LJIQ5H%2F20251003%2Fus-east-1%2Fs3%2Faws4_request&X-Amz-Date=20251003T135112Z&X-Amz-SignedHeaders=host&X-Amz-Expires=28800&X-Amz-Signature=9059d402d95fc6400571f50feed271bc5c43fd4e0cefcbf6de89292958df4df6', 'name': 'James Obaga - Motor Vehicle.jpg'}, {'file_id': 8040252, 's3_link': 'https://loandisk-loans.s3.amazonaws.com/James%20Obaga%20-%20Loan%20Form-11291834.pdf?response-content-disposition=attachment%3B%20filename%3D%22James%2520Obaga%2520-%2520Loan%2520Form.pdf%22&X-Amz-Content-Sha256=UNSIGNED-PAYLOAD&X-Amz-Algorithm=AWS4-HMAC-SHA256&X-Amz-Credential=AKIAYUBLFC5TP3LJIQ5H%2F20251003%2Fus-east-1%2Fs3%2Faws4_request&X-Amz-Date=20251003T135112Z&X-Amz-SignedHeaders=host&X-Amz-Expires=28800&X-Amz-Signature=fedee5980c0a7e619194a4973bed631bf79dd89f6155e1946a1cc141a1d2da17', 'name': 'James Obaga - Loan Form.pdf'}, {'file_id': 8040253, 's3_link': 'https://loandisk-loans.s3.amazonaws.com/James%20Obaga%20-%20Passport%20Photo-11291836.jpg?response-content-disposition=attachment%3B%20filename%3D%22James%2520Obaga%2520-%2520Passport%2520Photo.jpg%22&X-Amz-Content-Sha256=UNSIGNED-PAYLOAD&X-Amz-Algorithm=AWS4-HMAC-SHA256&X-Amz-Credential=AKIAYUBLFC5TP3LJIQ5H%2F20251003%2Fus-east-1%2Fs3%2Faws4_request&X-Amz-Date=20251003T135112Z&X-Amz-SignedHeaders=host&X-Amz-Expires=28800&X-Amz-Signature=ea4751e6776eb5162f3e8cd0c5ba3caa40f868eb40f8a9007a5c65fdbf455736', 'name': 'James Obaga - Passport Photo.jpg'}, {'file_id': 8040254, 's3_link': 'https://loandisk-loans.s3.amazonaws.com/James%20Obaga-%20Offer%20Letter-11291838.pdf?response-content-disposition=attachment%3B%20filename%3D%22James%2520Obaga-%2520Offer%2520Letter.pdf%22&X-Amz-Content-Sha256=UNSIGNED-PAYLOAD&X-Amz-Algorithm=AWS4-HMAC-SHA256&X-Amz-Credential=AKIAYUBLFC5TP3LJIQ5H%2F20251003%2Fus-east-1%2Fs3%2Faws4_request&X-Amz-Date=20251003T135112Z&X-Amz-SignedHeaders=host&X-Amz-Expires=28800&X-Amz-Signature=d93b3be2b4d5803a3ce722e0536b516fbabde0a97d39a0254aa9c7473f104c4b', 'name': 'James Obaga- Offer Letter.pdf'}, {'file_id': 8040255, 's3_link': 'https://loandisk-loans.s3.amazonaws.com/James%20Obaga%20-%20IPF%20Form-11291833.pdf?response-content-disposition=attachment%3B%20filename%3D%22James%2520Obaga%2520-%2520IPF%2520Form.pdf%22&X-Amz-Content-Sha256=UNSIGNED-PAYLOAD&X-Amz-Algorithm=AWS4-HMAC-SHA256&X-Amz-Credential=AKIAYUBLFC5TP3LJIQ5H%2F20251003%2Fus-east-1%2Fs3%2Faws4_request&X-Amz-Date=20251003T135112Z&X-Amz-SignedHeaders=host&X-Amz-Expires=28800&X-Amz-Signature=cb29fb7600f20089c65371f6c8cf080d0d2ebfaadf52094373ddc3d969417aa7', 'name': 'James Obaga - IPF Form.pdf'}, {'file_id': 8040256, 's3_link': 'https://loandisk-loans.s3.amazonaws.com/James%20Obaga%20-%20Security%20Agreement-11291837.pdf?response-content-disposition=attachment%3B%20filename%3D%22James%2520Obaga%2520-%2520Security%2520Agreement.pdf%22&X-Amz-Content-Sha256=UNSIGNED-PAYLOAD&X-Amz-Algorithm=AWS4-HMAC-SHA256&X-Amz-Credential=AKIAYUBLFC5TP3LJIQ5H%2F20251003%2Fus-east-1%2Fs3%2Faws4_request&X-Amz-Date=20251003T135112Z&X-Amz-SignedHeaders=host&X-Amz-Expires=28800&X-Amz-Signature=55e4866befcbc16e857796fed4922ad39bae3812c3516501385c0e6bbc1b1dfb', 'name': 'James Obaga - Security Agreement.pdf'}, {'file_id': 8041452, 's3_link': 'https://loandisk-loans.s3.amazonaws.com/James%20Obaga%20-%20Data%20portability%20form.%20Transfer%20of%20ownership%20form%20%26%20tape%20lift-11293234.pdf?response-content-disposition=attachment%3B%20filename%3D%22James%2520Obaga%2520-%2520Data%2520portability%2520form.%2520Transfer%2520of%2520ownership%2520form%2520%2526%2520tape%2520lift.pdf%22&X-Amz-Content-Sha256=UNSIGNED-PAYLOAD&X-Amz-Algorithm=AWS4-HMAC-SHA256&X-Amz-Credential=AKIAYUBLFC5TP3LJIQ5H%2F20251003%2Fus-east-1%2Fs3%2Faws4_request&X-Amz-Date=20251003T135112Z&X-Amz-SignedHeaders=host&X-Amz-Expires=28800&X-Amz-Signature=9ac2a3b7d8a0bb5599c5394b6e5c9808cbcac2f07f7f88ad80bd146addaddb77', 'name': 'James Obaga - Data portability form. Transfer of ownership form & tape lift.pdf'}]",PETER MATUYIA,,27133
8367597,240139,6444011,1003729,27999,85645.00,17130.00,02/05/2025,flat_rate,percentage,Month,2.0000,Months,10,3,10,0.00,round_off_to_integer,,0.0,0.0,0.0,,0.00,0.00,,0.00,0.0,charge_interest_normally,charge_principal_normally,0.00,0.0,0.0,0.0,0.0,0.0,,0.0,0.0000,0.0,,,0.0,0.0,,103775.00,41512,10378,51890.0,42825.0,8565.0,500.0,0.0,123,85645.0,17130.0,1000.0,0.0,[],103775.00,02/03/2026,0.00,5,,0,,0,,0,distribute_fees_evenly,1000.00,,0,,0,,0,,0,,0,,0,,0,,0,0,0,0,0,0,0,0,0,0,0,0,0.00,1,0.0,,,"[{'id': 'custom_field_23347', 'name': 'Sales Person'}, {'id': 'custom_field_23167', 'name': 'National ID'}, {'id': 'custom_field_23348', 'name': 'Sales Person(Agent/TL/RO)'}]",KE,JAMES MONARI AYATA,OBAGA,HERSI COMPUTERS,1000477,Male,1,0720319183,JMONARI08@GMAIL.COM,01/01/1958,32384,NAIROBI,"KAYOLE, STREET - TUSHAURIANE",00200,0729008603,,GOOD,6819a4d9a70c3-11292108.jpg,,,[97469],0667604,PETER MATUYIA,"[{'file_id': 8040493, 's3_link': 'https://loandisk-borrowers.s3.amazonaws.com/James%20Obaga%20-%20ID%20%26%20KRA%20Pin-11292072.pdf?response-content-disposition=attachment%3B%20filename%3D%22James%2520Obaga%2520-%2520ID%2520%2526%2520KRA%2520Pin.pdf%22&X-Amz-Content-Sha256=UNSIGNED-PAYLOAD&X-Amz-Algorithm=AWS4-HMAC-SHA256&X-Amz-Credential=AKIAYUBLFC5TP3LJIQ5H%2F20251003%2Fus-east-1%2Fs3%2Faws4_request&X-Amz-Date=20251003T135112Z&X-Amz-SignedHeaders=host&X-Amz-Expires=28800&X-Amz-Signature=063cee12af55f19f5406f2c0b56d0848c11b1aaabc3506b155ac68ce8f396300', 'name': 'James Obaga - ID & KRA Pin.pdf'}, {'file_id': 8040494, 's3_link': 'https://loandisk-borrowers.s3.amazonaws.com/James%20Obaga%20-%20IPF%20Form-11292077.pdf?response-content-disposition=attachment%3B%20filename%3D%22James%2520Obaga%2520-%2520IPF%2520Form.pdf%22&X-Amz-Content-Sha256=UNSIGNED-PAYLOAD&X-Amz-Algorithm=AWS4-HMAC-SHA256&X-Amz-Credential=AKIAYUBLFC5TP3LJIQ5H%2F20251003%2Fus-east-1%2Fs3%2Faws4_request&X-Amz-Date=20251003T135112Z&X-Amz-SignedHeaders=host&X-Amz-Expires=28800&X-Amz-Signature=ac1f8337ce6598f34660569264c2a250200b763ad393dc5df21955efba1c0f5c', 'name': 'James Obaga - IPF Form.pdf'}, {'file_id': 8040495, 's3_link': 'https://loandisk-borrowers.s3.amazonaws.com/James%20Obaga%20-%20Motor%20Vehicle-11292085.jpg?response-content-disposition=attachment%3B%20filename%3D%22James%2520Obaga%2520-%2520Motor%2520Vehicle.jpg%22&X-Amz-Content-Sha256=UNSIGNED-PAYLOAD&X-Amz-Algorithm=AWS4-HMAC-SHA256&X-Amz-Credential=AKIAYUBLFC5TP3LJIQ5H%2F20251003%2Fus-east-1%2Fs3%2Faws4_request&X-Amz-Date=20251003T135112Z&X-Amz-SignedHeaders=host&X-Amz-Expires=28800&X-Amz-Signature=2e05f1100d29e65236d2842ef6b69fa93e16de1c6d4b2cf61697a2ff049a48fa', 'name': 'James Obaga - Motor Vehicle.jpg'}, {'file_id': 8040496, 's3_link': 'https://loandisk-borrowers.s3.amazonaws.com/James%20Obaga%20-%20Passport%20Photo-11292086.jpg?response-content-disposition=attachment%3B%20filename%3D%22James%2520Obaga%2520-%2520Passport%2520Photo.jpg%22&X-Amz-Content-Sha256=UNSIGNED-PAYLOAD&X-Amz-Algorithm=AWS4-HMAC-SHA256&X-Amz-Credential=AKIAYUBLFC5TP3LJIQ5H%2F20251003%2Fus-east-1%2Fs3%2Faws4_request&X-Amz-Date=20251003T135112Z&X-Amz-SignedHeaders=host&X-Amz-Expires=28800&X-Amz-Signature=719a6c2520439b9d8cb111b4a00b44f7bd7690d21008c2101b6ae0f9b6bd3b1b', 'name': 'James Obaga - Passport Photo.jpg'}, {'file_id': 8040497, 's3_link': 'https://loandisk-borrowers.s3.amazonaws.com/James%20Obaga%20-%20Loan%20Form-11292081.pdf?response-content-disposition=attachment%3B%20filename%3D%22James%2520Obaga%2520-%2520Loan%2520Form.pdf%22&X-Amz-Content-Sha256=UNSIGNED-PAYLOAD&X-Amz-Algorithm=AWS4-HMAC-SHA256&X-Amz-Credential=AKIAYUBLFC5TP3LJIQ5H%2F20251003%2Fus-east-1%2Fs3%2Faws4_request&X-Amz-Date=20251003T135112Z&X-Amz-SignedHeaders=host&X-Amz-Expires=28800&X-Amz-Signature=c3c0a47cdf7a80d9541fb2e005c8c2c34edc3d36319043c799d67d5e8f3860c1', 'name': 'James Obaga - Loan Form.pdf'}, {'file_id': 8040498, 's3_link': 'https://loandisk-borrowers.s3.amazonaws.com/James%20Obaga-%20Offer%20Letter-11292088.pdf?response-content-disposition=attachment%3B%20filename%3D%22James%2520Obaga-%2520Offer%2520Letter.pdf%22&X-Amz-Content-Sha256=UNSIGNED-PAYLOAD&X-Amz-Algorithm=AWS4-HMAC-SHA256&X-Amz-Credential=AKIAYUBLFC5TP3LJIQ5H%2F20251003%2Fus-east-1%2Fs3%2Faws4_request&X-Amz-Date=20251003T135112Z&X-Amz-SignedHeaders=host&X-Amz-Expires=28800&X-Amz-Signature=53211f9bb3deaf627a0ce0439291df21638954462ef20c8fea0b253fc4838c49', 'name': 'James Obaga- Offer Letter.pdf'}, {'file_id': 8040499, 's3_link': 'https://loandisk-borrowers.s3.amazonaws.com/James%20Obaga%20-%20Security%20Agreement-11292087.pdf?response-content-disposition=attachment%3B%20filename%3D%22James%2520Obaga%2520-%2520Security%2520Agreement.pdf%22&X-Amz-Content-Sha256=UNSIGNED-PAYLOAD&X-Amz-Algorithm=AWS4-HMAC-SHA256&X-Amz-Credential=AKIAYUBLFC5TP3LJIQ5H%2F20251003%2Fus-east-1%2Fs3%2Faws4_request&X-Amz-Date=20251003T135112Z&X-Amz-SignedHeaders=host&X-Amz-Expires=28800&X-Amz-Signature=a50f12a922f219061e24434237359fe3a4797a49ced4e71a5b5b2d3cc0ce9c52', 'name': 'James Obaga - Security Agreement.pdf'}, {'file_id': 8041373, 's3_link': 'https://loandisk-borrowers.s3.amazonaws.com/James%20Obaga%20-%20Data%20portability%20form.%20Transfer%20of%20ownership%20form%20%26%20tape%20lift-11293139.pdf?response-content-disposition=attachment%3B%20filename%3D%22James%2520Obaga%2520-%2520Data%2520portability%2520form.%2520Transfer%2520of%2520ownership%2520form%2520%2526%2520tape%2520lift.pdf%22&X-Amz-Content-Sha256=UNSIGNED-PAYLOAD&X-Amz-Algorithm=AWS4-HMAC-SHA256&X-Amz-Credential=AKIAYUBLFC5TP3LJIQ5H%2F20251003%2Fus-east-1%2Fs3%2Faws4_request&X-Amz-Date=20251003T135112Z&X-Amz-SignedHeaders=host&X-Amz-Expires=28800&X-Amz-Signature=d0b6bc308d14187cd90f66987022fe4ccc7d41e40ba7ca8dfa49e1224df94fb2', 'name': 'James Obaga - Data portability form. Transfer of ownership form & tape lift.pdf'}]",https://loandisk-borrowers-photo-thumbnails.s3.amazonaws.com/6819a4d9a70c3-11292108.jpg?X-Amz-Content-Sha256=UNSIGNED-PAYLOAD&X-Amz-Algorithm=AWS4-HMAC-SHA256&X-Amz-Credential=AKIAYUBLFC5TP3LJIQ5H%2F20251003%2Fus-east-1%2Fs3%2Faws4_request&X-Amz-Date=20251003T135112Z&X-Amz-SignedHeaders=host&X-Amz-Expires=28800&X-Amz-Signature=0375685c709c126d95822696096c341715a66161f5121fa052ca03e97e44e6a5,,PETER MATUYIA,,27133
8467936,240140,6487537,1003823,27999,42623.00,5118.00,21/05/2025,flat_rate,percentage,Month,2.0000,Months,6,3,6,0.00,round_off_to_integer,,0.0,0.0,0.0,,0.00,0.00,,0.00,0.0,charge_interest_normally,charge_principal_normally,0.00,0.0,0.0,0.0,0.0,0.0,,0.0,0.0000,0.0,,,0.0,0.0,,48741.00,12972,8124,21096.0,19056.0,1706.0,334.0,0.0,74,33263.0,3412.0,666.0,0.0,[],37341.00,21/11/2025,11400.00,5,,0,,0,,0,distribute_fees_evenly,1000.00,,0,,0,,0,,0,,0,,0,,0,,0,0,0,0,0,0,0,0,0,0,0,0,0.00,1,0.0,,,"[{'id': 'custom_field_23347', 'name': 'Sales Person'}, {'id': 'custom_field_23167', 'name': 'National ID'}, {'id': 'custom_field_23348', 'name': 'Sales Person(Agent/TL/RO)'}]",KE,GEORGE RUNGEE,ITHONGA,,1000484,Male,1,0757200084,georgerungee@gmail.com,,,,,,,,GOOD,,,,[97469],30377887,MIRIAM NJERI,,,,MIRIAM NJERI,,27133
8524339,36800,6507277,1003875,27999,600000.00,288000.00,30/05/2025,flat_rate,percentage,Month,4.0000,Months,12,3,12,0.00,round_off_to_two_decimal,,,,,,,,,,,,,,,,,,,,,,,,,,,,925100.00,77500,500,78000.0,50000.0,24000.0,3000.0,1000.0,3,450000.0,216000.0,27000.0,1000.0,[],694000.00,30/05/2026,231100.00,5,,0,,0,,0,,0,,0,,0,,0,,0,,0,,0,,0,distribute_fees_evenly,36000.00,0,0,0,0,0,0,0,0,0,0,0,0.00,1,,,,"[{'id': 'custom_field_23347', 'name': 'Sales Person'}, {'id': 'custom_field_23167', 'name': 'National ID'}, {'id': 'custom_field_23348', 'name': 'Sales Person(Agent/TL/RO)'}]",KE,BENSON KANANU,MWENDA,SOFTWARE ENGINEER,1000492,Male,1,0721716233,BENMWENDA83@GMAIL.COM,30/10/1992,53994,NAIROBI,"USIU ROAD, RADWOOD ESTATE",00200,0743333600,,GOOD,684026a645db0-11595578.jpg,,,[17027],29833717,DIANA SIGEI,"[{'file_id': 8248532, 's3_link': 'https://loandisk-borrowers.s3.amazonaws.com/Benson%20Mwenda%20-%20IPF%20Form-11595566.pdf?response-content-disposition=attachment%3B%20filename%3D%22Benson%2520Mwenda%2520-%2520IPF%2520Form.pdf%22&X-Amz-Content-Sha256=UNSIGNED-PAYLOAD&X-Amz-Algorithm=AWS4-HMAC-SHA256&X-Amz-Credential=AKIAYUBLFC5TP3LJIQ5H%2F20251003%2Fus-east-1%2Fs3%2Faws4_request&X-Amz-Date=20251003T135113Z&X-Amz-SignedHeaders=host&X-Amz-Expires=28800&X-Amz-Signature=af636ecbd2861818f6b1329c568d8a186775c86fc293f93b3a2c5671034e8785', 'name': 'Benson Mwenda - IPF Form.pdf'}, {'file_id': 8248533, 's3_link': 'https://loandisk-borrowers.s3.amazonaws.com/Benson%20Mwenda%20-%20Logbook%2C%20ID%20%26%20KRA%20Pin-11595568.pdf?response-content-disposition=attachment%3B%20filename%3D%22Benson%2520Mwenda%2520-%2520Logbook%252C%2520ID%2520%2526%2520KRA%2520Pin.pdf%22&X-Amz-Content-Sha256=UNSIGNED-PAYLOAD&X-Amz-Algorithm=AWS4-HMAC-SHA256&X-Amz-Credential=AKIAYUBLFC5TP3LJIQ5H%2F20251003%2Fus-east-1%2Fs3%2Faws4_request&X-Amz-Date=20251003T135113Z&X-Amz-SignedHeaders=host&X-Amz-Expires=28800&X-Amz-Signature=5969b904002d312a412aad84344570d25b96d87e6db42e2934816c6b79548a76', 'name': 'Benson Mwenda - Logbook, ID & KRA Pin.pdf'}, {'file_id': 8248534, 's3_link': 'https://loandisk-borrowers.s3.amazonaws.com/Benson%20Mwenda%20-%20Motor%20Vehicle-11595569.jpg?response-content-disposition=attachment%3B%20filename%3D%22Benson%2520Mwenda%2520-%2520Motor%2520Vehicle.jpg%22&X-Amz-Content-Sha256=UNSIGNED-PAYLOAD&X-Amz-Algorithm=AWS4-HMAC-SHA256&X-Amz-Credential=AKIAYUBLFC5TP3LJIQ5H%2F20251003%2Fus-east-1%2Fs3%2Faws4_request&X-Amz-Date=20251003T135113Z&X-Amz-SignedHeaders=host&X-Amz-Expires=28800&X-Amz-Signature=2c05c9c91393c24b6ae04788fcfab7c449fa6260168aaa48ae19d1fe1e72b026', 'name': 'Benson Mwenda - Motor Vehicle.jpg'}, {'file_id': 8248535, 's3_link': 'https://loandisk-borrowers.s3.amazonaws.com/Benson%20Mwenda%20-%20Loan%20Form-11595567.pdf?response-content-disposition=attachment%3B%20filename%3D%22Benson%2520Mwenda%2520-%2520Loan%2520Form.pdf%22&X-Amz-Content-Sha256=UNSIGNED-PAYLOAD&X-Amz-Algorithm=AWS4-HMAC-SHA256&X-Amz-Credential=AKIAYUBLFC5TP3LJIQ5H%2F20251003%2Fus-east-1%2Fs3%2Faws4_request&X-Amz-Date=20251003T135113Z&X-Amz-SignedHeaders=host&X-Amz-Expires=28800&X-Amz-Signature=b126a56edc34a5865bf36c5c00e07696571b1b6bbe343ba87253390b194d0c15', 'name': 'Benson Mwenda - Loan Form.pdf'}, {'file_id': 8248536, 's3_link': 'https://loandisk-borrowers.s3.amazonaws.com/Benson%20Mwenda%20-%20Passport%20Photo-11595572.jpg?response-content-disposition=attachment%3B%20filename%3D%22Benson%2520Mwenda%2520-%2520Passport%2520Photo.jpg%22&X-Amz-Content-Sha256=UNSIGNED-PAYLOAD&X-Amz-Algorithm=AWS4-HMAC-SHA256&X-Amz-Credential=AKIAYUBLFC5TP3LJIQ5H%2F20251003%2Fus-east-1%2Fs3%2Faws4_request&X-Amz-Date=20251003T135113Z&X-Amz-SignedHeaders=host&X-Amz-Expires=28800&X-Amz-Signature=300ea1a99ab6d90b29a33a3aadb8cad5f478942d5c00136b53c95281cdafb0f1', 'name': 'Benson Mwenda - Passport Photo.jpg'}, {'file_id': 8248537, 's3_link': 'https://loandisk-borrowers.s3.amazonaws.com/Benson%20Mwenda%20-%20Offer%20Letter-11595570.pdf?response-content-disposition=attachment%3B%20filename%3D%22Benson%2520Mwenda%2520-%2520Offer%2520Letter.pdf%22&X-Amz-Content-Sha256=UNSIGNED-PAYLOAD&X-Amz-Algorithm=AWS4-HMAC-SHA256&X-Amz-Credential=AKIAYUBLFC5TP3LJIQ5H%2F20251003%2Fus-east-1%2Fs3%2Faws4_request&X-Amz-Date=20251003T135113Z&X-Amz-SignedHeaders=host&X-Amz-Expires=28800&X-Amz-Signature=26d9bda78efa69b56135a111e0f0abb2ee76f00b993ee32db2e9a11a2f81bf4f', 'name': 'Benson Mwenda - Offer Letter.pdf'}, {'file_id': 8248538, 's3_link': 'https://loandisk-borrowers.s3.amazonaws.com/Benson%20Mwenda%20-%20Transfer%20of%20ownership%20form%2C%20NTSA%20Receipt%2C%20Comprehensive%20form%2C%20Motor%20Vehicle%20Records%20%26%20Data%20portability%20form-11595573.pdf?response-content-disposition=attachment%3B%20filename%3D%22Benson%2520Mwenda%2520-%2520Transfer%2520of%2520ownership%2520form%252C%2520NTSA%2520Receipt%252C%2520Comprehensive%2520form%252C%2520Motor%2520Vehicle%2520Records%2520%2526%2520Data%2520portability%2520form.pdf%22&X-Amz-Content-Sha256=UNSIGNED-PAYLOAD&X-Amz-Algorithm=AWS4-HMAC-SHA256&X-Amz-Credential=AKIAYUBLFC5TP3LJIQ5H%2F20251003%2Fus-east-1%2Fs3%2Faws4_request&X-Amz-Date=20251003T135113Z&X-Amz-SignedHeaders=host&X-Amz-Expires=28800&X-Amz-Signature=c2987b9936024a9a9f7e9b4906afbdb3c7df695a6ff207078617b91a94b4a6db', 'name': 'Benson Mwenda - Transfer of ownership form, NTSA Receipt, Comprehensive form, Motor Vehicle Records & Data portability form.pdf'}, {'file_id': 8248539, 's3_link': 'https://loandisk-borrowers.s3.amazonaws.com/Benson%20Mwenda%20-%20Valuation%20Report-11595574.pdf?response-content-disposition=attachment%3B%20filename%3D%22Benson%2520Mwenda%2520-%2520Valuation%2520Report.pdf%22&X-Amz-Content-Sha256=UNSIGNED-PAYLOAD&X-Amz-Algorithm=AWS4-HMAC-SHA256&X-Amz-Credential=AKIAYUBLFC5TP3LJIQ5H%2F20251003%2Fus-east-1%2Fs3%2Faws4_request&X-Amz-Date=20251003T135113Z&X-Amz-SignedHeaders=host&X-Amz-Expires=28800&X-Amz-Signature=21515cfef878744f6a9acf462c1a817217baa5b75cefe1ff4e48790059952eb6', 'name': 'Benson Mwenda - Valuation Report.pdf'}]",https://loandisk-borrowers-photo-thumbnails.s3.amazonaws.com/684026a645db0-11595578.jpg?X-Amz-Content-Sha256=UNSIGNED-PAYLOAD&X-Amz-Algorithm=AWS4-HMAC-SHA256&X-Amz-Credential=AKIAYUBLFC5TP3LJIQ5H%2F20251003%2Fus-east-1%2Fs3%2Faws4_request&X-Amz-Date=20251003T135113Z&X-Amz-SignedHeaders=host&X-Amz-Expires=28800&X-Amz-Signature=b039561a5fb43b4db25bd38d4a33b06e2f965a8cb3548bb9a7d4e31fdaf0500c,"[{'file_id': 8248346, 's3_link': 'https://loandisk-loans.s3.amazonaws.com/Benson%20Mwenda%20-%20IPF%20Form-11595311.pdf?response-content-disposition=attachment%3B%20filename%3D%22Benson%2520Mwenda%2520-%2520IPF%2520Form.pdf%22&X-Amz-Content-Sha256=UNSIGNED-PAYLOAD&X-Amz-Algorithm=AWS4-HMAC-SHA256&X-Amz-Credential=AKIAYUBLFC5TP3LJIQ5H%2F20251003%2Fus-east-1%2Fs3%2Faws4_request&X-Amz-Date=20251003T135113Z&X-Amz-SignedHeaders=host&X-Amz-Expires=28800&X-Amz-Signature=fbf750d228a28f7c57a098e07ce9ba33b187d94ea28a3fc09434003ae924a0a2', 'name': 'Benson Mwenda - IPF Form.pdf'}, {'file_id': 8248347, 's3_link': 'https://loandisk-loans.s3.amazonaws.com/Benson%20Mwenda%20-%20Logbook%2C%20ID%20%26%20KRA%20Pin-11595313.pdf?response-content-disposition=attachment%3B%20filename%3D%22Benson%2520Mwenda%2520-%2520Logbook%252C%2520ID%2520%2526%2520KRA%2520Pin.pdf%22&X-Amz-Content-Sha256=UNSIGNED-PAYLOAD&X-Amz-Algorithm=AWS4-HMAC-SHA256&X-Amz-Credential=AKIAYUBLFC5TP3LJIQ5H%2F20251003%2Fus-east-1%2Fs3%2Faws4_request&X-Amz-Date=20251003T135113Z&X-Amz-SignedHeaders=host&X-Amz-Expires=28800&X-Amz-Signature=3f6bfc1775e88dd9c53b1b4c13c20c53a3665c36d6c935615153cddd523f4b5d', 'name': 'Benson Mwenda - Logbook, ID & KRA Pin.pdf'}, {'file_id': 8248348, 's3_link': 'https://loandisk-loans.s3.amazonaws.com/Benson%20Mwenda%20-%20Motor%20Vehicle-11595314.jpg?response-content-disposition=attachment%3B%20filename%3D%22Benson%2520Mwenda%2520-%2520Motor%2520Vehicle.jpg%22&X-Amz-Content-Sha256=UNSIGNED-PAYLOAD&X-Amz-Algorithm=AWS4-HMAC-SHA256&X-Amz-Credential=AKIAYUBLFC5TP3LJIQ5H%2F20251003%2Fus-east-1%2Fs3%2Faws4_request&X-Amz-Date=20251003T135113Z&X-Amz-SignedHeaders=host&X-Amz-Expires=28800&X-Amz-Signature=cbf125274e4d2aac1ace88272bfd9459992c49b6814d427bd3d37f1b264aefec', 'name': 'Benson Mwenda - Motor Vehicle.jpg'}, {'file_id': 8248349, 's3_link': 'https://loandisk-loans.s3.amazonaws.com/Benson%20Mwenda%20-%20Passport%20Photo-11595316.jpg?response-content-disposition=attachment%3B%20filename%3D%22Benson%2520Mwenda%2520-%2520Passport%2520Photo.jpg%22&X-Amz-Content-Sha256=UNSIGNED-PAYLOAD&X-Amz-Algorithm=AWS4-HMAC-SHA256&X-Amz-Credential=AKIAYUBLFC5TP3LJIQ5H%2F20251003%2Fus-east-1%2Fs3%2Faws4_request&X-Amz-Date=20251003T135113Z&X-Amz-SignedHeaders=host&X-Amz-Expires=28800&X-Amz-Signature=e9abf2a8def10bb05fcc0eca6b08ffad56ab3a19caecd2af1656534d1336cd61', 'name': 'Benson Mwenda - Passport Photo.jpg'}, {'file_id': 8248350, 's3_link': 'https://loandisk-loans.s3.amazonaws.com/Benson%20Mwenda%20-%20Offer%20Letter-11595315.pdf?response-content-disposition=attachment%3B%20filename%3D%22Benson%2520Mwenda%2520-%2520Offer%2520Letter.pdf%22&X-Amz-Content-Sha256=UNSIGNED-PAYLOAD&X-Amz-Algorithm=AWS4-HMAC-SHA256&X-Amz-Credential=AKIAYUBLFC5TP3LJIQ5H%2F20251003%2Fus-east-1%2Fs3%2Faws4_request&X-Amz-Date=20251003T135113Z&X-Amz-SignedHeaders=host&X-Amz-Expires=28800&X-Amz-Signature=91127817da538162beba0f3dc4a7559eac1812e09894487bf30ee63eba6a3890', 'name': 'Benson Mwenda - Offer Letter.pdf'}, {'file_id': 8248351, 's3_link': 'https://loandisk-loans.s3.amazonaws.com/Benson%20Mwenda%20-%20Loan%20Form-11595312.pdf?response-content-disposition=attachment%3B%20filename%3D%22Benson%2520Mwenda%2520-%2520Loan%2520Form.pdf%22&X-Amz-Content-Sha256=UNSIGNED-PAYLOAD&X-Amz-Algorithm=AWS4-HMAC-SHA256&X-Amz-Credential=AKIAYUBLFC5TP3LJIQ5H%2F20251003%2Fus-east-1%2Fs3%2Faws4_request&X-Amz-Date=20251003T135113Z&X-Amz-SignedHeaders=host&X-Amz-Expires=28800&X-Amz-Signature=385599d358b01019ee23b6d44765ef1816d58b500a6523ad0b3f0d993b5e46af', 'name': 'Benson Mwenda - Loan Form.pdf'}, {'file_id': 8248352, 's3_link': 'https://loandisk-loans.s3.amazonaws.com/Benson%20Mwenda%20-%20Transfer%20of%20ownership%20form%2C%20NTSA%20Receipt%2C%20Comprehensive%20form%2C%20Motor%20Vehicle%20Records%20%26%20Data%20portability%20form-11595318.pdf?response-content-disposition=attachment%3B%20filename%3D%22Benson%2520Mwenda%2520-%2520Transfer%2520of%2520ownership%2520form%252C%2520NTSA%2520Receipt%252C%2520Comprehensive%2520form%252C%2520Motor%2520Vehicle%2520Records%2520%2526%2520Data%2520portability%2520form.pdf%22&X-Amz-Content-Sha256=UNSIGNED-PAYLOAD&X-Amz-Algorithm=AWS4-HMAC-SHA256&X-Amz-Credential=AKIAYUBLFC5TP3LJIQ5H%2F20251003%2Fus-east-1%2Fs3%2Faws4_request&X-Amz-Date=20251003T135113Z&X-Amz-SignedHeaders=host&X-Amz-Expires=28800&X-Amz-Signature=4f27d1f35684725c4083b62fc8202e538417497fc0ea1df67c162e76d3fd87af', 'name': 'Benson Mwenda - Transfer of ownership form, NTSA Receipt, Comprehensive form, Motor Vehicle Records & Data portability form.pdf'}, {'file_id': 8248353, 's3_link': 'https://loandisk-loans.s3.amazonaws.com/Benson%20Mwenda%20-%20Valuation%20Report-11595319.pdf?response-content-disposition=attachment%3B%20filename%3D%22Benson%2520Mwenda%2520-%2520Valuation%2520Report.pdf%22&X-Amz-Content-Sha256=UNSIGNED-PAYLOAD&X-Amz-Algorithm=AWS4-HMAC-SHA256&X-Amz-Credential=AKIAYUBLFC5TP3LJIQ5H%2F20251003%2Fus-east-1%2Fs3%2Faws4_request&X-Amz-Date=20251003T135113Z&X-Amz-SignedHeaders=host&X-Amz-Expires=28800&X-Amz-Signature=e4cdb21544c7d6497a40a7252363bc0141cf6a052adb73458f3ecc271dd048cc', 'name': 'Benson Mwenda - Valuation Report.pdf'}]",Diana Sigei,,27133
8524351,240139,6507277,1003876,27999,89943.00,17990.00,30/05/2025,flat_rate,percentage,Month,2.0000,Months,10,3,10,0.00,round_off_to_integer,,0.0,0.0,0.0,,0.00,0.00,,0.00,0.0,charge_interest_normally,charge_principal_normally,0.00,0.0,0.0,0.0,0.0,0.0,,0.0,0.0000,0.0,,,0.0,0.0,,108933.00,0,10893,10893.0,8994.0,1799.0,100.0,0.0,3,62961.0,12593.0,700.0,0.0,[],76254.00,30/03/2026,32679.00,5,,0,,0,,0,distribute_fees_evenly,1000.00,,0,,0,,0,,0,,0,,0,,0,,0,0,0,0,0,0,0,0,0,0,0,0,0.00,1,0.0,,,"[{'id': 'custom_field_23347', 'name': 'Sales Person'}, {'id': 'custom_field_23167', 'name': 'National ID'}, {'id': 'custom_field_23348', 'name': 'Sales Person(Agent/TL/RO)'}]",KE,BENSON KANANU,MWENDA,SOFTWARE ENGINEER,1000492,Male,1,0721716233,BENMWENDA83@GMAIL.COM,30/10/1992,53994,NAIROBI,"USIU ROAD, RADWOOD ESTATE",00200,0743333600,,GOOD,684026a645db0-11595578.jpg,,,[17027],29833717,DIANA SIGEI,"[{'file_id': 8248532, 's3_link': 'https://loandisk-borrowers.s3.amazonaws.com/Benson%20Mwenda%20-%20IPF%20Form-11595566.pdf?response-content-disposition=attachment%3B%20filename%3D%22Benson%2520Mwenda%2520-%2520IPF%2520Form.pdf%22&X-Amz-Content-Sha256=UNSIGNED-PAYLOAD&X-Amz-Algorithm=AWS4-HMAC-SHA256&X-Amz-Credential=AKIAYUBLFC5TP3LJIQ5H%2F20251003%2Fus-east-1%2Fs3%2Faws4_request&X-Amz-Date=20251003T135113Z&X-Amz-SignedHeaders=host&X-Amz-Expires=28800&X-Amz-Signature=af636ecbd2861818f6b1329c568d8a186775c86fc293f93b3a2c5671034e8785', 'name': 'Benson Mwenda - IPF Form.pdf'}, {'file_id': 8248533, 's3_link': 'https://loandisk-borrowers.s3.amazonaws.com/Benson%20Mwenda%20-%20Logbook%2C%20ID%20%26%20KRA%20Pin-11595568.pdf?response-content-disposition=attachment%3B%20filename%3D%22Benson%2520Mwenda%2520-%2520Logbook%252C%2520ID%2520%2526%2520KRA%2520Pin.pdf%22&X-Amz-Content-Sha256=UNSIGNED-PAYLOAD&X-Amz-Algorithm=AWS4-HMAC-SHA256&X-Amz-Credential=AKIAYUBLFC5TP3LJIQ5H%2F20251003%2Fus-east-1%2Fs3%2Faws4_request&X-Amz-Date=20251003T135113Z&X-Amz-SignedHeaders=host&X-Amz-Expires=28800&X-Amz-Signature=5969b904002d312a412aad84344570d25b96d87e6db42e2934816c6b79548a76', 'name': 'Benson Mwenda - Logbook, ID & KRA Pin.pdf'}, {'file_id': 8248534, 's3_link': 'https://loandisk-borrowers.s3.amazonaws.com/Benson%20Mwenda%20-%20Motor%20Vehicle-11595569.jpg?response-content-disposition=attachment%3B%20filename%3D%22Benson%2520Mwenda%2520-%2520Motor%2520Vehicle.jpg%22&X-Amz-Content-Sha256=UNSIGNED-PAYLOAD&X-Amz-Algorithm=AWS4-HMAC-SHA256&X-Amz-Credential=AKIAYUBLFC5TP3LJIQ5H%2F20251003%2Fus-east-1%2Fs3%2Faws4_request&X-Amz-Date=20251003T135113Z&X-Amz-SignedHeaders=host&X-Amz-Expires=28800&X-Amz-Signature=2c05c9c91393c24b6ae04788fcfab7c449fa6260168aaa48ae19d1fe1e72b026', 'name': 'Benson Mwenda - Motor Vehicle.jpg'}, {'file_id': 8248535, 's3_link': 'https://loandisk-borrowers.s3.amazonaws.com/Benson%20Mwenda%20-%20Loan%20Form-11595567.pdf?response-content-disposition=attachment%3B%20filename%3D%22Benson%2520Mwenda%2520-%2520Loan%2520Form.pdf%22&X-Amz-Content-Sha256=UNSIGNED-PAYLOAD&X-Amz-Algorithm=AWS4-HMAC-SHA256&X-Amz-Credential=AKIAYUBLFC5TP3LJIQ5H%2F20251003%2Fus-east-1%2Fs3%2Faws4_request&X-Amz-Date=20251003T135113Z&X-Amz-SignedHeaders=host&X-Amz-Expires=28800&X-Amz-Signature=b126a56edc34a5865bf36c5c00e07696571b1b6bbe343ba87253390b194d0c15', 'name': 'Benson Mwenda - Loan Form.pdf'}, {'file_id': 8248536, 's3_link': 'https://loandisk-borrowers.s3.amazonaws.com/Benson%20Mwenda%20-%20Passport%20Photo-11595572.jpg?response-content-disposition=attachment%3B%20filename%3D%22Benson%2520Mwenda%2520-%2520Passport%2520Photo.jpg%22&X-Amz-Content-Sha256=UNSIGNED-PAYLOAD&X-Amz-Algorithm=AWS4-HMAC-SHA256&X-Amz-Credential=AKIAYUBLFC5TP3LJIQ5H%2F20251003%2Fus-east-1%2Fs3%2Faws4_request&X-Amz-Date=20251003T135113Z&X-Amz-SignedHeaders=host&X-Amz-Expires=28800&X-Amz-Signature=300ea1a99ab6d90b29a33a3aadb8cad5f478942d5c00136b53c95281cdafb0f1', 'name': 'Benson Mwenda - Passport Photo.jpg'}, {'file_id': 8248537, 's3_link': 'https://loandisk-borrowers.s3.amazonaws.com/Benson%20Mwenda%20-%20Offer%20Letter-11595570.pdf?response-content-disposition=attachment%3B%20filename%3D%22Benson%2520Mwenda%2520-%2520Offer%2520Letter.pdf%22&X-Amz-Content-Sha256=UNSIGNED-PAYLOAD&X-Amz-Algorithm=AWS4-HMAC-SHA256&X-Amz-Credential=AKIAYUBLFC5TP3LJIQ5H%2F20251003%2Fus-east-1%2Fs3%2Faws4_request&X-Amz-Date=20251003T135113Z&X-Amz-SignedHeaders=host&X-Amz-Expires=28800&X-Amz-Signature=26d9bda78efa69b56135a111e0f0abb2ee76f00b993ee32db2e9a11a2f81bf4f', 'name': 'Benson Mwenda - Offer Letter.pdf'}, {'file_id': 8248538, 's3_link': 'https://loandisk-borrowers.s3.amazonaws.com/Benson%20Mwenda%20-%20Transfer%20of%20ownership%20form%2C%20NTSA%20Receipt%2C%20Comprehensive%20form%2C%20Motor%20Vehicle%20Records%20%26%20Data%20portability%20form-11595573.pdf?response-content-disposition=attachment%3B%20filename%3D%22Benson%2520Mwenda%2520-%2520Transfer%2520of%2520ownership%2520form%252C%2520NTSA%2520Receipt%252C%2520Comprehensive%2520form%252C%2520Motor%2520Vehicle%2520Records%2520%2526%2520Data%2520portability%2520form.pdf%22&X-Amz-Content-Sha256=UNSIGNED-PAYLOAD&X-Amz-Algorithm=AWS4-HMAC-SHA256&X-Amz-Credential=AKIAYUBLFC5TP3LJIQ5H%2F20251003%2Fus-east-1%2Fs3%2Faws4_request&X-Amz-Date=20251003T135113Z&X-Amz-SignedHeaders=host&X-Amz-Expires=28800&X-Amz-Signature=c2987b9936024a9a9f7e9b4906afbdb3c7df695a6ff207078617b91a94b4a6db', 'name': 'Benson Mwenda - Transfer of ownership form, NTSA Receipt, Comprehensive form, Motor Vehicle Records & Data portability form.pdf'}, {'file_id': 8248539, 's3_link': 'https://loandisk-borrowers.s3.amazonaws.com/Benson%20Mwenda%20-%20Valuation%20Report-11595574.pdf?response-content-disposition=attachment%3B%20filename%3D%22Benson%2520Mwenda%2520-%2520Valuation%2520Report.pdf%22&X-Amz-Content-Sha256=UNSIGNED-PAYLOAD&X-Amz-Algorithm=AWS4-HMAC-SHA256&X-Amz-Credential=AKIAYUBLFC5TP3LJIQ5H%2F20251003%2Fus-east-1%2Fs3%2Faws4_request&X-Amz-Date=20251003T135113Z&X-Amz-SignedHeaders=host&X-Amz-Expires=28800&X-Amz-Signature=21515cfef878744f6a9acf462c1a817217baa5b75cefe1ff4e48790059952eb6', 'name': 'Benson Mwenda - Valuation Report.pdf'}]",https://loandisk-borrowers-photo-thumbnails.s3.amazonaws.com/684026a645db0-11595578.jpg?X-Amz-Content-Sha256=UNSIGNED-PAYLOAD&X-Amz-Algorithm=AWS4-HMAC-SHA256&X-Amz-Credential=AKIAYUBLFC5TP3LJIQ5H%2F20251003%2Fus-east-1%2Fs3%2Faws4_request&X-Amz-Date=20251003T135113Z&X-Amz-SignedHeaders=host&X-Amz-Expires=28800&X-Amz-Signature=b039561a5fb43b4db25bd38d4a33b06e2f965a8cb3548bb9a7d4e31fdaf0500c,,Diana Sigei,,27133
8528317,36800,5330672,1003891,27996,65000.00,10400.00,31/05/2025,flat_rate,percentage,Month,4.0000,Months,4,3,4,0.00,round_off_to_two_decimal,,,,,,,,,,,,,,,,,,,,,,,,,,,,78487.50,19526.5,0,19526.5,16250.0,1976.5,0.0,1300.0,3,16250.0,1976.5,0.0,1300.0,[],19526.50,30/09/2025,58961.00,6,,0,,0,,0,,0,,0,,0,,0,,0,,0,,0,,0,,0,0,0,0,0,0,0,0,0,0,0,0,0.00,1,,,,"[{'id': 'custom_field_23347', 'name': 'Sales Person'}, {'id': 'custom_field_23167', 'name': 'National ID'}, {'id': 'custom_field_23348', 'name': 'Sales Person(Agent/TL/RO)'}]",KE,RONALD,ASAVA,,1000371,Male,1,0723812919,jncint/min@gmail.com,21/12/1983,Nairobi,Nairobi,"Nairobi, Spine road,Komarocks estate",,,,GOOD,,,,[77749],25119767,LINET NYANYA,"[{'file_id': 6528799, 's3_link': 'https://loandisk-borrowers.s3.amazonaws.com/pst%20Ronald-9071827.pdf?response-content-disposition=attachment%3B%20filename%3D%22pst%2520Ronald.pdf%22&X-Amz-Content-Sha256=UNSIGNED-PAYLOAD&X-Amz-Algorithm=AWS4-HMAC-SHA256&X-Amz-Credential=AKIAYUBLFC5TP3LJIQ5H%2F20251003%2Fus-east-1%2Fs3%2Faws4_request&X-Amz-Date=20251003T135113Z&X-Amz-SignedHeaders=host&X-Amz-Expires=28800&X-Amz-Signature=c216b20a20aac8bea21b92e9a5137e03cd9b2b3bd8f44dba746d925317cc9c34', 'name': 'pst Ronald.pdf'}, {'file_id': 6532211, 's3_link': 'https://loandisk-borrowers.s3.amazonaws.com/Ronald%20Asava%20-%20Advanced%20Offer%20Letter..-9076165.pdf?response-content-disposition=attachment%3B%20filename%3D%22Ronald%2520Asava%2520-%2520Advanced%2520Offer%2520Letter...pdf%22&X-Amz-Content-Sha256=UNSIGNED-PAYLOAD&X-Amz-Algorithm=AWS4-HMAC-SHA256&X-Amz-Credential=AKIAYUBLFC5TP3LJIQ5H%2F20251003%2Fus-east-1%2Fs3%2Faws4_request&X-Amz-Date=20251003T135113Z&X-Amz-SignedHeaders=host&X-Amz-Expires=28800&X-Amz-Signature=8325fca7bbe709dd75533c64c4eb0a034263d1099dce8be72f3c38086edd81fa', 'name': 'Ronald Asava - Advanced Offer Letter...pdf'}, {'file_id': 7234045, 's3_link': 'https://loandisk-borrowers.s3.amazonaws.com/Ronald%20Asava%20-%20Advanced%20Offer%20Letter-10099250.pdf?response-content-disposition=attachment%3B%20filename%3D%22Ronald%2520Asava%2520-%2520Advanced%2520Offer%2520Letter.pdf%22&X-Amz-Content-Sha256=UNSIGNED-PAYLOAD&X-Amz-Algorithm=AWS4-HMAC-SHA256&X-Amz-Credential=AKIAYUBLFC5TP3LJIQ5H%2F20251003%2Fus-east-1%2Fs3%2Faws4_request&X-Amz-Date=20251003T135113Z&X-Amz-SignedHeaders=host&X-Amz-Expires=28800&X-Amz-Signature=af2ac52e14b16a4ab4a0d14c674b1d2eb25731c4ed76297c2d4c65e007cf40d5', 'name': 'Ronald Asava - Advanced Offer Letter.pdf'}, {'file_id': 7848547, 's3_link': 'https://loandisk-borrowers.s3.amazonaws.com/Ronald%20Asava%20-%203rd%20Advanced%20Offer%20Letter-11007197.pdf?response-content-disposition=attachment%3B%20filename%3D%22Ronald%2520Asava%2520-%25203rd%2520Advanced%2520Offer%2520Letter.pdf%22&X-Amz-Content-Sha256=UNSIGNED-PAYLOAD&X-Amz-Algorithm=AWS4-HMAC-SHA256&X-Amz-Credential=AKIAYUBLFC5TP3LJIQ5H%2F20251003%2Fus-east-1%2Fs3%2Faws4_request&X-Amz-Date=20251003T135113Z&X-Amz-SignedHeaders=host&X-Amz-Expires=28800&X-Amz-Signature=3771fe8d0a5d18c861e3e221e907b42d20e7748365a5f0b1252bae86dc46105e', 'name': 'Ronald Asava - 3rd Advanced Offer Letter.pdf'}, {'file_id': 8285753, 's3_link': 'https://loandisk-borrowers.s3.amazonaws.com/Ronald%20Asava%20-%204th%20Advanced%20offer%20letter-11649311.pdf?response-content-disposition=attachment%3B%20filename%3D%22Ronald%2520Asava%2520-%25204th%2520Advanced%2520offer%2520letter.pdf%22&X-Amz-Content-Sha256=UNSIGNED-PAYLOAD&X-Amz-Algorithm=AWS4-HMAC-SHA256&X-Amz-Credential=AKIAYUBLFC5TP3LJIQ5H%2F20251003%2Fus-east-1%2Fs3%2Faws4_request&X-Amz-Date=20251003T135113Z&X-Amz-SignedHeaders=host&X-Amz-Expires=28800&X-Amz-Signature=b7ff682ea7300ccb21f4b23231aa1ce5b699ca885d5a758caec4cdb8e3ec0cf9', 'name': 'Ronald Asava - 4th Advanced offer letter.pdf'}, {'file_id': 8715553, 's3_link': 'https://loandisk-borrowers.s3.amazonaws.com/Ronald%20Asava%20-%20demand%20letter-12275491.pdf?response-content-disposition=attachment%3B%20filename%3D%22Ronald%2520Asava%2520-%2520demand%2520letter.pdf%22&X-Amz-Content-Sha256=UNSIGNED-PAYLOAD&X-Amz-Algorithm=AWS4-HMAC-SHA256&X-Amz-Credential=AKIAYUBLFC5TP3LJIQ5H%2F20251003%2Fus-east-1%2Fs3%2Faws4_request&X-Amz-Date=20251003T135113Z&X-Amz-SignedHeaders=host&X-Amz-Expires=28800&X-Amz-Signature=6909843c2a8214bb77ff411419c53307627ca221da1338b4a688ea32bb79efec', 'name': 'Ronald Asava - demand letter.pdf'}, {'file_id': 8841378, 's3_link': 'https://loandisk-borrowers.s3.amazonaws.com/Ronald%20Asava%20-%20advanced%20offer%20letter%20154-12453472.pdf?response-content-disposition=attachment%3B%20filename%3D%22Ronald%2520Asava%2520-%2520advanced%2520offer%2520letter%2520154.pdf%22&X-Amz-Content-Sha256=UNSIGNED-PAYLOAD&X-Amz-Algorithm=AWS4-HMAC-SHA256&X-Amz-Credential=AKIAYUBLFC5TP3LJIQ5H%2F20251003%2Fus-east-1%2Fs3%2Faws4_request&X-Amz-Date=20251003T135113Z&X-Amz-SignedHeaders=host&X-Amz-Expires=28800&X-Amz-Signature=1f07b82cca1e286fd2a16cf360d5559b76949ed40ff845ddf7db9cbab865a0c5', 'name': 'Ronald Asava - advanced offer letter 154.pdf'}]",,"[{'file_id': 8285743, 's3_link': 'https://loandisk-loans.s3.amazonaws.com/Ronald%20Asava%20-%204th%20Advanced%20offer%20letter-11649299.pdf?response-content-disposition=attachment%3B%20filename%3D%22Ronald%2520Asava%2520-%25204th%2520Advanced%2520offer%2520letter.pdf%22&X-Amz-Content-Sha256=UNSIGNED-PAYLOAD&X-Amz-Algorithm=AWS4-HMAC-SHA256&X-Amz-Credential=AKIAYUBLFC5TP3LJIQ5H%2F20251003%2Fus-east-1%2Fs3%2Faws4_request&X-Amz-Date=20251003T135113Z&X-Amz-SignedHeaders=host&X-Amz-Expires=28800&X-Amz-Signature=09f311d76dc44b70771f903503d5404241eb5a128354692a7977ccfe3067ef90', 'name': 'Ronald Asava - 4th Advanced offer letter.pdf'}]",Richard Litunya,,27133
8580394,253137,2333948,1003911,27996,300000.00,36000.00,25/05/2025,flat_rate,percentage,Month,12.0000,Months,1,3,1,0.00,round_off_to_two_decimal,,,,,,,,,,,,,,,,,,,,,,,,,,,,382928.00,82928,0,82928.0,56800.0,0.0,0.0,26128.0,100,56800.0,0.0,0.0,26128.0,"[{'loan_id': 8339037}, {'loan_id': 8202491}, {'loan_id': 7965396}, {'loan_id': 7786119}, {'loan_id': 7605856}, {'loan_id': 7478531}, {'loan_id': 7247002}, {'loan_id': 7077115}, {'loan_id': 6896516}, {'loan_id': 6714962}, {'loan_id': 6590616}, {'loan_id': 6434136}, {'loan_id': 6268185}, {'loan_id': 6093398}, {'loan_id': 5945307}, {'loan_id': 5805768}, {'loan_id': 5656811}, {'loan_id': 5510772}, {'loan_id': 5344766}, {'loan_id': 5221250}, {'loan_id': 5058133}, {'loan_id': 4848347}, {'loan_id': 4696719}, {'loan_id': 4535313}, {'loan_id': 4395197}]",82928.00,25/06/2025,300000.00,6,,0,,0,,0,,0,,0,,0,,0,,0,,0,,0,,0,,0,0,0,0,0,0,0,0,0,0,0,0,0.00,1,,,,"[{'id': 'custom_field_23347', 'name': 'Sales Person'}, {'id': 'custom_field_23167', 'name': 'National ID'}, {'id': 'custom_field_23348', 'name': 'Sales Person(Agent/TL/RO)'}]",KE,JOHN,WERE OKINGO,BUSINESSMAN,1000042,Male,1,0727411419,werejohn91@gmail.com,22/02/1991,GATUNDU NORTH KILIMONI,NAIROBI,,,0793694000,,,632c250e96dc8-3709788.jpeg,,,[97469],28258014,DIANA SIGEI,"[{'file_id': 2828981, 's3_link': 'https://loandisk-borrowers.s3.amazonaws.com/WhatsApp%20Image%202022-09-22%20at%2011.56.04%20AM-3709780.jpeg?response-content-disposition=attachment%3B%20filename%3D%22WhatsApp%2520Image%25202022-09-22%2520at%252011.56.04%2520AM.jpeg%22&X-Amz-Content-Sha256=UNSIGNED-PAYLOAD&X-Amz-Algorithm=AWS4-HMAC-SHA256&X-Amz-Credential=AKIAYUBLFC5TP3LJIQ5H%2F20251003%2Fus-east-1%2Fs3%2Faws4_request&X-Amz-Date=20251003T135113Z&X-Amz-SignedHeaders=host&X-Amz-Expires=28800&X-Amz-Signature=ee8d1087b740e23e25d854a8d7ccb223eb90787076eaf49ffc6c808a087547bb', 'name': 'WhatsApp Image 2022-09-22 at 11.56.04 AM.jpeg'}, {'file_id': 2828982, 's3_link': 'https://loandisk-borrowers.s3.amazonaws.com/WhatsApp%20Image%202022-09-22%20at%2011.56.24%20AM-3709781.jpeg?response-content-disposition=attachment%3B%20filename%3D%22WhatsApp%2520Image%25202022-09-22%2520at%252011.56.24%2520AM.jpeg%22&X-Amz-Content-Sha256=UNSIGNED-PAYLOAD&X-Amz-Algorithm=AWS4-HMAC-SHA256&X-Amz-Credential=AKIAYUBLFC5TP3LJIQ5H%2F20251003%2Fus-east-1%2Fs3%2Faws4_request&X-Amz-Date=20251003T135113Z&X-Amz-SignedHeaders=host&X-Amz-Expires=28800&X-Amz-Signature=b58e142208b8cc647d255f656244745ee58726bb5252db89e9c69642d0ee82db', 'name': 'WhatsApp Image 2022-09-22 at 11.56.24 AM.jpeg'}, {'file_id': 6654355, 's3_link': 'https://loandisk-borrowers.s3.amazonaws.com/John%20were%20-%20Demand%20Letter-9250777.pdf?response-content-disposition=attachment%3B%20filename%3D%22John%2520were%2520-%2520Demand%2520Letter.pdf%22&X-Amz-Content-Sha256=UNSIGNED-PAYLOAD&X-Amz-Algorithm=AWS4-HMAC-SHA256&X-Amz-Credential=AKIAYUBLFC5TP3LJIQ5H%2F20251003%2Fus-east-1%2Fs3%2Faws4_request&X-Amz-Date=20251003T135113Z&X-Amz-SignedHeaders=host&X-Amz-Expires=28800&X-Amz-Signature=d46fc72f81e43c0f0f29b1185837b2105f34515f3450baf72dec1ba2288c10dd', 'name': 'John were - Demand Letter.pdf'}]",https://loandisk-borrowers-photo-thumbnails.s3.amazonaws.com/632c250e96dc8-3709788.jpeg?X-Amz-Content-Sha256=UNSIGNED-PAYLOAD&X-Amz-Algorithm=AWS4-HMAC-SHA256&X-Amz-Credential=AKIAYUBLFC5TP3LJIQ5H%2F20251003%2Fus-east-1%2Fs3%2Faws4_request&X-Amz-Date=20251003T135113Z&X-Amz-SignedHeaders=host&X-Amz-Expires=28800&X-Amz-Signature=3aee232282daf51020ed2dd65a4abcc0891363a68565f754b8a019215ed5aeb0,,Diana Sigei,,27133
8624060,36800,5353666,1003955,27999,250000.00,56250.00,16/06/2025,flat_rate,percentage,Month,7.5000,Months,3,3,3,0.00,round_off_to_two_decimal,,,,,,,,,,,,,,,,,,,,,,,,,,,,387067.49,102557.48999999998,0,102557.48999999998,61627.32999999999,0.0,40313.89,616.27,17,61627.32999999999,0.0,40313.89,616.2700000000004,[],102557.49,16/09/2025,284510.00,6,,0,,0,,0,,0,,0,,0,,0,,0,,0,,0,,0,,0,0,0,0,0,0,0,0,0,0,0,0,0.00,1,,,,"[{'id': 'custom_field_23347', 'name': 'Sales Person'}, {'id': 'custom_field_23167', 'name': 'National ID'}, {'id': 'custom_field_23348', 'name': 'Sales Person(Agent/TL/RO)'}]",KE,JAPHETH,MUNYAO MAWEU,,1000375,Male,1,0724409130,japheth2016munyao@gmail.com,01/01/1982,Nakuru,Nakuru,"Nakuru, racecourse road Estate Zakayo",,,,GOOD,6641fe97bd985-7985515.jpg,,,[17027],23622636,MIRIAM NJERI,"[{'file_id': 5777755, 's3_link': 'https://loandisk-borrowers.s3.amazonaws.com/Japheth%20Munyao%20Loan%20form-7985440.pdf?response-content-disposition=attachment%3B%20filename%3D%22Japheth%2520Munyao%2520Loan%2520form.pdf%22&X-Amz-Content-Sha256=UNSIGNED-PAYLOAD&X-Amz-Algorithm=AWS4-HMAC-SHA256&X-Amz-Credential=AKIAYUBLFC5TP3LJIQ5H%2F20251003%2Fus-east-1%2Fs3%2Faws4_request&X-Amz-Date=20251003T135113Z&X-Amz-SignedHeaders=host&X-Amz-Expires=28800&X-Amz-Signature=40895e18c6b0201c00f54060a24fcc566e347328b844e554a6133155e07bae8a', 'name': 'Japheth Munyao Loan form.pdf'}, {'file_id': 5777756, 's3_link': 'https://loandisk-borrowers.s3.amazonaws.com/Japheth%20Munyao%20Offer%20letter-7985442.pdf?response-content-disposition=attachment%3B%20filename%3D%22Japheth%2520Munyao%2520Offer%2520letter.pdf%22&X-Amz-Content-Sha256=UNSIGNED-PAYLOAD&X-Amz-Algorithm=AWS4-HMAC-SHA256&X-Amz-Credential=AKIAYUBLFC5TP3LJIQ5H%2F20251003%2Fus-east-1%2Fs3%2Faws4_request&X-Amz-Date=20251003T135113Z&X-Amz-SignedHeaders=host&X-Amz-Expires=28800&X-Amz-Signature=e0f8a30d478218e6981a9d3d6716a830f63e650e4407045e2497d40822fdafc5', 'name': 'Japheth Munyao Offer letter.pdf'}, {'file_id': 6281782, 's3_link': 'https://loandisk-borrowers.s3.amazonaws.com/Japheth%20Munyao%20-%20Advanced%20Offer%20Letter-8708132.pdf?response-content-disposition=attachment%3B%20filename%3D%22Japheth%2520Munyao%2520-%2520Advanced%2520Offer%2520Letter.pdf%22&X-Amz-Content-Sha256=UNSIGNED-PAYLOAD&X-Amz-Algorithm=AWS4-HMAC-SHA256&X-Amz-Credential=AKIAYUBLFC5TP3LJIQ5H%2F20251003%2Fus-east-1%2Fs3%2Faws4_request&X-Amz-Date=20251003T135113Z&X-Amz-SignedHeaders=host&X-Amz-Expires=28800&X-Amz-Signature=d2ced672a7a04acae239d479cc847a4d03a775355cbb985b7c4c71aa80c8ad61', 'name': 'Japheth Munyao - Advanced Offer Letter.pdf'}, {'file_id': 6870602, 's3_link': 'https://loandisk-borrowers.s3.amazonaws.com/Japtheth%20Munyao%20-%20Advanced%20Offer%20Letter-9572163.pdf?response-content-disposition=attachment%3B%20filename%3D%22Japtheth%2520Munyao%2520-%2520Advanced%2520Offer%2520Letter.pdf%22&X-Amz-Content-Sha256=UNSIGNED-PAYLOAD&X-Amz-Algorithm=AWS4-HMAC-SHA256&X-Amz-Credential=AKIAYUBLFC5TP3LJIQ5H%2F20251003%2Fus-east-1%2Fs3%2Faws4_request&X-Amz-Date=20251003T135113Z&X-Amz-SignedHeaders=host&X-Amz-Expires=28800&X-Amz-Signature=598d720bb479b753b47d87c157ecbb1a56408bd4b36cf1a23720c659f8796ce1', 'name': 'Japtheth Munyao - Advanced Offer Letter.pdf'}, {'file_id': 7124023, 's3_link': 'https://loandisk-borrowers.s3.amazonaws.com/Japheth%20Munyao%20-%202nd%20Advanced%20Offer%20Letter-9936399.pdf?response-content-disposition=attachment%3B%20filename%3D%22Japheth%2520Munyao%2520-%25202nd%2520Advanced%2520Offer%2520Letter.pdf%22&X-Amz-Content-Sha256=UNSIGNED-PAYLOAD&X-Amz-Algorithm=AWS4-HMAC-SHA256&X-Amz-Credential=AKIAYUBLFC5TP3LJIQ5H%2F20251003%2Fus-east-1%2Fs3%2Faws4_request&X-Amz-Date=20251003T135113Z&X-Amz-SignedHeaders=host&X-Amz-Expires=28800&X-Amz-Signature=556e2b601617f7e294501dc29e9f0c0a5eeeaebce7c3d734d289e9b42a47cda5', 'name': 'Japheth Munyao - 2nd Advanced Offer Letter.pdf'}, {'file_id': 7731795, 's3_link': 'https://loandisk-borrowers.s3.amazonaws.com/Japheth%20Munyao%20-%203rd%20Advanced%20Offer%20Letter-10832564.pdf?response-content-disposition=attachment%3B%20filename%3D%22Japheth%2520Munyao%2520-%25203rd%2520Advanced%2520Offer%2520Letter.pdf%22&X-Amz-Content-Sha256=UNSIGNED-PAYLOAD&X-Amz-Algorithm=AWS4-HMAC-SHA256&X-Amz-Credential=AKIAYUBLFC5TP3LJIQ5H%2F20251003%2Fus-east-1%2Fs3%2Faws4_request&X-Amz-Date=20251003T135113Z&X-Amz-SignedHeaders=host&X-Amz-Expires=28800&X-Amz-Signature=46e9c2027fa60baaa75111bd3a79ae9b396ce73b0ca634057bebf371a8c6bc75', 'name': 'Japheth Munyao - 3rd Advanced Offer Letter.pdf'}, {'file_id': 8347054, 's3_link': 'https://loandisk-borrowers.s3.amazonaws.com/Japheth%20Munyao%20-%204th%20Advanced%20Offer%20letter-11734674.pdf?response-content-disposition=attachment%3B%20filename%3D%22Japheth%2520Munyao%2520-%25204th%2520Advanced%2520Offer%2520letter.pdf%22&X-Amz-Content-Sha256=UNSIGNED-PAYLOAD&X-Amz-Algorithm=AWS4-HMAC-SHA256&X-Amz-Credential=AKIAYUBLFC5TP3LJIQ5H%2F20251003%2Fus-east-1%2Fs3%2Faws4_request&X-Amz-Date=20251003T135113Z&X-Amz-SignedHeaders=host&X-Amz-Expires=28800&X-Amz-Signature=91e722fec79f92da7d5d55603392999acf1fae2ed546f24e8b1ab41d32bd5f07', 'name': 'Japheth Munyao - 4th Advanced Offer letter.pdf'}, {'file_id': 8841116, 's3_link': 'https://loandisk-borrowers.s3.amazonaws.com/Japeth%20Munyao-%20Demand%20letter-12453143.pdf?response-content-disposition=attachment%3B%20filename%3D%22Japeth%2520Munyao-%2520Demand%2520letter.pdf%22&X-Amz-Content-Sha256=UNSIGNED-PAYLOAD&X-Amz-Algorithm=AWS4-HMAC-SHA256&X-Amz-Credential=AKIAYUBLFC5TP3LJIQ5H%2F20251003%2Fus-east-1%2Fs3%2Faws4_request&X-Amz-Date=20251003T135113Z&X-Amz-SignedHeaders=host&X-Amz-Expires=28800&X-Amz-Signature=8139ee37436b35f4c7a402ff09151d8fce3d87cd6ded388d27ec09dfcbaeeeb3', 'name': 'Japeth Munyao- Demand letter.pdf'}, {'file_id': 9092480, 's3_link': 'https://loandisk-borrowers.s3.amazonaws.com/Japeth%20Munyao%20-%20Auctioneers%20Act-12821179.pdf?response-content-disposition=attachment%3B%20filename%3D%22Japeth%2520Munyao%2520-%2520Auctioneers%2520Act.pdf%22&X-Amz-Content-Sha256=UNSIGNED-PAYLOAD&X-Amz-Algorithm=AWS4-HMAC-SHA256&X-Amz-Credential=AKIAYUBLFC5TP3LJIQ5H%2F20251003%2Fus-east-1%2Fs3%2Faws4_request&X-Amz-Date=20251003T135113Z&X-Amz-SignedHeaders=host&X-Amz-Expires=28800&X-Amz-Signature=37246d9b19d2eb0eee128fe7b7dc75bfaff8e92d52e6d95796e9b95ab58a1195', 'name': 'Japeth Munyao - Auctioneers Act.pdf'}]",https://loandisk-borrowers-photo-thumbnails.s3.amazonaws.com/6641fe97bd985-7985515.jpg?X-Amz-Content-Sha256=UNSIGNED-PAYLOAD&X-Amz-Algorithm=AWS4-HMAC-SHA256&X-Amz-Credential=AKIAYUBLFC5TP3LJIQ5H%2F20251003%2Fus-east-1%2Fs3%2Faws4_request&X-Amz-Date=20251003T135113Z&X-Amz-SignedHeaders=host&X-Amz-Expires=28800&X-Amz-Signature=1215fcc221418b5b6dc2a29693b0e8a89b5b4c521e9241abfd72c219ba7da875,"[{'file_id': 8347050, 's3_link': 'https://loandisk-loans.s3.amazonaws.com/Japheth%20Munyao%20-%204th%20Advanced%20Offer%20letter-11734668.pdf?response-content-disposition=attachment%3B%20filename%3D%22Japheth%2520Munyao%2520-%25204th%2520Advanced%2520Offer%2520letter.pdf%22&X-Amz-Content-Sha256=UNSIGNED-PAYLOAD&X-Amz-Algorithm=AWS4-HMAC-SHA256&X-Amz-Credential=AKIAYUBLFC5TP3LJIQ5H%2F20251003%2Fus-east-1%2Fs3%2Faws4_request&X-Amz-Date=20251003T135113Z&X-Amz-SignedHeaders=host&X-Amz-Expires=28800&X-Amz-Signature=93e0855df7cb3cf5801e9bd337f597dcb5ef3c67d8cdfe7bd5c0bd991233c3d1', 'name': 'Japheth Munyao - 4th Advanced Offer letter.pdf'}]",Diana Sigei,,27133
8652445,36800,6494582,1003973,27999,220000.00,52800.00,20/06/2025,flat_rate,percentage,Month,4.0000,Months,6,3,6,0.00,round_off_to_two_decimal,,,,,,,,,,,,,,,,,,,,,,,,,,,,318419.26,70299.60,366.67,70666.27,36666.67,8800.0,20799.559999999998,4400.04,13,146666.66,35200.0,29799.559999999998,4400.040000000001,[],216066.26,20/12/2025,102353.00,16,,0,,0,,0,,0,,0,,0,,0,,0,,0,,0,,0,,0,0,0,0,0,0,0,0,0,0,0,0,0.00,1,,,,"[{'id': 'custom_field_23347', 'name': 'Sales Person'}, {'id': 'custom_field_23167', 'name': 'National ID'}, {'id': 'custom_field_23348', 'name': 'Sales Person(Agent/TL/RO)'}]",KE,WYLCLIFFE ALUMASA,MUSANYI,SOLID SOLUTIONS CONSTRUCTIONS,1000487,Male,1,0725861731,WYCLIFFEALUMASAMUSANYI@GMAIL.COM,28/12/1973,1155 - 621 RUAKA,NAIROBI,"RUAKA, MURIUKI ESTATE - HOUSE NO:11",00200,0718795785,,GOOD,6836b3218f552-11510504.jpg,,,[17027],14543245,DIANA SIGEI,"[{'file_id': 8194201, 's3_link': 'https://loandisk-borrowers.s3.amazonaws.com/Wycliffe%20Musanyi%20-%20Motor%20Vehicle-11510493.jpg?response-content-disposition=attachment%3B%20filename%3D%22Wycliffe%2520Musanyi%2520-%2520Motor%2520Vehicle.jpg%22&X-Amz-Content-Sha256=UNSIGNED-PAYLOAD&X-Amz-Algorithm=AWS4-HMAC-SHA256&X-Amz-Credential=AKIAYUBLFC5TP3LJIQ5H%2F20251003%2Fus-east-1%2Fs3%2Faws4_request&X-Amz-Date=20251003T135113Z&X-Amz-SignedHeaders=host&X-Amz-Expires=28800&X-Amz-Signature=983f43aea4a9e84e5391bdcb0864ac4869103e147652d9cb7a8ad3cd705b4b64', 'name': 'Wycliffe Musanyi - Motor Vehicle.jpg'}, {'file_id': 8194202, 's3_link': 'https://loandisk-borrowers.s3.amazonaws.com/Wycliffe%20Musanye%20-%20Loan%20Form-11510492.pdf?response-content-disposition=attachment%3B%20filename%3D%22Wycliffe%2520Musanye%2520-%2520Loan%2520Form.pdf%22&X-Amz-Content-Sha256=UNSIGNED-PAYLOAD&X-Amz-Algorithm=AWS4-HMAC-SHA256&X-Amz-Credential=AKIAYUBLFC5TP3LJIQ5H%2F20251003%2Fus-east-1%2Fs3%2Faws4_request&X-Amz-Date=20251003T135113Z&X-Amz-SignedHeaders=host&X-Amz-Expires=28800&X-Amz-Signature=c4487635fb167de935e6d7904f25f904b5d58e3e4cc3c5513eb89fdf2653d761', 'name': 'Wycliffe Musanye - Loan Form.pdf'}, {'file_id': 8194203, 's3_link': 'https://loandisk-borrowers.s3.amazonaws.com/Wycliffe%20Alumasa%20-%20Logbook%2C%20KRA%20Pin%2C%20ID%20and%20police%20abstract-11510491.pdf?response-content-disposition=attachment%3B%20filename%3D%22Wycliffe%2520Alumasa%2520-%2520Logbook%252C%2520KRA%2520Pin%252C%2520ID%2520and%2520police%2520abstract.pdf%22&X-Amz-Content-Sha256=UNSIGNED-PAYLOAD&X-Amz-Algorithm=AWS4-HMAC-SHA256&X-Amz-Credential=AKIAYUBLFC5TP3LJIQ5H%2F20251003%2Fus-east-1%2Fs3%2Faws4_request&X-Amz-Date=20251003T135113Z&X-Amz-SignedHeaders=host&X-Amz-Expires=28800&X-Amz-Signature=9f0e3be8b2228b149adae2060d762ce102ddf6157678afebe2c3ceb6c4f4286a', 'name': 'Wycliffe Alumasa - Logbook, KRA Pin, ID and police abstract.pdf'}, {'file_id': 8194204, 's3_link': 'https://loandisk-borrowers.s3.amazonaws.com/Wycliffe%20Musanyi%20-%20Passport%20Photo-11510496.jpg?response-content-disposition=attachment%3B%20filename%3D%22Wycliffe%2520Musanyi%2520-%2520Passport%2520Photo.jpg%22&X-Amz-Content-Sha256=UNSIGNED-PAYLOAD&X-Amz-Algorithm=AWS4-HMAC-SHA256&X-Amz-Credential=AKIAYUBLFC5TP3LJIQ5H%2F20251003%2Fus-east-1%2Fs3%2Faws4_request&X-Amz-Date=20251003T135113Z&X-Amz-SignedHeaders=host&X-Amz-Expires=28800&X-Amz-Signature=36daf85a0d0d155b83543b00749d126470a73be67174995dc67933089e5f5be0', 'name': 'Wycliffe Musanyi - Passport Photo.jpg'}, {'file_id': 8194205, 's3_link': 'https://loandisk-borrowers.s3.amazonaws.com/Wycliffe%20Musanyi%20-%20Transfer%20of%20ownership%20form%20%26%20Mpesa%20statement-11510497.pdf?response-content-disposition=attachment%3B%20filename%3D%22Wycliffe%2520Musanyi%2520-%2520Transfer%2520of%2520ownership%2520form%2520%2526%2520Mpesa%2520statement.pdf%22&X-Amz-Content-Sha256=UNSIGNED-PAYLOAD&X-Amz-Algorithm=AWS4-HMAC-SHA256&X-Amz-Credential=AKIAYUBLFC5TP3LJIQ5H%2F20251003%2Fus-east-1%2Fs3%2Faws4_request&X-Amz-Date=20251003T135113Z&X-Amz-SignedHeaders=host&X-Amz-Expires=28800&X-Amz-Signature=b857982188ddeb11fc77e6c486b89a98e77973f6bfc27ecf6fbbf281aa3e16e1', 'name': 'Wycliffe Musanyi - Transfer of ownership form & Mpesa statement.pdf'}, {'file_id': 8194206, 's3_link': 'https://loandisk-borrowers.s3.amazonaws.com/Wycliffe%20Musanyi%20-%20Valuation%20Report-11510498.pdf?response-content-disposition=attachment%3B%20filename%3D%22Wycliffe%2520Musanyi%2520-%2520Valuation%2520Report.pdf%22&X-Amz-Content-Sha256=UNSIGNED-PAYLOAD&X-Amz-Algorithm=AWS4-HMAC-SHA256&X-Amz-Credential=AKIAYUBLFC5TP3LJIQ5H%2F20251003%2Fus-east-1%2Fs3%2Faws4_request&X-Amz-Date=20251003T135113Z&X-Amz-SignedHeaders=host&X-Amz-Expires=28800&X-Amz-Signature=a1ffafa03f0143aea7cd1427cf5a0c9dcab4387196ec849d22b51ce53ce58032', 'name': 'Wycliffe Musanyi - Valuation Report.pdf'}, {'file_id': 8194207, 's3_link': 'https://loandisk-borrowers.s3.amazonaws.com/Wycliffe%20Musanyi%20-%20Offer%20Letter-11510494.pdf?response-content-disposition=attachment%3B%20filename%3D%22Wycliffe%2520Musanyi%2520-%2520Offer%2520Letter.pdf%22&X-Amz-Content-Sha256=UNSIGNED-PAYLOAD&X-Amz-Algorithm=AWS4-HMAC-SHA256&X-Amz-Credential=AKIAYUBLFC5TP3LJIQ5H%2F20251003%2Fus-east-1%2Fs3%2Faws4_request&X-Amz-Date=20251003T135113Z&X-Amz-SignedHeaders=host&X-Amz-Expires=28800&X-Amz-Signature=8cece5f54290458d431589b17102b64604e0fc429f12f6a20467494a94da84e5', 'name': 'Wycliffe Musanyi - Offer Letter.pdf'}, {'file_id': 8195535, 's3_link': 'https://loandisk-borrowers.s3.amazonaws.com/Wycliffe%20Musanyi%20-%20Valuation%20Report-11512027.pdf?response-content-disposition=attachment%3B%20filename%3D%22Wycliffe%2520Musanyi%2520-%2520Valuation%2520Report.pdf%22&X-Amz-Content-Sha256=UNSIGNED-PAYLOAD&X-Amz-Algorithm=AWS4-HMAC-SHA256&X-Amz-Credential=AKIAYUBLFC5TP3LJIQ5H%2F20251003%2Fus-east-1%2Fs3%2Faws4_request&X-Amz-Date=20251003T135113Z&X-Amz-SignedHeaders=host&X-Amz-Expires=28800&X-Amz-Signature=92b24038a6126dd23e23b42f4c799a181738309a47a9b1a3d23726b0ee97527c', 'name': 'Wycliffe Musanyi - Valuation Report.pdf'}, {'file_id': 8195550, 's3_link': 'https://loandisk-borrowers.s3.amazonaws.com/Wycliffe%20Musanyi%20-%20Security%20Agreement-11512044.pdf?response-content-disposition=attachment%3B%20filename%3D%22Wycliffe%2520Musanyi%2520-%2520Security%2520Agreement.pdf%22&X-Amz-Content-Sha256=UNSIGNED-PAYLOAD&X-Amz-Algorithm=AWS4-HMAC-SHA256&X-Amz-Credential=AKIAYUBLFC5TP3LJIQ5H%2F20251003%2Fus-east-1%2Fs3%2Faws4_request&X-Amz-Date=20251003T135113Z&X-Amz-SignedHeaders=host&X-Amz-Expires=28800&X-Amz-Signature=203dec86e7ccf16137ee5c481ce5d779a60d0ba12342c69c1cec2238a3461c81', 'name': 'Wycliffe Musanyi - Security Agreement.pdf'}, {'file_id': 8786740, 's3_link': 'https://loandisk-borrowers.s3.amazonaws.com/Wycliffe%20Alumasi%20-%20comprehensive%20insuran-12375387.pdf?response-content-disposition=attachment%3B%20filename%3D%22Wycliffe%2520Alumasi%2520-%2520comprehensive%2520insuran.pdf%22&X-Amz-Content-Sha256=UNSIGNED-PAYLOAD&X-Amz-Algorithm=AWS4-HMAC-SHA256&X-Amz-Credential=AKIAYUBLFC5TP3LJIQ5H%2F20251003%2Fus-east-1%2Fs3%2Faws4_request&X-Amz-Date=20251003T135113Z&X-Amz-SignedHeaders=host&X-Amz-Expires=28800&X-Amz-Signature=4fa146f10b95e9116c89ff9c782f503926487ccab944734fb4a80bce0ce0dcc9', 'name': 'Wycliffe Alumasi - comprehensive insuran.pdf'}, {'file_id': 8809467, 's3_link': 'https://loandisk-borrowers.s3.amazonaws.com/Wycliffe%20Alumasi-%20advanced%20100k-12407793.pdf?response-content-disposition=attachment%3B%20filename%3D%22Wycliffe%2520Alumasi-%2520advanced%2520100k.pdf%22&X-Amz-Content-Sha256=UNSIGNED-PAYLOAD&X-Amz-Algorithm=AWS4-HMAC-SHA256&X-Amz-Credential=AKIAYUBLFC5TP3LJIQ5H%2F20251003%2Fus-east-1%2Fs3%2Faws4_request&X-Amz-Date=20251003T135113Z&X-Amz-SignedHeaders=host&X-Amz-Expires=28800&X-Amz-Signature=88cdea4c05bcbd689888a3c9ac03053983ad324389fc09cd59f8271a3fbd4fc4', 'name': 'Wycliffe Alumasi- advanced 100k.pdf'}, {'file_id': 9128884, 's3_link': 'https://loandisk-borrowers.s3.amazonaws.com/Wycliffe%20Alumasa%20-%20demand%20letter%20226k-12877241.pdf?response-content-disposition=attachment%3B%20filename%3D%22Wycliffe%2520Alumasa%2520-%2520demand%2520letter%2520226k.pdf%22&X-Amz-Content-Sha256=UNSIGNED-PAYLOAD&X-Amz-Algorithm=AWS4-HMAC-SHA256&X-Amz-Credential=AKIAYUBLFC5TP3LJIQ5H%2F20251003%2Fus-east-1%2Fs3%2Faws4_request&X-Amz-Date=20251003T135113Z&X-Amz-SignedHeaders=host&X-Amz-Expires=28800&X-Amz-Signature=b6b635d2c9aa4cfaf9b1182ec384a4c67444f4dd5e50ce2bc702c910d59e59e4', 'name': 'Wycliffe Alumasa - demand letter 226k.pdf'}]",https://loandisk-borrowers-photo-thumbnails.s3.amazonaws.com/6836b3218f552-11510504.jpg?X-Amz-Content-Sha256=UNSIGNED-PAYLOAD&X-Amz-Algorithm=AWS4-HMAC-SHA256&X-Amz-Credential=AKIAYUBLFC5TP3LJIQ5H%2F20251003%2Fus-east-1%2Fs3%2Faws4_request&X-Amz-Date=20251003T135113Z&X-Amz-SignedHeaders=host&X-Amz-Expires=28800&X-Amz-Signature=a770356152d450d1ef1c7592c3f9f313aa093064c8cc6eec2c7413f8ede7fa90,"[{'file_id': 8786752, 's3_link': 'https://loandisk-loans.s3.amazonaws.com/Wycliffe%20Alumasi%20-%20comprehensive%20insuran-12375407.pdf?response-content-disposition=attachment%3B%20filename%3D%22Wycliffe%2520Alumasi%2520-%2520comprehensive%2520insuran.pdf%22&X-Amz-Content-Sha256=UNSIGNED-PAYLOAD&X-Amz-Algorithm=AWS4-HMAC-SHA256&X-Amz-Credential=AKIAYUBLFC5TP3LJIQ5H%2F20251003%2Fus-east-1%2Fs3%2Faws4_request&X-Amz-Date=20251003T135113Z&X-Amz-SignedHeaders=host&X-Amz-Expires=28800&X-Amz-Signature=70fe611af490f631cfb5f9537a8ae78dfc798e24e9a4751ef779e094e549b564', 'name': 'Wycliffe Alumasi - comprehensive insuran.pdf'}, {'file_id': 9128917, 's3_link': 'https://loandisk-loans.s3.amazonaws.com/Wycliffe%20Alumasa%20-%20demand%20letter%20226k-12877270.pdf?response-content-disposition=attachment%3B%20filename%3D%22Wycliffe%2520Alumasa%2520-%2520demand%2520letter%2520226k.pdf%22&X-Amz-Content-Sha256=UNSIGNED-PAYLOAD&X-Amz-Algorithm=AWS4-HMAC-SHA256&X-Amz-Credential=AKIAYUBLFC5TP3LJIQ5H%2F20251003%2Fus-east-1%2Fs3%2Faws4_request&X-Amz-Date=20251003T135113Z&X-Amz-SignedHeaders=host&X-Amz-Expires=28800&X-Amz-Signature=5c297f7d289934ea024015d80a7cf74fd97f183bbd870153db4b2c9765dd0c04', 'name': 'Wycliffe Alumasa - demand letter 226k.pdf'}]",Diana Sigei,,27133
8655503,240139,6494582,1003975,27999,42220.00,8440.00,20/06/2025,flat_rate,percentage,Month,2.0000,Months,10,3,10,0.00,round_off_to_integer,,0.0,0.0,0.0,,0.00,0.00,,0.00,0.0,charge_interest_normally,charge_principal_normally,0.00,0.0,0.0,0.0,0.0,0.0,,0.0,0.0000,0.0,,,0.0,0.0,,51660.00,0,5166,5166.0,4222.0,844.0,100.0,0.0,13,33776.0,6752.0,800.0,0.0,[],41328.00,20/04/2026,10332.00,5,,0,,0,,0,distribute_fees_evenly,1000.00,,0,,0,,0,,0,,0,,0,,0,,0,0,0,0,0,0,0,0,0,0,0,0,0.00,1,0.0,,,"[{'id': 'custom_field_23347', 'name': 'Sales Person'}, {'id': 'custom_field_23167', 'name': 'National ID'}, {'id': 'custom_field_23348', 'name': 'Sales Person(Agent/TL/RO)'}]",KE,WYLCLIFFE ALUMASA,MUSANYI,SOLID SOLUTIONS CONSTRUCTIONS,1000487,Male,1,0725861731,WYCLIFFEALUMASAMUSANYI@GMAIL.COM,28/12/1973,1155 - 621 RUAKA,NAIROBI,"RUAKA, MURIUKI ESTATE - HOUSE NO:11",00200,0718795785,,GOOD,6836b3218f552-11510504.jpg,,,[17027],14543245,DIANA SIGEI,"[{'file_id': 8194201, 's3_link': 'https://loandisk-borrowers.s3.amazonaws.com/Wycliffe%20Musanyi%20-%20Motor%20Vehicle-11510493.jpg?response-content-disposition=attachment%3B%20filename%3D%22Wycliffe%2520Musanyi%2520-%2520Motor%2520Vehicle.jpg%22&X-Amz-Content-Sha256=UNSIGNED-PAYLOAD&X-Amz-Algorithm=AWS4-HMAC-SHA256&X-Amz-Credential=AKIAYUBLFC5TP3LJIQ5H%2F20251003%2Fus-east-1%2Fs3%2Faws4_request&X-Amz-Date=20251003T135114Z&X-Amz-SignedHeaders=host&X-Amz-Expires=28800&X-Amz-Signature=5f2ec245f89e85fb3f0868b8c09a24eff73f571791e21f66ca3f2c88f7c3b92c', 'name': 'Wycliffe Musanyi - Motor Vehicle.jpg'}, {'file_id': 8194202, 's3_link': 'https://loandisk-borrowers.s3.amazonaws.com/Wycliffe%20Musanye%20-%20Loan%20Form-11510492.pdf?response-content-disposition=attachment%3B%20filename%3D%22Wycliffe%2520Musanye%2520-%2520Loan%2520Form.pdf%22&X-Amz-Content-Sha256=UNSIGNED-PAYLOAD&X-Amz-Algorithm=AWS4-HMAC-SHA256&X-Amz-Credential=AKIAYUBLFC5TP3LJIQ5H%2F20251003%2Fus-east-1%2Fs3%2Faws4_request&X-Amz-Date=20251003T135114Z&X-Amz-SignedHeaders=host&X-Amz-Expires=28800&X-Amz-Signature=14c4d50a753482c9548d81eff721a6c3cec2b3591a1d1fec7b8767d67efe32b5', 'name': 'Wycliffe Musanye - Loan Form.pdf'}, {'file_id': 8194203, 's3_link': 'https://loandisk-borrowers.s3.amazonaws.com/Wycliffe%20Alumasa%20-%20Logbook%2C%20KRA%20Pin%2C%20ID%20and%20police%20abstract-11510491.pdf?response-content-disposition=attachment%3B%20filename%3D%22Wycliffe%2520Alumasa%2520-%2520Logbook%252C%2520KRA%2520Pin%252C%2520ID%2520and%2520police%2520abstract.pdf%22&X-Amz-Content-Sha256=UNSIGNED-PAYLOAD&X-Amz-Algorithm=AWS4-HMAC-SHA256&X-Amz-Credential=AKIAYUBLFC5TP3LJIQ5H%2F20251003%2Fus-east-1%2Fs3%2Faws4_request&X-Amz-Date=20251003T135114Z&X-Amz-SignedHeaders=host&X-Amz-Expires=28800&X-Amz-Signature=35322d70a9b8062dbb7de9e9a900590f560eee5f52721d14efa3c43f5ae5c1f7', 'name': 'Wycliffe Alumasa - Logbook, KRA Pin, ID and police abstract.pdf'}, {'file_id': 8194204, 's3_link': 'https://loandisk-borrowers.s3.amazonaws.com/Wycliffe%20Musanyi%20-%20Passport%20Photo-11510496.jpg?response-content-disposition=attachment%3B%20filename%3D%22Wycliffe%2520Musanyi%2520-%2520Passport%2520Photo.jpg%22&X-Amz-Content-Sha256=UNSIGNED-PAYLOAD&X-Amz-Algorithm=AWS4-HMAC-SHA256&X-Amz-Credential=AKIAYUBLFC5TP3LJIQ5H%2F20251003%2Fus-east-1%2Fs3%2Faws4_request&X-Amz-Date=20251003T135114Z&X-Amz-SignedHeaders=host&X-Amz-Expires=28800&X-Amz-Signature=12050c1bee318a2b0eea84b67788c71522f2e17314b2361cf9fdae7968c2df1a', 'name': 'Wycliffe Musanyi - Passport Photo.jpg'}, {'file_id': 8194205, 's3_link': 'https://loandisk-borrowers.s3.amazonaws.com/Wycliffe%20Musanyi%20-%20Transfer%20of%20ownership%20form%20%26%20Mpesa%20statement-11510497.pdf?response-content-disposition=attachment%3B%20filename%3D%22Wycliffe%2520Musanyi%2520-%2520Transfer%2520of%2520ownership%2520form%2520%2526%2520Mpesa%2520statement.pdf%22&X-Amz-Content-Sha256=UNSIGNED-PAYLOAD&X-Amz-Algorithm=AWS4-HMAC-SHA256&X-Amz-Credential=AKIAYUBLFC5TP3LJIQ5H%2F20251003%2Fus-east-1%2Fs3%2Faws4_request&X-Amz-Date=20251003T135114Z&X-Amz-SignedHeaders=host&X-Amz-Expires=28800&X-Amz-Signature=0a0ef9ec577d36b7d823726eb300ea749dfb6145594454b9319f7d31cbe47997', 'name': 'Wycliffe Musanyi - Transfer of ownership form & Mpesa statement.pdf'}, {'file_id': 8194206, 's3_link': 'https://loandisk-borrowers.s3.amazonaws.com/Wycliffe%20Musanyi%20-%20Valuation%20Report-11510498.pdf?response-content-disposition=attachment%3B%20filename%3D%22Wycliffe%2520Musanyi%2520-%2520Valuation%2520Report.pdf%22&X-Amz-Content-Sha256=UNSIGNED-PAYLOAD&X-Amz-Algorithm=AWS4-HMAC-SHA256&X-Amz-Credential=AKIAYUBLFC5TP3LJIQ5H%2F20251003%2Fus-east-1%2Fs3%2Faws4_request&X-Amz-Date=20251003T135114Z&X-Amz-SignedHeaders=host&X-Amz-Expires=28800&X-Amz-Signature=92a4c6ed288721f84026a16ef202778c4a90da2a70d2379a78eb1a15fbdf586e', 'name': 'Wycliffe Musanyi - Valuation Report.pdf'}, {'file_id': 8194207, 's3_link': 'https://loandisk-borrowers.s3.amazonaws.com/Wycliffe%20Musanyi%20-%20Offer%20Letter-11510494.pdf?response-content-disposition=attachment%3B%20filename%3D%22Wycliffe%2520Musanyi%2520-%2520Offer%2520Letter.pdf%22&X-Amz-Content-Sha256=UNSIGNED-PAYLOAD&X-Amz-Algorithm=AWS4-HMAC-SHA256&X-Amz-Credential=AKIAYUBLFC5TP3LJIQ5H%2F20251003%2Fus-east-1%2Fs3%2Faws4_request&X-Amz-Date=20251003T135114Z&X-Amz-SignedHeaders=host&X-Amz-Expires=28800&X-Amz-Signature=2d9c3476493d6662e3584772991c9fceed28d95899ea5232a84e8195ba5b4e7c', 'name': 'Wycliffe Musanyi - Offer Letter.pdf'}, {'file_id': 8195535, 's3_link': 'https://loandisk-borrowers.s3.amazonaws.com/Wycliffe%20Musanyi%20-%20Valuation%20Report-11512027.pdf?response-content-disposition=attachment%3B%20filename%3D%22Wycliffe%2520Musanyi%2520-%2520Valuation%2520Report.pdf%22&X-Amz-Content-Sha256=UNSIGNED-PAYLOAD&X-Amz-Algorithm=AWS4-HMAC-SHA256&X-Amz-Credential=AKIAYUBLFC5TP3LJIQ5H%2F20251003%2Fus-east-1%2Fs3%2Faws4_request&X-Amz-Date=20251003T135114Z&X-Amz-SignedHeaders=host&X-Amz-Expires=28800&X-Amz-Signature=f5e4b96f7c2b1f69fe1f3033e40583a1f0966b2c3bc8d83ebd68117566ae2597', 'name': 'Wycliffe Musanyi - Valuation Report.pdf'}, {'file_id': 8195550, 's3_link': 'https://loandisk-borrowers.s3.amazonaws.com/Wycliffe%20Musanyi%20-%20Security%20Agreement-11512044.pdf?response-content-disposition=attachment%3B%20filename%3D%22Wycliffe%2520Musanyi%2520-%2520Security%2520Agreement.pdf%22&X-Amz-Content-Sha256=UNSIGNED-PAYLOAD&X-Amz-Algorithm=AWS4-HMAC-SHA256&X-Amz-Credential=AKIAYUBLFC5TP3LJIQ5H%2F20251003%2Fus-east-1%2Fs3%2Faws4_request&X-Amz-Date=20251003T135114Z&X-Amz-SignedHeaders=host&X-Amz-Expires=28800&X-Amz-Signature=d231f811b84d659ebfa68be8120efb7ea528e19240d5aa03c091281964fc1d9b', 'name': 'Wycliffe Musanyi - Security Agreement.pdf'}, {'file_id': 8786740, 's3_link': 'https://loandisk-borrowers.s3.amazonaws.com/Wycliffe%20Alumasi%20-%20comprehensive%20insuran-12375387.pdf?response-content-disposition=attachment%3B%20filename%3D%22Wycliffe%2520Alumasi%2520-%2520comprehensive%2520insuran.pdf%22&X-Amz-Content-Sha256=UNSIGNED-PAYLOAD&X-Amz-Algorithm=AWS4-HMAC-SHA256&X-Amz-Credential=AKIAYUBLFC5TP3LJIQ5H%2F20251003%2Fus-east-1%2Fs3%2Faws4_request&X-Amz-Date=20251003T135114Z&X-Amz-SignedHeaders=host&X-Amz-Expires=28800&X-Amz-Signature=07a196be5bfaa5a1635a32eef36ea8e88c75e88bfbcf0e66f270522246c501f8', 'name': 'Wycliffe Alumasi - comprehensive insuran.pdf'}, {'file_id': 8809467, 's3_link': 'https://loandisk-borrowers.s3.amazonaws.com/Wycliffe%20Alumasi-%20advanced%20100k-12407793.pdf?response-content-disposition=attachment%3B%20filename%3D%22Wycliffe%2520Alumasi-%2520advanced%2520100k.pdf%22&X-Amz-Content-Sha256=UNSIGNED-PAYLOAD&X-Amz-Algorithm=AWS4-HMAC-SHA256&X-Amz-Credential=AKIAYUBLFC5TP3LJIQ5H%2F20251003%2Fus-east-1%2Fs3%2Faws4_request&X-Amz-Date=20251003T135114Z&X-Amz-SignedHeaders=host&X-Amz-Expires=28800&X-Amz-Signature=70a664d6a91d9be46b30d9723ced275fd5ce8fde2e4b9f93195d2e3bcf4e3692', 'name': 'Wycliffe Alumasi- advanced 100k.pdf'}, {'file_id': 9128884, 's3_link': 'https://loandisk-borrowers.s3.amazonaws.com/Wycliffe%20Alumasa%20-%20demand%20letter%20226k-12877241.pdf?response-content-disposition=attachment%3B%20filename%3D%22Wycliffe%2520Alumasa%2520-%2520demand%2520letter%2520226k.pdf%22&X-Amz-Content-Sha256=UNSIGNED-PAYLOAD&X-Amz-Algorithm=AWS4-HMAC-SHA256&X-Amz-Credential=AKIAYUBLFC5TP3LJIQ5H%2F20251003%2Fus-east-1%2Fs3%2Faws4_request&X-Amz-Date=20251003T135114Z&X-Amz-SignedHeaders=host&X-Amz-Expires=28800&X-Amz-Signature=66190d12507fe4d84a7e3268c6f1fa993d7e86cf980b5609eb5776e7dec4c224', 'name': 'Wycliffe Alumasa - demand letter 226k.pdf'}]",https://loandisk-borrowers-photo-thumbnails.s3.amazonaws.com/6836b3218f552-11510504.jpg?X-Amz-Content-Sha256=UNSIGNED-PAYLOAD&X-Amz-Algorithm=AWS4-HMAC-SHA256&X-Amz-Credential=AKIAYUBLFC5TP3LJIQ5H%2F20251003%2Fus-east-1%2Fs3%2Faws4_request&X-Amz-Date=20251003T135114Z&X-Amz-SignedHeaders=host&X-Amz-Expires=28800&X-Amz-Signature=81293e67c1e56529e34e98e74d7356e942073646ad72286d3d08b3c694cef283,,Diana Sigei,,27133
8845322,36826,3152964,1004096,27999,273000.00,61425.00,19/07/2025,flat_rate,percentage,Month,7.5000,Months,3,3,3,0.00,round_off_to_two_decimal,,,,,,,,,,,,,,,,,,,,,,,,,,,,346255.00,119412,910,120322.0,91000.0,17492.0,0.0,11830.0,14,182000.0,37967.0,0.0,11830.0,[],231797.00,19/10/2025,114458.00,5,,0,,0,,0,,0,,0,,0,,0,,0,,0,,0,,0,,0,0,0,0,0,0,0,0,0,0,0,0,0.00,1,,,,"[{'id': 'custom_field_23347', 'name': 'Sales Person'}, {'id': 'custom_field_23167', 'name': 'National ID'}, {'id': 'custom_field_23348', 'name': 'Sales Person(Agent/TL/RO)'}]",KE,ANDREW,DAVID OPIYO BWIRE,,1000171,Male,1,0722743660,dbwiray@gmail.com,05/09/1976,62413-00200,NAIROBI,NAIROBI,,0721744474,,GOOD,63cfdfae49e39-4436272.jpeg,,,[89478],14417326,DIANA SIGEI,"[{'file_id': 3365515, 's3_link': 'https://loandisk-borrowers.s3.amazonaws.com/WhatsApp%20Image%202023-01-24%20at%204.36.06%20PM-4436262.jpeg?response-content-disposition=attachment%3B%20filename%3D%22WhatsApp%2520Image%25202023-01-24%2520at%25204.36.06%2520PM.jpeg%22&X-Amz-Content-Sha256=UNSIGNED-PAYLOAD&X-Amz-Algorithm=AWS4-HMAC-SHA256&X-Amz-Credential=AKIAYUBLFC5TP3LJIQ5H%2F20251003%2Fus-east-1%2Fs3%2Faws4_request&X-Amz-Date=20251003T135114Z&X-Amz-SignedHeaders=host&X-Amz-Expires=28800&X-Amz-Signature=bd87b789652cde077ba72e4a7e5cec977007e6cba9556c6cf7d9e536ad12a89c', 'name': 'WhatsApp Image 2023-01-24 at 4.36.06 PM.jpeg'}, {'file_id': 3365516, 's3_link': 'https://loandisk-borrowers.s3.amazonaws.com/WhatsApp%20Image%202023-01-24%20at%204.35.56%20PM-4436263.jpeg?response-content-disposition=attachment%3B%20filename%3D%22WhatsApp%2520Image%25202023-01-24%2520at%25204.35.56%2520PM.jpeg%22&X-Amz-Content-Sha256=UNSIGNED-PAYLOAD&X-Amz-Algorithm=AWS4-HMAC-SHA256&X-Amz-Credential=AKIAYUBLFC5TP3LJIQ5H%2F20251003%2Fus-east-1%2Fs3%2Faws4_request&X-Amz-Date=20251003T135114Z&X-Amz-SignedHeaders=host&X-Amz-Expires=28800&X-Amz-Signature=87038506f79db7e95066235033706fcb3c9309c6a48184fc9ea638d388ba71aa', 'name': 'WhatsApp Image 2023-01-24 at 4.35.56 PM.jpeg'}, {'file_id': 3365517, 's3_link': 'https://loandisk-borrowers.s3.amazonaws.com/WhatsApp%20Image%202023-01-24%20at%204.35.01%20PM-4436264.jpeg?response-content-disposition=attachment%3B%20filename%3D%22WhatsApp%2520Image%25202023-01-24%2520at%25204.35.01%2520PM.jpeg%22&X-Amz-Content-Sha256=UNSIGNED-PAYLOAD&X-Amz-Algorithm=AWS4-HMAC-SHA256&X-Amz-Credential=AKIAYUBLFC5TP3LJIQ5H%2F20251003%2Fus-east-1%2Fs3%2Faws4_request&X-Amz-Date=20251003T135114Z&X-Amz-SignedHeaders=host&X-Amz-Expires=28800&X-Amz-Signature=2e36945cb1dfa096d5e298d38acfa698856358a2cf64be78505ff0d011fe0b95', 'name': 'WhatsApp Image 2023-01-24 at 4.35.01 PM.jpeg'}, {'file_id': 6808307, 's3_link': 'https://loandisk-borrowers.s3.amazonaws.com/Andrew%20David%20Opiyo%20-%20Advanced%20Offer%20Letter-9475640.pdf?response-content-disposition=attachment%3B%20filename%3D%22Andrew%2520David%2520Opiyo%2520-%2520Advanced%2520Offer%2520Letter.pdf%22&X-Amz-Content-Sha256=UNSIGNED-PAYLOAD&X-Amz-Algorithm=AWS4-HMAC-SHA256&X-Amz-Credential=AKIAYUBLFC5TP3LJIQ5H%2F20251003%2Fus-east-1%2Fs3%2Faws4_request&X-Amz-Date=20251003T135114Z&X-Amz-SignedHeaders=host&X-Amz-Expires=28800&X-Amz-Signature=448a556f6ca74e86fb12e360026a4b33c75c132d8d21aa29ef24a44fea435ef2', 'name': 'Andrew David Opiyo - Advanced Offer Letter.pdf'}, {'file_id': 7137316, 's3_link': 'https://loandisk-borrowers.s3.amazonaws.com/Andrew%20David%20-%20Advanced%20Offer%20Letter-9953813.pdf?response-content-disposition=attachment%3B%20filename%3D%22Andrew%2520David%2520-%2520Advanced%2520Offer%2520Letter.pdf%22&X-Amz-Content-Sha256=UNSIGNED-PAYLOAD&X-Amz-Algorithm=AWS4-HMAC-SHA256&X-Amz-Credential=AKIAYUBLFC5TP3LJIQ5H%2F20251003%2Fus-east-1%2Fs3%2Faws4_request&X-Amz-Date=20251003T135114Z&X-Amz-SignedHeaders=host&X-Amz-Expires=28800&X-Amz-Signature=d45fa7d985f8318676a0b6f6e5f7b32482686d687fe4d988c3481e8d94954843', 'name': 'Andrew David - Advanced Offer Letter.pdf'}, {'file_id': 7170213, 's3_link': 'https://loandisk-borrowers.s3.amazonaws.com/Andrew%20David%20-%20Motor%20vehicle-9998640.jpg?response-content-disposition=attachment%3B%20filename%3D%22Andrew%2520David%2520-%2520Motor%2520vehicle.jpg%22&X-Amz-Content-Sha256=UNSIGNED-PAYLOAD&X-Amz-Algorithm=AWS4-HMAC-SHA256&X-Amz-Credential=AKIAYUBLFC5TP3LJIQ5H%2F20251003%2Fus-east-1%2Fs3%2Faws4_request&X-Amz-Date=20251003T135114Z&X-Amz-SignedHeaders=host&X-Amz-Expires=28800&X-Amz-Signature=4c5350ddc7882a84133ec1b31c2ac25c8005dc8df69a3977131c788882b0848d', 'name': 'Andrew David - Motor vehicle.jpg'}, {'file_id': 7170214, 's3_link': 'https://loandisk-borrowers.s3.amazonaws.com/Andrew%20David%20-%20Logbook%2C%20Motor%20Vehicle%20Records%20%26%20Transfer%20of%20ownership%20form%2C%20NTSA%20Receipt-9998639.pdf?response-content-disposition=attachment%3B%20filename%3D%22Andrew%2520David%2520-%2520Logbook%252C%2520Motor%2520Vehicle%2520Records%2520%2526%2520Transfer%2520of%2520ownership%2520form%252C%2520NTSA%2520Receipt.pdf%22&X-Amz-Content-Sha256=UNSIGNED-PAYLOAD&X-Amz-Algorithm=AWS4-HMAC-SHA256&X-Amz-Credential=AKIAYUBLFC5TP3LJIQ5H%2F20251003%2Fus-east-1%2Fs3%2Faws4_request&X-Amz-Date=20251003T135114Z&X-Amz-SignedHeaders=host&X-Amz-Expires=28800&X-Amz-Signature=9767509e942c7699d9313cbf67cdeccfecfdfc2d19dc050a8130515ba68f336f', 'name': 'Andrew David - Logbook, Motor Vehicle Records & Transfer of ownership form, NTSA Receipt.pdf'}, {'file_id': 7170215, 's3_link': 'https://loandisk-borrowers.s3.amazonaws.com/Andrew%20David%20-%20Offer%20Letter-9998641.pdf?response-content-disposition=attachment%3B%20filename%3D%22Andrew%2520David%2520-%2520Offer%2520Letter.pdf%22&X-Amz-Content-Sha256=UNSIGNED-PAYLOAD&X-Amz-Algorithm=AWS4-HMAC-SHA256&X-Amz-Credential=AKIAYUBLFC5TP3LJIQ5H%2F20251003%2Fus-east-1%2Fs3%2Faws4_request&X-Amz-Date=20251003T135114Z&X-Amz-SignedHeaders=host&X-Amz-Expires=28800&X-Amz-Signature=b072ad77d9285919daa2c5729cd81301316daaa4a5a081dabc02179b7a2603df', 'name': 'Andrew David - Offer Letter.pdf'}, {'file_id': 7170216, 's3_link': 'https://loandisk-borrowers.s3.amazonaws.com/Andrew%20David%20-%20Loan%20Form-9998638.pdf?response-content-disposition=attachment%3B%20filename%3D%22Andrew%2520David%2520-%2520Loan%2520Form.pdf%22&X-Amz-Content-Sha256=UNSIGNED-PAYLOAD&X-Amz-Algorithm=AWS4-HMAC-SHA256&X-Amz-Credential=AKIAYUBLFC5TP3LJIQ5H%2F20251003%2Fus-east-1%2Fs3%2Faws4_request&X-Amz-Date=20251003T135114Z&X-Amz-SignedHeaders=host&X-Amz-Expires=28800&X-Amz-Signature=344e213df68d13edfbc8817420b020a7d835272156cb98270a759827ba46717c', 'name': 'Andrew David - Loan Form.pdf'}, {'file_id': 7170217, 's3_link': 'https://loandisk-borrowers.s3.amazonaws.com/Andrew%20David%20-%20Security%20Agreement%20Form-9998642.pdf?response-content-disposition=attachment%3B%20filename%3D%22Andrew%2520David%2520-%2520Security%2520Agreement%2520Form.pdf%22&X-Amz-Content-Sha256=UNSIGNED-PAYLOAD&X-Amz-Algorithm=AWS4-HMAC-SHA256&X-Amz-Credential=AKIAYUBLFC5TP3LJIQ5H%2F20251003%2Fus-east-1%2Fs3%2Faws4_request&X-Amz-Date=20251003T135114Z&X-Amz-SignedHeaders=host&X-Amz-Expires=28800&X-Amz-Signature=19f2078f30d3d36f9e87992d86a563797d76ad1b9d86a5fa38cea11bb9a40a1a', 'name': 'Andrew David - Security Agreement Form.pdf'}, {'file_id': 7177266, 's3_link': 'https://loandisk-borrowers.s3.amazonaws.com/KCC%20433N%20%20ICF-10008183.pdf?response-content-disposition=attachment%3B%20filename%3D%22KCC%2520433N%2520%2520ICF.pdf%22&X-Amz-Content-Sha256=UNSIGNED-PAYLOAD&X-Amz-Algorithm=AWS4-HMAC-SHA256&X-Amz-Credential=AKIAYUBLFC5TP3LJIQ5H%2F20251003%2Fus-east-1%2Fs3%2Faws4_request&X-Amz-Date=20251003T135114Z&X-Amz-SignedHeaders=host&X-Amz-Expires=28800&X-Amz-Signature=c6608754e9798fd53fc861a0531c8eff97dd3df14ebbdd043224856398efd2ec', 'name': 'KCC 433N  ICF.pdf'}, {'file_id': 7605967, 's3_link': 'https://loandisk-borrowers.s3.amazonaws.com/Andrew%20David%20-%202nd%20Advanced%20Offer%20Letter-10640799.pdf?response-content-disposition=attachment%3B%20filename%3D%22Andrew%2520David%2520-%25202nd%2520Advanced%2520Offer%2520Letter.pdf%22&X-Amz-Content-Sha256=UNSIGNED-PAYLOAD&X-Amz-Algorithm=AWS4-HMAC-SHA256&X-Amz-Credential=AKIAYUBLFC5TP3LJIQ5H%2F20251003%2Fus-east-1%2Fs3%2Faws4_request&X-Amz-Date=20251003T135114Z&X-Amz-SignedHeaders=host&X-Amz-Expires=28800&X-Amz-Signature=5231bafc587b95d060979586d49f9f54b92469c23e8aac0c408f510762a82dc1', 'name': 'Andrew David - 2nd Advanced Offer Letter.pdf'}, {'file_id': 7780860, 's3_link': 'https://loandisk-borrowers.s3.amazonaws.com/Andrew%20David%20-%203rd%20Advanced%20Offer%20Letter-10903741.pdf?response-content-disposition=attachment%3B%20filename%3D%22Andrew%2520David%2520-%25203rd%2520Advanced%2520Offer%2520Letter.pdf%22&X-Amz-Content-Sha256=UNSIGNED-PAYLOAD&X-Amz-Algorithm=AWS4-HMAC-SHA256&X-Amz-Credential=AKIAYUBLFC5TP3LJIQ5H%2F20251003%2Fus-east-1%2Fs3%2Faws4_request&X-Amz-Date=20251003T135114Z&X-Amz-SignedHeaders=host&X-Amz-Expires=28800&X-Amz-Signature=5e1678858180faf8bd47a80390a393749727bc94920a36df9fd7a3944d62b902', 'name': 'Andrew David - 3rd Advanced Offer Letter.pdf'}, {'file_id': 8118899, 's3_link': 'https://loandisk-borrowers.s3.amazonaws.com/Andrew%20David%20-%204th%20Advanced%20Offer%20letter-11404364.pdf?response-content-disposition=attachment%3B%20filename%3D%22Andrew%2520David%2520-%25204th%2520Advanced%2520Offer%2520letter.pdf%22&X-Amz-Content-Sha256=UNSIGNED-PAYLOAD&X-Amz-Algorithm=AWS4-HMAC-SHA256&X-Amz-Credential=AKIAYUBLFC5TP3LJIQ5H%2F20251003%2Fus-east-1%2Fs3%2Faws4_request&X-Amz-Date=20251003T135114Z&X-Amz-SignedHeaders=host&X-Amz-Expires=28800&X-Amz-Signature=27923c1a65692aee2351e440c4a4a429e647869ca94f8b5c54493e7578803b14', 'name': 'Andrew David - 4th Advanced Offer letter.pdf'}, {'file_id': 8347139, 's3_link': 'https://loandisk-borrowers.s3.amazonaws.com/Andrew%20David%20-%205th%20Advanced%20offer%20letter-11734785.pdf?response-content-disposition=attachment%3B%20filename%3D%22Andrew%2520David%2520-%25205th%2520Advanced%2520offer%2520letter.pdf%22&X-Amz-Content-Sha256=UNSIGNED-PAYLOAD&X-Amz-Algorithm=AWS4-HMAC-SHA256&X-Amz-Credential=AKIAYUBLFC5TP3LJIQ5H%2F20251003%2Fus-east-1%2Fs3%2Faws4_request&X-Amz-Date=20251003T135114Z&X-Amz-SignedHeaders=host&X-Amz-Expires=28800&X-Amz-Signature=d317e5520c0734495708eafbf419db785474530eec805f1e8c2a531614178ae4', 'name': 'Andrew David - 5th Advanced offer letter.pdf'}, {'file_id': 8786542, 's3_link': 'https://loandisk-borrowers.s3.amazonaws.com/Andrew%20David%20-7th%20Advanced%20offer%20letter-12375120.pdf?response-content-disposition=attachment%3B%20filename%3D%22Andrew%2520David%2520-7th%2520Advanced%2520offer%2520letter.pdf%22&X-Amz-Content-Sha256=UNSIGNED-PAYLOAD&X-Amz-Algorithm=AWS4-HMAC-SHA256&X-Amz-Credential=AKIAYUBLFC5TP3LJIQ5H%2F20251003%2Fus-east-1%2Fs3%2Faws4_request&X-Amz-Date=20251003T135114Z&X-Amz-SignedHeaders=host&X-Amz-Expires=28800&X-Amz-Signature=b39173771d4ea0b21133b45eef61612a98af8b9cc03df9206efc363bd63b6367', 'name': 'Andrew David -7th Advanced offer letter.pdf'}, {'file_id': 9069629, 's3_link': 'https://loandisk-borrowers.s3.amazonaws.com/Andrew%20Bwire%20-%20Demand%20letter-12789560.pdf?response-content-disposition=attachment%3B%20filename%3D%22Andrew%2520Bwire%2520-%2520Demand%2520letter.pdf%22&X-Amz-Content-Sha256=UNSIGNED-PAYLOAD&X-Amz-Algorithm=AWS4-HMAC-SHA256&X-Amz-Credential=AKIAYUBLFC5TP3LJIQ5H%2F20251003%2Fus-east-1%2Fs3%2Faws4_request&X-Amz-Date=20251003T135114Z&X-Amz-SignedHeaders=host&X-Amz-Expires=28800&X-Amz-Signature=6b78b715585f0761ed9bfe329c82f14b5bd4ad10c2b0479db94599bca473dc33', 'name': 'Andrew Bwire - Demand letter.pdf'}]",https://loandisk-borrowers-photo-thumbnails.s3.amazonaws.com/63cfdfae49e39-4436272.jpeg?X-Amz-Content-Sha256=UNSIGNED-PAYLOAD&X-Amz-Algorithm=AWS4-HMAC-SHA256&X-Amz-Credential=AKIAYUBLFC5TP3LJIQ5H%2F20251003%2Fus-east-1%2Fs3%2Faws4_request&X-Amz-Date=20251003T135114Z&X-Amz-SignedHeaders=host&X-Amz-Expires=28800&X-Amz-Signature=5efe000ab583a3164f781bd0d7b4765f7d6ba07187aff9387ca0b5bcf92e9d3e,,linet Nyanya,,27133
8859825,36800,6718849,1004106,27998,63750.00,9562.50,22/07/2025,flat_rate,percentage,Month,15.0000,Months,1,3,1,0.00,round_off_to_two_decimal,,,,,,,,,,,,,,,,,,,,,,,,,,,,131799.50,89736.5,0,89736.5,63750.0,5250.0,13724.0,7012.5,42,63750.0,5250.0,13724.0,7012.5,[],89736.50,22/08/2025,42063.00,6,,0,,0,,0,,0,,0,,0,,0,,0,,0,,0,,0,,0,0,0,0,0,0,0,0,0,0,0,0,0.00,1,,,,"[{'id': 'custom_field_23347', 'name': 'Sales Person'}, {'id': 'custom_field_23167', 'name': 'National ID'}, {'id': 'custom_field_23348', 'name': 'Sales Person(Agent/TL/RO)'}]",KE,JACKSON MUITHYA,MWANIA,,1000504,Male,1,0711707437,,20/04/1978,,,,,0720521846,,GOOD,,,,[77749],22307763,JOSEPHINE KITONGA,"[{'file_id': 8840178, 's3_link': 'https://loandisk-borrowers.s3.amazonaws.com/Jackson%20Mwania%20-%20KRA%2C%20logbook%20and%20ID-12451985.pdf?response-content-disposition=attachment%3B%20filename%3D%22Jackson%2520Mwania%2520-%2520KRA%252C%2520logbook%2520and%2520ID.pdf%22&X-Amz-Content-Sha256=UNSIGNED-PAYLOAD&X-Amz-Algorithm=AWS4-HMAC-SHA256&X-Amz-Credential=AKIAYUBLFC5TP3LJIQ5H%2F20251003%2Fus-east-1%2Fs3%2Faws4_request&X-Amz-Date=20251003T135114Z&X-Amz-SignedHeaders=host&X-Amz-Expires=28800&X-Amz-Signature=a5f9b64c7b0ede281ab353e69742f5c228ccc289375bd403c9ae59a17c14a32b', 'name': 'Jackson Mwania - KRA, logbook and ID.pdf'}, {'file_id': 8840179, 's3_link': 'https://loandisk-borrowers.s3.amazonaws.com/Jackson%20Mwania%20-%20Loan%20Application%20form-12451988.pdf?response-content-disposition=attachment%3B%20filename%3D%22Jackson%2520Mwania%2520-%2520Loan%2520Application%2520form.pdf%22&X-Amz-Content-Sha256=UNSIGNED-PAYLOAD&X-Amz-Algorithm=AWS4-HMAC-SHA256&X-Amz-Credential=AKIAYUBLFC5TP3LJIQ5H%2F20251003%2Fus-east-1%2Fs3%2Faws4_request&X-Amz-Date=20251003T135114Z&X-Amz-SignedHeaders=host&X-Amz-Expires=28800&X-Amz-Signature=a4042d7b0eb2f41e39a6774e9a8466efb3a6e4501842019f2ca75d47e9f5b765', 'name': 'Jackson Mwania - Loan Application form.pdf'}, {'file_id': 8840180, 's3_link': 'https://loandisk-borrowers.s3.amazonaws.com/Jackson%20Mwania%20-%20mpesa%20statement%20%281%29-12451990.pdf?response-content-disposition=attachment%3B%20filename%3D%22Jackson%2520Mwania%2520-%2520mpesa%2520statement%2520%25281%2529.pdf%22&X-Amz-Content-Sha256=UNSIGNED-PAYLOAD&X-Amz-Algorithm=AWS4-HMAC-SHA256&X-Amz-Credential=AKIAYUBLFC5TP3LJIQ5H%2F20251003%2Fus-east-1%2Fs3%2Faws4_request&X-Amz-Date=20251003T135114Z&X-Amz-SignedHeaders=host&X-Amz-Expires=28800&X-Amz-Signature=a22e70858bc547844e9afe0d39e52c7dad024045e554d614a00600e52d5e59b2', 'name': 'Jackson Mwania - mpesa statement (1).pdf'}, {'file_id': 8840181, 's3_link': 'https://loandisk-borrowers.s3.amazonaws.com/Jackson%20Mwania%20-%20offer%20letter-12451992.pdf?response-content-disposition=attachment%3B%20filename%3D%22Jackson%2520Mwania%2520-%2520offer%2520letter.pdf%22&X-Amz-Content-Sha256=UNSIGNED-PAYLOAD&X-Amz-Algorithm=AWS4-HMAC-SHA256&X-Amz-Credential=AKIAYUBLFC5TP3LJIQ5H%2F20251003%2Fus-east-1%2Fs3%2Faws4_request&X-Amz-Date=20251003T135114Z&X-Amz-SignedHeaders=host&X-Amz-Expires=28800&X-Amz-Signature=6230ef9cd62d1af85a6ed48405ef32bfe9b66847b56f4eb712e4117e7828eadf', 'name': 'Jackson Mwania - offer letter.pdf'}, {'file_id': 8840182, 's3_link': 'https://loandisk-borrowers.s3.amazonaws.com/Jackson%20Mwania-%20Data%20portability-12452000.pdf?response-content-disposition=attachment%3B%20filename%3D%22Jackson%2520Mwania-%2520Data%2520portability.pdf%22&X-Amz-Content-Sha256=UNSIGNED-PAYLOAD&X-Amz-Algorithm=AWS4-HMAC-SHA256&X-Amz-Credential=AKIAYUBLFC5TP3LJIQ5H%2F20251003%2Fus-east-1%2Fs3%2Faws4_request&X-Amz-Date=20251003T135114Z&X-Amz-SignedHeaders=host&X-Amz-Expires=28800&X-Amz-Signature=72bb10263f3c629b01ac35f7ad73aa4e9d1fbfa1d87ab452c56da36c92504a2b', 'name': 'Jackson Mwania- Data portability.pdf'}, {'file_id': 8840183, 's3_link': 'https://loandisk-borrowers.s3.amazonaws.com/Jackson%20Mwania%20-%20Security%20Agreement-12451996.pdf?response-content-disposition=attachment%3B%20filename%3D%22Jackson%2520Mwania%2520-%2520Security%2520Agreement.pdf%22&X-Amz-Content-Sha256=UNSIGNED-PAYLOAD&X-Amz-Algorithm=AWS4-HMAC-SHA256&X-Amz-Credential=AKIAYUBLFC5TP3LJIQ5H%2F20251003%2Fus-east-1%2Fs3%2Faws4_request&X-Amz-Date=20251003T135114Z&X-Amz-SignedHeaders=host&X-Amz-Expires=28800&X-Amz-Signature=148a617986fd733e0b1fec8fda3ca64680ae18fe87814cad05109b2fdb4fb86c', 'name': 'Jackson Mwania - Security Agreement.pdf'}, {'file_id': 8840184, 's3_link': 'https://loandisk-borrowers.s3.amazonaws.com/Jackson%20Mwania%20photo%20%281%29-12452003.pdf?response-content-disposition=attachment%3B%20filename%3D%22Jackson%2520Mwania%2520photo%2520%25281%2529.pdf%22&X-Amz-Content-Sha256=UNSIGNED-PAYLOAD&X-Amz-Algorithm=AWS4-HMAC-SHA256&X-Amz-Credential=AKIAYUBLFC5TP3LJIQ5H%2F20251003%2Fus-east-1%2Fs3%2Faws4_request&X-Amz-Date=20251003T135114Z&X-Amz-SignedHeaders=host&X-Amz-Expires=28800&X-Amz-Signature=e65ea4d00fd63ed18babb55f934933ada316f1b3b5c891911642fbf73a185268', 'name': 'Jackson Mwania photo (1).pdf'}, {'file_id': 8840185, 's3_link': 'https://loandisk-borrowers.s3.amazonaws.com/Jackson%20Mwania-%20transfer%20invoice-12452006.pdf?response-content-disposition=attachment%3B%20filename%3D%22Jackson%2520Mwania-%2520transfer%2520invoice.pdf%22&X-Amz-Content-Sha256=UNSIGNED-PAYLOAD&X-Amz-Algorithm=AWS4-HMAC-SHA256&X-Amz-Credential=AKIAYUBLFC5TP3LJIQ5H%2F20251003%2Fus-east-1%2Fs3%2Faws4_request&X-Amz-Date=20251003T135114Z&X-Amz-SignedHeaders=host&X-Amz-Expires=28800&X-Amz-Signature=859ca54050b5e61d92c8666a4e5d4bf8af4e224ae3788d2fe205e37884bb6d4a', 'name': 'Jackson Mwania- transfer invoice.pdf'}, {'file_id': 8896662, 's3_link': 'https://loandisk-borrowers.s3.amazonaws.com/Jackson%20Mwania-%20demand%20letter-12536235.pdf?response-content-disposition=attachment%3B%20filename%3D%22Jackson%2520Mwania-%2520demand%2520letter.pdf%22&X-Amz-Content-Sha256=UNSIGNED-PAYLOAD&X-Amz-Algorithm=AWS4-HMAC-SHA256&X-Amz-Credential=AKIAYUBLFC5TP3LJIQ5H%2F20251003%2Fus-east-1%2Fs3%2Faws4_request&X-Amz-Date=20251003T135114Z&X-Amz-SignedHeaders=host&X-Amz-Expires=28800&X-Amz-Signature=2f6b9ed14ea63c6a3a479dec0c0967811329c635b102926af76e6dbad3300656', 'name': 'Jackson Mwania- demand letter.pdf'}, {'file_id': 8896669, 's3_link': 'https://loandisk-borrowers.s3.amazonaws.com/Jackson%20Mwania%20-%20Auctioneers%20act-12536245.pdf?response-content-disposition=attachment%3B%20filename%3D%22Jackson%2520Mwania%2520-%2520Auctioneers%2520act.pdf%22&X-Amz-Content-Sha256=UNSIGNED-PAYLOAD&X-Amz-Algorithm=AWS4-HMAC-SHA256&X-Amz-Credential=AKIAYUBLFC5TP3LJIQ5H%2F20251003%2Fus-east-1%2Fs3%2Faws4_request&X-Amz-Date=20251003T135114Z&X-Amz-SignedHeaders=host&X-Amz-Expires=28800&X-Amz-Signature=74dc84c94bc3a7e0d728645b1ffb41c067082ecfae5f2e0d7666ec0d246f4aad', 'name': 'Jackson Mwania - Auctioneers act.pdf'}, {'file_id': 8900248, 's3_link': 'https://loandisk-borrowers.s3.amazonaws.com/Jackson%20Mwania%20-%20Sale%20%26%20Repossession-12540854.pdf?response-content-disposition=attachment%3B%20filename%3D%22Jackson%2520Mwania%2520-%2520Sale%2520%2526%2520Repossession.pdf%22&X-Amz-Content-Sha256=UNSIGNED-PAYLOAD&X-Amz-Algorithm=AWS4-HMAC-SHA256&X-Amz-Credential=AKIAYUBLFC5TP3LJIQ5H%2F20251003%2Fus-east-1%2Fs3%2Faws4_request&X-Amz-Date=20251003T135114Z&X-Amz-SignedHeaders=host&X-Amz-Expires=28800&X-Amz-Signature=582bbf53febd198e5a003f7770c0d2858849be07c97377f4b0e3ccd21fe9f9f5', 'name': 'Jackson Mwania - Sale & Repossession.pdf'}, {'file_id': 9010497, 's3_link': 'https://loandisk-borrowers.s3.amazonaws.com/Jackson%20Mwania%20-%202nd%20advanced%20offer-12704025.pdf?response-content-disposition=attachment%3B%20filename%3D%22Jackson%2520Mwania%2520-%25202nd%2520advanced%2520offer.pdf%22&X-Amz-Content-Sha256=UNSIGNED-PAYLOAD&X-Amz-Algorithm=AWS4-HMAC-SHA256&X-Amz-Credential=AKIAYUBLFC5TP3LJIQ5H%2F20251003%2Fus-east-1%2Fs3%2Faws4_request&X-Amz-Date=20251003T135114Z&X-Amz-SignedHeaders=host&X-Amz-Expires=28800&X-Amz-Signature=90af186e7214b6f4001907c058a98b4c4c20298b49724802d6a676a45f96b9bb', 'name': 'Jackson Mwania - 2nd advanced offer.pdf'}]",,"[{'file_id': 8604704, 's3_link': 'https://loandisk-loans.s3.amazonaws.com/Jackson%20Mwania%20-%20KRA%2C%20logbook%20and%20ID-12108424.pdf?response-content-disposition=attachment%3B%20filename%3D%22Jackson%2520Mwania%2520-%2520KRA%252C%2520logbook%2520and%2520ID.pdf%22&X-Amz-Content-Sha256=UNSIGNED-PAYLOAD&X-Amz-Algorithm=AWS4-HMAC-SHA256&X-Amz-Credential=AKIAYUBLFC5TP3LJIQ5H%2F20251003%2Fus-east-1%2Fs3%2Faws4_request&X-Amz-Date=20251003T135114Z&X-Amz-SignedHeaders=host&X-Amz-Expires=28800&X-Amz-Signature=34291279263495749b910dce7df04d75bc8d71b0c7779404a3f4d397a7aa3856', 'name': 'Jackson Mwania - KRA, logbook and ID.pdf'}, {'file_id': 8604705, 's3_link': 'https://loandisk-loans.s3.amazonaws.com/Jackson%20Mwania%20-%20Loan%20Application%20form-12108427.pdf?response-content-disposition=attachment%3B%20filename%3D%22Jackson%2520Mwania%2520-%2520Loan%2520Application%2520form.pdf%22&X-Amz-Content-Sha256=UNSIGNED-PAYLOAD&X-Amz-Algorithm=AWS4-HMAC-SHA256&X-Amz-Credential=AKIAYUBLFC5TP3LJIQ5H%2F20251003%2Fus-east-1%2Fs3%2Faws4_request&X-Amz-Date=20251003T135114Z&X-Amz-SignedHeaders=host&X-Amz-Expires=28800&X-Amz-Signature=fe8f07162d336d2b9eda83572f0e1a0fbff2f47f60d98908fb62b330d8023d04', 'name': 'Jackson Mwania - Loan Application form.pdf'}, {'file_id': 8604706, 's3_link': 'https://loandisk-loans.s3.amazonaws.com/Jackson%20Mwania%20-%20mpesa%20statement%20%281%29-12108432.pdf?response-content-disposition=attachment%3B%20filename%3D%22Jackson%2520Mwania%2520-%2520mpesa%2520statement%2520%25281%2529.pdf%22&X-Amz-Content-Sha256=UNSIGNED-PAYLOAD&X-Amz-Algorithm=AWS4-HMAC-SHA256&X-Amz-Credential=AKIAYUBLFC5TP3LJIQ5H%2F20251003%2Fus-east-1%2Fs3%2Faws4_request&X-Amz-Date=20251003T135114Z&X-Amz-SignedHeaders=host&X-Amz-Expires=28800&X-Amz-Signature=0573a9898c00f38a39cb9dd98c92eef11d2dcb18e946c2751d5f4e997a88f207', 'name': 'Jackson Mwania - mpesa statement (1).pdf'}, {'file_id': 8604707, 's3_link': 'https://loandisk-loans.s3.amazonaws.com/Jackson%20Mwania%20-%20offer%20letter-12108437.pdf?response-content-disposition=attachment%3B%20filename%3D%22Jackson%2520Mwania%2520-%2520offer%2520letter.pdf%22&X-Amz-Content-Sha256=UNSIGNED-PAYLOAD&X-Amz-Algorithm=AWS4-HMAC-SHA256&X-Amz-Credential=AKIAYUBLFC5TP3LJIQ5H%2F20251003%2Fus-east-1%2Fs3%2Faws4_request&X-Amz-Date=20251003T135114Z&X-Amz-SignedHeaders=host&X-Amz-Expires=28800&X-Amz-Signature=bd45f05d8b0e0db0456d1d8bc42e728d6396ac69446cc68b65e9097591d386ca', 'name': 'Jackson Mwania - offer letter.pdf'}, {'file_id': 8604708, 's3_link': 'https://loandisk-loans.s3.amazonaws.com/Jackson%20Mwania-%20Data%20portability-12108441.pdf?response-content-disposition=attachment%3B%20filename%3D%22Jackson%2520Mwania-%2520Data%2520portability.pdf%22&X-Amz-Content-Sha256=UNSIGNED-PAYLOAD&X-Amz-Algorithm=AWS4-HMAC-SHA256&X-Amz-Credential=AKIAYUBLFC5TP3LJIQ5H%2F20251003%2Fus-east-1%2Fs3%2Faws4_request&X-Amz-Date=20251003T135114Z&X-Amz-SignedHeaders=host&X-Amz-Expires=28800&X-Amz-Signature=40e3b7f7e002ea9a610701d07c1535d83353c45abb7db334b5bf18ac52ade641', 'name': 'Jackson Mwania- Data portability.pdf'}, {'file_id': 8604709, 's3_link': 'https://loandisk-loans.s3.amazonaws.com/Jackson%20Mwania-%20transfer%20invoice-12108443.pdf?response-content-disposition=attachment%3B%20filename%3D%22Jackson%2520Mwania-%2520transfer%2520invoice.pdf%22&X-Amz-Content-Sha256=UNSIGNED-PAYLOAD&X-Amz-Algorithm=AWS4-HMAC-SHA256&X-Amz-Credential=AKIAYUBLFC5TP3LJIQ5H%2F20251003%2Fus-east-1%2Fs3%2Faws4_request&X-Amz-Date=20251003T135114Z&X-Amz-SignedHeaders=host&X-Amz-Expires=28800&X-Amz-Signature=823795889433870e078597eaf9f91142cb8f4ca23aa62e67d0c1dd8a1a94c992', 'name': 'Jackson Mwania- transfer invoice.pdf'}, {'file_id': 8604710, 's3_link': 'https://loandisk-loans.s3.amazonaws.com/Jackson%20Mwania%20-%20Security%20Agreement-12108439.pdf?response-content-disposition=attachment%3B%20filename%3D%22Jackson%2520Mwania%2520-%2520Security%2520Agreement.pdf%22&X-Amz-Content-Sha256=UNSIGNED-PAYLOAD&X-Amz-Algorithm=AWS4-HMAC-SHA256&X-Amz-Credential=AKIAYUBLFC5TP3LJIQ5H%2F20251003%2Fus-east-1%2Fs3%2Faws4_request&X-Amz-Date=20251003T135114Z&X-Amz-SignedHeaders=host&X-Amz-Expires=28800&X-Amz-Signature=8ea5336f1ccf4e37a9703a606526d438910fd9f6690245780fb697bfb8e98310', 'name': 'Jackson Mwania - Security Agreement.pdf'}, {'file_id': 8896661, 's3_link': 'https://loandisk-loans.s3.amazonaws.com/Jackson%20Mwania-%20demand%20letter-12536233.pdf?response-content-disposition=attachment%3B%20filename%3D%22Jackson%2520Mwania-%2520demand%2520letter.pdf%22&X-Amz-Content-Sha256=UNSIGNED-PAYLOAD&X-Amz-Algorithm=AWS4-HMAC-SHA256&X-Amz-Credential=AKIAYUBLFC5TP3LJIQ5H%2F20251003%2Fus-east-1%2Fs3%2Faws4_request&X-Amz-Date=20251003T135114Z&X-Amz-SignedHeaders=host&X-Amz-Expires=28800&X-Amz-Signature=7e50ae89738d652442e135c932c69577b2a3664c19dabe23c4fe366096f52896', 'name': 'Jackson Mwania- demand letter.pdf'}, {'file_id': 8896667, 's3_link': 'https://loandisk-loans.s3.amazonaws.com/Jackson%20Mwania%20-%20Auctioneers%20act-12536242.pdf?response-content-disposition=attachment%3B%20filename%3D%22Jackson%2520Mwania%2520-%2520Auctioneers%2520act.pdf%22&X-Amz-Content-Sha256=UNSIGNED-PAYLOAD&X-Amz-Algorithm=AWS4-HMAC-SHA256&X-Amz-Credential=AKIAYUBLFC5TP3LJIQ5H%2F20251003%2Fus-east-1%2Fs3%2Faws4_request&X-Amz-Date=20251003T135114Z&X-Amz-SignedHeaders=host&X-Amz-Expires=28800&X-Amz-Signature=10a3175f967401171ab4d476db68c4295b85f6692f0a7e0e665d8062d091faad', 'name': 'Jackson Mwania - Auctioneers act.pdf'}, {'file_id': 9010488, 's3_link': 'https://loandisk-loans.s3.amazonaws.com/Jackson%20Mwania%20-%202nd%20advanced%20offer-12704013.pdf?response-content-disposition=attachment%3B%20filename%3D%22Jackson%2520Mwania%2520-%25202nd%2520advanced%2520offer.pdf%22&X-Amz-Content-Sha256=UNSIGNED-PAYLOAD&X-Amz-Algorithm=AWS4-HMAC-SHA256&X-Amz-Credential=AKIAYUBLFC5TP3LJIQ5H%2F20251003%2Fus-east-1%2Fs3%2Faws4_request&X-Amz-Date=20251003T135114Z&X-Amz-SignedHeaders=host&X-Amz-Expires=28800&X-Amz-Signature=b7afaa5b2b2b577d0cbe36733ebff317431dddeffe2f98ffa1748b09877a0e7a', 'name': 'Jackson Mwania - 2nd advanced offer.pdf'}]",JOSEPHINE KITONGA,,27133
8886710,253137,4656830,1004122,27996,160000.00,24000.00,20/07/2025,flat_rate,percentage,Month,15.0000,Months,1,3,1,0.00,round_off_to_two_decimal,,,,,,,,,,,,,,,,,,,,,,,,,,,,303400.00,303400,0,303400.0,160000.0,24000.0,57000.0,62400.0,44,160000.0,24000.0,57000.0,62400.0,"[{'loan_id': 8719879}, {'loan_id': 8461228}]",303400.00,20/08/2025,0.00,6,,0,,0,,0,,0,,0,,0,,0,,0,,0,,0,,0,,0,0,0,0,0,0,0,0,0,0,0,0,0.00,1,,,,"[{'id': 'custom_field_23347', 'name': 'Sales Person'}, {'id': 'custom_field_23167', 'name': 'National ID'}, {'id': 'custom_field_23348', 'name': 'Sales Person(Agent/TL/RO)'}]",KE,EDWARDS,BOBO OGAL,,1000265,Male,1,0729012012,sprint.insure@gmail.com,,,Nairobi,,,,,,,,,[17027],23286487,DIANA SIGEI,"[{'file_id': 6281740, 's3_link': 'https://loandisk-borrowers.s3.amazonaws.com/Edwards%20Bobo%20-%20Advanced%20Offer%20Letter-8708102.pdf?response-content-disposition=attachment%3B%20filename%3D%22Edwards%2520Bobo%2520-%2520Advanced%2520Offer%2520Letter.pdf%22&X-Amz-Content-Sha256=UNSIGNED-PAYLOAD&X-Amz-Algorithm=AWS4-HMAC-SHA256&X-Amz-Credential=AKIAYUBLFC5TP3LJIQ5H%2F20251003%2Fus-east-1%2Fs3%2Faws4_request&X-Amz-Date=20251003T135114Z&X-Amz-SignedHeaders=host&X-Amz-Expires=28800&X-Amz-Signature=757ee92aa40678d19270669d29cdf8b5f83d94dc7a71bad16a71c657a8aa6986', 'name': 'Edwards Bobo - Advanced Offer Letter.pdf'}, {'file_id': 6316971, 's3_link': 'https://loandisk-borrowers.s3.amazonaws.com/Edward%20Bobo%20-%202nd%20Advanced%20Offer%20Letter-8760682.pdf?response-content-disposition=attachment%3B%20filename%3D%22Edward%2520Bobo%2520-%25202nd%2520Advanced%2520Offer%2520Letter.pdf%22&X-Amz-Content-Sha256=UNSIGNED-PAYLOAD&X-Amz-Algorithm=AWS4-HMAC-SHA256&X-Amz-Credential=AKIAYUBLFC5TP3LJIQ5H%2F20251003%2Fus-east-1%2Fs3%2Faws4_request&X-Amz-Date=20251003T135114Z&X-Amz-SignedHeaders=host&X-Amz-Expires=28800&X-Amz-Signature=e4dbea5a9bd3d6374f9d50f09629240fdccd9bc066e1c23942f7c55fd71fd901', 'name': 'Edward Bobo - 2nd Advanced Offer Letter.pdf'}, {'file_id': 6966078, 's3_link': 'https://loandisk-borrowers.s3.amazonaws.com/Edwards%20Bobo%20-%202nd%20Advanced%20Offer%20Letter-9705028.pdf?response-content-disposition=attachment%3B%20filename%3D%22Edwards%2520Bobo%2520-%25202nd%2520Advanced%2520Offer%2520Letter.pdf%22&X-Amz-Content-Sha256=UNSIGNED-PAYLOAD&X-Amz-Algorithm=AWS4-HMAC-SHA256&X-Amz-Credential=AKIAYUBLFC5TP3LJIQ5H%2F20251003%2Fus-east-1%2Fs3%2Faws4_request&X-Amz-Date=20251003T135114Z&X-Amz-SignedHeaders=host&X-Amz-Expires=28800&X-Amz-Signature=b79b8cc8d7d8e93ec94496f010e9ec7aa57ebcc90e99564b1b94422950055b68', 'name': 'Edwards Bobo - 2nd Advanced Offer Letter.pdf'}, {'file_id': 7472109, 's3_link': 'https://loandisk-borrowers.s3.amazonaws.com/Edward%20Bobo%20-%20Demand%20Letter-10447086.pdf?response-content-disposition=attachment%3B%20filename%3D%22Edward%2520Bobo%2520-%2520Demand%2520Letter.pdf%22&X-Amz-Content-Sha256=UNSIGNED-PAYLOAD&X-Amz-Algorithm=AWS4-HMAC-SHA256&X-Amz-Credential=AKIAYUBLFC5TP3LJIQ5H%2F20251003%2Fus-east-1%2Fs3%2Faws4_request&X-Amz-Date=20251003T135114Z&X-Amz-SignedHeaders=host&X-Amz-Expires=28800&X-Amz-Signature=9932d7d79add9f91d2b39b925a527f28b55371b199f41fd72d787cf48104799e', 'name': 'Edward Bobo - Demand Letter.pdf'}, {'file_id': 8150630, 's3_link': 'https://loandisk-borrowers.s3.amazonaws.com/Edward%20Bobo%20-%204th%20Advanced%20Offer%20Letter-11449478.pdf?response-content-disposition=attachment%3B%20filename%3D%22Edward%2520Bobo%2520-%25204th%2520Advanced%2520Offer%2520Letter.pdf%22&X-Amz-Content-Sha256=UNSIGNED-PAYLOAD&X-Amz-Algorithm=AWS4-HMAC-SHA256&X-Amz-Credential=AKIAYUBLFC5TP3LJIQ5H%2F20251003%2Fus-east-1%2Fs3%2Faws4_request&X-Amz-Date=20251003T135114Z&X-Amz-SignedHeaders=host&X-Amz-Expires=28800&X-Amz-Signature=3e0983d266c4105cca7f1e891d8d0ca23ed9ae70923914ba1a20748df36e2f25', 'name': 'Edward Bobo - 4th Advanced Offer Letter.pdf'}, {'file_id': 8594189, 's3_link': 'https://loandisk-borrowers.s3.amazonaws.com/Edward%20bobo%20-%20Demand%20letter%20%281%29-12094007.pdf?response-content-disposition=attachment%3B%20filename%3D%22Edward%2520bobo%2520-%2520Demand%2520letter%2520%25281%2529.pdf%22&X-Amz-Content-Sha256=UNSIGNED-PAYLOAD&X-Amz-Algorithm=AWS4-HMAC-SHA256&X-Amz-Credential=AKIAYUBLFC5TP3LJIQ5H%2F20251003%2Fus-east-1%2Fs3%2Faws4_request&X-Amz-Date=20251003T135114Z&X-Amz-SignedHeaders=host&X-Amz-Expires=28800&X-Amz-Signature=769e8467c2f62fa5f654862c063636d650752a3b5c3f565a3c38e943cd4f964e', 'name': 'Edward bobo - Demand letter (1).pdf'}, {'file_id': 8611431, 's3_link': 'https://loandisk-borrowers.s3.amazonaws.com/Edward%20bobo%20-%20demand%20letter%20187%2C200k%20%281%29-12118272.pdf?response-content-disposition=attachment%3B%20filename%3D%22Edward%2520bobo%2520-%2520demand%2520letter%2520187%252C200k%2520%25281%2529.pdf%22&X-Amz-Content-Sha256=UNSIGNED-PAYLOAD&X-Amz-Algorithm=AWS4-HMAC-SHA256&X-Amz-Credential=AKIAYUBLFC5TP3LJIQ5H%2F20251003%2Fus-east-1%2Fs3%2Faws4_request&X-Amz-Date=20251003T135114Z&X-Amz-SignedHeaders=host&X-Amz-Expires=28800&X-Amz-Signature=fbf78bf1d45c7ea988143a208b0535ce1249aeecefe533698063074bd3b40590', 'name': 'Edward bobo - demand letter 187,200k (1).pdf'}, {'file_id': 8785256, 's3_link': 'https://loandisk-borrowers.s3.amazonaws.com/Edward%20bobo%20-%20Auctioneers%20act-12373536.pdf?response-content-disposition=attachment%3B%20filename%3D%22Edward%2520bobo%2520-%2520Auctioneers%2520act.pdf%22&X-Amz-Content-Sha256=UNSIGNED-PAYLOAD&X-Amz-Algorithm=AWS4-HMAC-SHA256&X-Amz-Credential=AKIAYUBLFC5TP3LJIQ5H%2F20251003%2Fus-east-1%2Fs3%2Faws4_request&X-Amz-Date=20251003T135114Z&X-Amz-SignedHeaders=host&X-Amz-Expires=28800&X-Amz-Signature=1573a18d7c704395451bf5e0ed24be84e717e75caee799d72fbd7e428aa8c5fa', 'name': 'Edward bobo - Auctioneers act.pdf'}, {'file_id': 8841085, 's3_link': 'https://loandisk-borrowers.s3.amazonaws.com/Edward%20bobo%20-%202nd%20Demand%20letter-12453089.pdf?response-content-disposition=attachment%3B%20filename%3D%22Edward%2520bobo%2520-%25202nd%2520Demand%2520letter.pdf%22&X-Amz-Content-Sha256=UNSIGNED-PAYLOAD&X-Amz-Algorithm=AWS4-HMAC-SHA256&X-Amz-Credential=AKIAYUBLFC5TP3LJIQ5H%2F20251003%2Fus-east-1%2Fs3%2Faws4_request&X-Amz-Date=20251003T135114Z&X-Amz-SignedHeaders=host&X-Amz-Expires=28800&X-Amz-Signature=70fd427a5099c6dfb29b62a70c45e60028066351998854c1cce1c8637faf979f', 'name': 'Edward bobo - 2nd Demand letter.pdf'}, {'file_id': 8896656, 's3_link': 'https://loandisk-borrowers.s3.amazonaws.com/Edward%20Bobo%20-%20Auctioneers%20act%20%281%29-12536225.pdf?response-content-disposition=attachment%3B%20filename%3D%22Edward%2520Bobo%2520-%2520Auctioneers%2520act%2520%25281%2529.pdf%22&X-Amz-Content-Sha256=UNSIGNED-PAYLOAD&X-Amz-Algorithm=AWS4-HMAC-SHA256&X-Amz-Credential=AKIAYUBLFC5TP3LJIQ5H%2F20251003%2Fus-east-1%2Fs3%2Faws4_request&X-Amz-Date=20251003T135114Z&X-Amz-SignedHeaders=host&X-Amz-Expires=28800&X-Amz-Signature=eb98540817c13409bfba2dd8f130017b153b4e569ec3009ccbd19091e722bea1', 'name': 'Edward Bobo - Auctioneers act (1).pdf'}]",,"[{'file_id': 8841081, 's3_link': 'https://loandisk-loans.s3.amazonaws.com/Edward%20bobo%20-%202nd%20Demand%20letter-12453086.pdf?response-content-disposition=attachment%3B%20filename%3D%22Edward%2520bobo%2520-%25202nd%2520Demand%2520letter.pdf%22&X-Amz-Content-Sha256=UNSIGNED-PAYLOAD&X-Amz-Algorithm=AWS4-HMAC-SHA256&X-Amz-Credential=AKIAYUBLFC5TP3LJIQ5H%2F20251003%2Fus-east-1%2Fs3%2Faws4_request&X-Amz-Date=20251003T135114Z&X-Amz-SignedHeaders=host&X-Amz-Expires=28800&X-Amz-Signature=0d324e36dcb6a3f9371108987b48ddef792e8fae50e1903007401e0bbcde6f28', 'name': 'Edward bobo - 2nd Demand letter.pdf'}]",Diana Sigei,,27133
8937367,36826,2843969,1004158,27999,355000.00,213000.00,02/08/2025,flat_rate,percentage,Month,7.5000,Months,8,3,8,0.00,round_off_to_two_decimal,,,,,,,,,,,,,,,,,,,,,,,,,,,,592440.00,-560,24000,23440.0,23440.0,0.0,560.0,0.0,1,289690.0,159750.0,18000.0,0.0,[],467440.00,02/04/2026,125000.00,16,,0,,0,,0,,0,,0,,0,,0,,0,,0,,0,,0,distribute_fees_evenly,24000.00,0,0,0,0,0,0,0,0,0,0,0,0.00,1,,,,"[{'id': 'custom_field_23347', 'name': 'Sales Person'}, {'id': 'custom_field_23167', 'name': 'National ID'}, {'id': 'custom_field_23348', 'name': 'Sales Person(Agent/TL/RO)'}]",KE,Purity,Gacheri,EDUCATION,1000116,Female,2,0729313148,gacheripurity254@gmail.com,05/09/1968,Masenga,kangemi,Nairobi,,0720451046,Owner,GOOD,63412727074cb-3814019.jpeg,,,[17027],10148867,DIANA SIGEI,"[{'file_id': 2830435, 's3_link': 'https://loandisk-borrowers.s3.amazonaws.com/WhatsApp%20Image%202022-09-22%20at%204.42.18%20PM-3711600.jpeg?response-content-disposition=attachment%3B%20filename%3D%22WhatsApp%2520Image%25202022-09-22%2520at%25204.42.18%2520PM.jpeg%22&X-Amz-Content-Sha256=UNSIGNED-PAYLOAD&X-Amz-Algorithm=AWS4-HMAC-SHA256&X-Amz-Credential=AKIAYUBLFC5TP3LJIQ5H%2F20251003%2Fus-east-1%2Fs3%2Faws4_request&X-Amz-Date=20251003T135114Z&X-Amz-SignedHeaders=host&X-Amz-Expires=28800&X-Amz-Signature=144e1883238b30568bdb8f2123de4ace105442671c9fc1f05d0fbef20bee7775', 'name': 'WhatsApp Image 2022-09-22 at 4.42.18 PM.jpeg'}, {'file_id': 2830436, 's3_link': 'https://loandisk-borrowers.s3.amazonaws.com/WhatsApp%20Image%202022-09-22%20at%204.41.36%20PM-3711599.jpeg?response-content-disposition=attachment%3B%20filename%3D%22WhatsApp%2520Image%25202022-09-22%2520at%25204.41.36%2520PM.jpeg%22&X-Amz-Content-Sha256=UNSIGNED-PAYLOAD&X-Amz-Algorithm=AWS4-HMAC-SHA256&X-Amz-Credential=AKIAYUBLFC5TP3LJIQ5H%2F20251003%2Fus-east-1%2Fs3%2Faws4_request&X-Amz-Date=20251003T135114Z&X-Amz-SignedHeaders=host&X-Amz-Expires=28800&X-Amz-Signature=5742e448ecbe56a951451211a3b76fe42a51f0eb6e08cb6efefdb88b211f9f29', 'name': 'WhatsApp Image 2022-09-22 at 4.41.36 PM.jpeg'}, {'file_id': 2830437, 's3_link': 'https://loandisk-borrowers.s3.amazonaws.com/WhatsApp%20Image%202022-09-22%20at%204.40.54%20PM-3711598.jpeg?response-content-disposition=attachment%3B%20filename%3D%22WhatsApp%2520Image%25202022-09-22%2520at%25204.40.54%2520PM.jpeg%22&X-Amz-Content-Sha256=UNSIGNED-PAYLOAD&X-Amz-Algorithm=AWS4-HMAC-SHA256&X-Amz-Credential=AKIAYUBLFC5TP3LJIQ5H%2F20251003%2Fus-east-1%2Fs3%2Faws4_request&X-Amz-Date=20251003T135114Z&X-Amz-SignedHeaders=host&X-Amz-Expires=28800&X-Amz-Signature=58b9db957a12529e7446fd29dd12d3107de12253e3c2e80c37452e9f18e870e9', 'name': 'WhatsApp Image 2022-09-22 at 4.40.54 PM.jpeg'}, {'file_id': 2907231, 's3_link': 'https://loandisk-borrowers.s3.amazonaws.com/WhatsApp%20Image%202022-10-08%20at%2010.28.48%20AM-3814015.jpeg?response-content-disposition=attachment%3B%20filename%3D%22WhatsApp%2520Image%25202022-10-08%2520at%252010.28.48%2520AM.jpeg%22&X-Amz-Content-Sha256=UNSIGNED-PAYLOAD&X-Amz-Algorithm=AWS4-HMAC-SHA256&X-Amz-Credential=AKIAYUBLFC5TP3LJIQ5H%2F20251003%2Fus-east-1%2Fs3%2Faws4_request&X-Amz-Date=20251003T135114Z&X-Amz-SignedHeaders=host&X-Amz-Expires=28800&X-Amz-Signature=eead1fa998ba0ed48e26c5618b695f43e7ed750b30056c6d88fe2ce0fde70a24', 'name': 'WhatsApp Image 2022-10-08 at 10.28.48 AM.jpeg'}, {'file_id': 2907232, 's3_link': 'https://loandisk-borrowers.s3.amazonaws.com/WhatsApp%20Image%202022-10-08%20at%2010.29.05%20AM-3814016.jpeg?response-content-disposition=attachment%3B%20filename%3D%22WhatsApp%2520Image%25202022-10-08%2520at%252010.29.05%2520AM.jpeg%22&X-Amz-Content-Sha256=UNSIGNED-PAYLOAD&X-Amz-Algorithm=AWS4-HMAC-SHA256&X-Amz-Credential=AKIAYUBLFC5TP3LJIQ5H%2F20251003%2Fus-east-1%2Fs3%2Faws4_request&X-Amz-Date=20251003T135114Z&X-Amz-SignedHeaders=host&X-Amz-Expires=28800&X-Amz-Signature=6d9b87d4bad586896641a40013fffa563520c0d41da31b5df8748a9de05c2d93', 'name': 'WhatsApp Image 2022-10-08 at 10.29.05 AM.jpeg'}, {'file_id': 2907233, 's3_link': 'https://loandisk-borrowers.s3.amazonaws.com/WhatsApp%20Image%202022-10-08%20at%2010.29.24%20AM-3814018.jpeg?response-content-disposition=attachment%3B%20filename%3D%22WhatsApp%2520Image%25202022-10-08%2520at%252010.29.24%2520AM.jpeg%22&X-Amz-Content-Sha256=UNSIGNED-PAYLOAD&X-Amz-Algorithm=AWS4-HMAC-SHA256&X-Amz-Credential=AKIAYUBLFC5TP3LJIQ5H%2F20251003%2Fus-east-1%2Fs3%2Faws4_request&X-Amz-Date=20251003T135114Z&X-Amz-SignedHeaders=host&X-Amz-Expires=28800&X-Amz-Signature=2ef7ab66d2401274f95f31eb0b2c0c00166e6bbc12d62312651c014aa9833c0c', 'name': 'WhatsApp Image 2022-10-08 at 10.29.24 AM.jpeg'}, {'file_id': 6127684, 's3_link': 'https://loandisk-borrowers.s3.amazonaws.com/Purity%20Gacheri%20-%20Advanced%20Offer%20Letter-8484237.pdf?response-content-disposition=attachment%3B%20filename%3D%22Purity%2520Gacheri%2520-%2520Advanced%2520Offer%2520Letter.pdf%22&X-Amz-Content-Sha256=UNSIGNED-PAYLOAD&X-Amz-Algorithm=AWS4-HMAC-SHA256&X-Amz-Credential=AKIAYUBLFC5TP3LJIQ5H%2F20251003%2Fus-east-1%2Fs3%2Faws4_request&X-Amz-Date=20251003T135114Z&X-Amz-SignedHeaders=host&X-Amz-Expires=28800&X-Amz-Signature=dcc6187cea8ec7e17bedba14f1e431bc79297d4fab9e3dbdf50f07c25032fb7f', 'name': 'Purity Gacheri - Advanced Offer Letter.pdf'}, {'file_id': 7481967, 's3_link': 'https://loandisk-borrowers.s3.amazonaws.com/Purity%20Gacheri%20-%202nd%20Advanced%20Offer%20Letter-10460759.pdf?response-content-disposition=attachment%3B%20filename%3D%22Purity%2520Gacheri%2520-%25202nd%2520Advanced%2520Offer%2520Letter.pdf%22&X-Amz-Content-Sha256=UNSIGNED-PAYLOAD&X-Amz-Algorithm=AWS4-HMAC-SHA256&X-Amz-Credential=AKIAYUBLFC5TP3LJIQ5H%2F20251003%2Fus-east-1%2Fs3%2Faws4_request&X-Amz-Date=20251003T135114Z&X-Amz-SignedHeaders=host&X-Amz-Expires=28800&X-Amz-Signature=cc841b9baa316dad8ac64f72a36a2ed87695ed08de58caccab6afc3753d11f81', 'name': 'Purity Gacheri - 2nd Advanced Offer Letter.pdf'}, {'file_id': 7887891, 's3_link': 'https://loandisk-borrowers.s3.amazonaws.com/Purity%20Gacheri%20-%203rd%20Advanced%20Offer%20Letter-11065235.pdf?response-content-disposition=attachment%3B%20filename%3D%22Purity%2520Gacheri%2520-%25203rd%2520Advanced%2520Offer%2520Letter.pdf%22&X-Amz-Content-Sha256=UNSIGNED-PAYLOAD&X-Amz-Algorithm=AWS4-HMAC-SHA256&X-Amz-Credential=AKIAYUBLFC5TP3LJIQ5H%2F20251003%2Fus-east-1%2Fs3%2Faws4_request&X-Amz-Date=20251003T135114Z&X-Amz-SignedHeaders=host&X-Amz-Expires=28800&X-Amz-Signature=2d00fdfde7088160b7334e1425a8ec8808ba0ff4b80370127cb7990622557ec8', 'name': 'Purity Gacheri - 3rd Advanced Offer Letter.pdf'}]",https://loandisk-borrowers-photo-thumbnails.s3.amazonaws.com/63412727074cb-3814019.jpeg?X-Amz-Content-Sha256=UNSIGNED-PAYLOAD&X-Amz-Algorithm=AWS4-HMAC-SHA256&X-Amz-Credential=AKIAYUBLFC5TP3LJIQ5H%2F20251003%2Fus-east-1%2Fs3%2Faws4_request&X-Amz-Date=20251003T135114Z&X-Amz-SignedHeaders=host&X-Amz-Expires=28800&X-Amz-Signature=996d0d7dc6f0ac6b8678aaad28899903746e13e4a27a5ba028a0329c9ec753be,,Diana Sigei,,27133
8943751,253137,4906796,1004162,27996,24240.87,3636.13,07/07/2025,flat_rate,percentage,Month,15.0000,Months,1,3,1,0.00,round_off_to_two_decimal,,,,,,,,,,,,,,,,,,,,,,,,,,,,40482.32,34432.32000000001,0,34432.32000000001,24240.87,3469.15,0.0,6722.299999999999,57,24240.87,3469.15,0.0,6722.299999999999,"[{'loan_id': 8670368}, {'loan_id': 8384546}, {'loan_id': 8213401}, {'loan_id': 8051965}, {'loan_id': 7870175}, {'loan_id': 7706250}, {'loan_id': 7542020}, {'loan_id': 7350445}, {'loan_id': 7129778}]",34432.32,07/08/2025,6050.00,6,,0,,0,,0,,0,,0,,0,,0,,0,,0,,0,,0,,0,0,0,0,0,0,0,0,0,0,0,0,0.00,1,,,,"[{'id': 'custom_field_23347', 'name': 'Sales Person'}, {'id': 'custom_field_23167', 'name': 'National ID'}, {'id': 'custom_field_23348', 'name': 'Sales Person(Agent/TL/RO)'}]",KE,HILLARY,YOSI AMBWELE,,1000311,Male,1,0798787010,yosimilla@gmail.com,09/01/1982,Nairobi,Nairobi,Utawala Estate Shalom Court.,,,,,,,,[77749],22628501,CLEMENT LUKOYE,"[{'file_id': 5106881, 's3_link': 'https://loandisk-borrowers.s3.amazonaws.com/Hillary%20Ambwele%20Loan%20form-7045593.pdf?response-content-disposition=attachment%3B%20filename%3D%22Hillary%2520Ambwele%2520Loan%2520form.pdf%22&X-Amz-Content-Sha256=UNSIGNED-PAYLOAD&X-Amz-Algorithm=AWS4-HMAC-SHA256&X-Amz-Credential=AKIAYUBLFC5TP3LJIQ5H%2F20251003%2Fus-east-1%2Fs3%2Faws4_request&X-Amz-Date=20251003T135114Z&X-Amz-SignedHeaders=host&X-Amz-Expires=28800&X-Amz-Signature=46663f50ae851171e4f732f6c396484a944e79111a3d7d215e14b41b772a71ae', 'name': 'Hillary Ambwele Loan form.pdf'}, {'file_id': 5106882, 's3_link': 'https://loandisk-borrowers.s3.amazonaws.com/Hillary%20Ambwele%20Offer%20Letter-7045598.pdf?response-content-disposition=attachment%3B%20filename%3D%22Hillary%2520Ambwele%2520Offer%2520Letter.pdf%22&X-Amz-Content-Sha256=UNSIGNED-PAYLOAD&X-Amz-Algorithm=AWS4-HMAC-SHA256&X-Amz-Credential=AKIAYUBLFC5TP3LJIQ5H%2F20251003%2Fus-east-1%2Fs3%2Faws4_request&X-Amz-Date=20251003T135114Z&X-Amz-SignedHeaders=host&X-Amz-Expires=28800&X-Amz-Signature=92ae6247f308b292ed5cc3e6680f8881d78803c70e103bb360f9f986f8d4ca83', 'name': 'Hillary Ambwele Offer Letter.pdf'}, {'file_id': 6699823, 's3_link': 'https://loandisk-borrowers.s3.amazonaws.com/Hillary%20Yosi%20-%20Advanced%20Offer%20Letter-9320234.pdf?response-content-disposition=attachment%3B%20filename%3D%22Hillary%2520Yosi%2520-%2520Advanced%2520Offer%2520Letter.pdf%22&X-Amz-Content-Sha256=UNSIGNED-PAYLOAD&X-Amz-Algorithm=AWS4-HMAC-SHA256&X-Amz-Credential=AKIAYUBLFC5TP3LJIQ5H%2F20251003%2Fus-east-1%2Fs3%2Faws4_request&X-Amz-Date=20251003T135114Z&X-Amz-SignedHeaders=host&X-Amz-Expires=28800&X-Amz-Signature=43e443c5dc2f1695bcc6e3b6c0784d3f3f66acaa14b5651f3c7dd9ab58a11105', 'name': 'Hillary Yosi - Advanced Offer Letter.pdf'}, {'file_id': 7376033, 's3_link': 'https://loandisk-borrowers.s3.amazonaws.com/Hillary%20Yosi%20-%20Sale%20Notice-10303991.pdf?response-content-disposition=attachment%3B%20filename%3D%22Hillary%2520Yosi%2520-%2520Sale%2520Notice.pdf%22&X-Amz-Content-Sha256=UNSIGNED-PAYLOAD&X-Amz-Algorithm=AWS4-HMAC-SHA256&X-Amz-Credential=AKIAYUBLFC5TP3LJIQ5H%2F20251003%2Fus-east-1%2Fs3%2Faws4_request&X-Amz-Date=20251003T135114Z&X-Amz-SignedHeaders=host&X-Amz-Expires=28800&X-Amz-Signature=9491f35059b0f2bd67066687cce2cf1388ee386a9f58691343f0206921497be4', 'name': 'Hillary Yosi - Sale Notice.pdf'}, {'file_id': 8615960, 's3_link': 'https://loandisk-borrowers.s3.amazonaws.com/Hillary%20Yosi%20-%20Repossesion%20%26%20Sale-12123937.pdf?response-content-disposition=attachment%3B%20filename%3D%22Hillary%2520Yosi%2520-%2520Repossesion%2520%2526%2520Sale.pdf%22&X-Amz-Content-Sha256=UNSIGNED-PAYLOAD&X-Amz-Algorithm=AWS4-HMAC-SHA256&X-Amz-Credential=AKIAYUBLFC5TP3LJIQ5H%2F20251003%2Fus-east-1%2Fs3%2Faws4_request&X-Amz-Date=20251003T135114Z&X-Amz-SignedHeaders=host&X-Amz-Expires=28800&X-Amz-Signature=610550cd0a421de687b7c126357b4cca48d3a7cea1db2f2b3dda0b2abe1c06c1', 'name': 'Hillary Yosi - Repossesion & Sale.pdf'}, {'file_id': 8869511, 's3_link': 'https://loandisk-borrowers.s3.amazonaws.com/Hillary%20Yosi%20-%20Sale%20%26%20Repossesion-12493818.pdf?response-content-disposition=attachment%3B%20filename%3D%22Hillary%2520Yosi%2520-%2520Sale%2520%2526%2520Repossesion.pdf%22&X-Amz-Content-Sha256=UNSIGNED-PAYLOAD&X-Amz-Algorithm=AWS4-HMAC-SHA256&X-Amz-Credential=AKIAYUBLFC5TP3LJIQ5H%2F20251003%2Fus-east-1%2Fs3%2Faws4_request&X-Amz-Date=20251003T135114Z&X-Amz-SignedHeaders=host&X-Amz-Expires=28800&X-Amz-Signature=5252fbe0e3b5012f7da5c2b03a1ac37beca3f5fb39813e6f399d9e07009abf1b', 'name': 'Hillary Yosi - Sale & Repossesion.pdf'}]",,,Richard Litunya,,27133
8953883,253137,3633115,1004167,27996,320000.00,115200.00,31/08/2025,flat_rate,percentage,Month,4.0000,Months,9,3,9,0.00,round_off_to_two_decimal,,,,,,,,,,,,,,,,,,,,,,,,,,,,462200.00,0,46855.56,46855.56,35555.56,11300.0,0.0,0.0,3,320000.0,113700.0,24000.0,0.0,"[{'loan_id': 8912813}, {'loan_id': 8770855}, {'loan_id': 8528024}, {'loan_id': 8416400}, {'loan_id': 8140502}]",457700.00,31/05/2026,4500.00,16,,0,,0,,0,,0,,0,,0,,0,,0,,0,,0,,0,distribute_fees_evenly,27000.00,0,0,0,0,0,0,0,0,0,0,0,0.00,1,,,,"[{'id': 'custom_field_23347', 'name': 'Sales Person'}, {'id': 'custom_field_23167', 'name': 'National ID'}, {'id': 'custom_field_23348', 'name': 'Sales Person(Agent/TL/RO)'}]",KE,KENNETH,PELAGATTI OKWIRRY,,1000201,Male,1,0722233954,pelagatti2001@gmail.com,,,Nairobi,,,,,,645e162d49151-5263980.jpg,,,[77749],10516155,PATRICIA NYAMBURA,"[{'file_id': 7001826, 's3_link': 'https://loandisk-borrowers.s3.amazonaws.com/Kenneth%20Pelagatti%20-%20Advanced%20Offer%20Letter-9754749.pdf?response-content-disposition=attachment%3B%20filename%3D%22Kenneth%2520Pelagatti%2520-%2520Advanced%2520Offer%2520Letter.pdf%22&X-Amz-Content-Sha256=UNSIGNED-PAYLOAD&X-Amz-Algorithm=AWS4-HMAC-SHA256&X-Amz-Credential=AKIAYUBLFC5TP3LJIQ5H%2F20251003%2Fus-east-1%2Fs3%2Faws4_request&X-Amz-Date=20251003T135114Z&X-Amz-SignedHeaders=host&X-Amz-Expires=28800&X-Amz-Signature=4f233e9783bc277fe9afddb079003c0800d85c16c8254eba32bbba8bf25f166a', 'name': 'Kenneth Pelagatti - Advanced Offer Letter.pdf'}, {'file_id': 7848532, 's3_link': 'https://loandisk-borrowers.s3.amazonaws.com/Kenneth%20Pelagatti%20-%20Advanced%20Offer%20Letter-11007162.pdf?response-content-disposition=attachment%3B%20filename%3D%22Kenneth%2520Pelagatti%2520-%2520Advanced%2520Offer%2520Letter.pdf%22&X-Amz-Content-Sha256=UNSIGNED-PAYLOAD&X-Amz-Algorithm=AWS4-HMAC-SHA256&X-Amz-Credential=AKIAYUBLFC5TP3LJIQ5H%2F20251003%2Fus-east-1%2Fs3%2Faws4_request&X-Amz-Date=20251003T135114Z&X-Amz-SignedHeaders=host&X-Amz-Expires=28800&X-Amz-Signature=29680eca1a41597f7466407844532cd353f0d5b5e1dc18f822c7ddd0110afa61', 'name': 'Kenneth Pelagatti - Advanced Offer Letter.pdf'}, {'file_id': 7848533, 's3_link': 'https://loandisk-borrowers.s3.amazonaws.com/Kenneth%20Pelagatti%20-%20Loan%20Form-11007163.pdf?response-content-disposition=attachment%3B%20filename%3D%22Kenneth%2520Pelagatti%2520-%2520Loan%2520Form.pdf%22&X-Amz-Content-Sha256=UNSIGNED-PAYLOAD&X-Amz-Algorithm=AWS4-HMAC-SHA256&X-Amz-Credential=AKIAYUBLFC5TP3LJIQ5H%2F20251003%2Fus-east-1%2Fs3%2Faws4_request&X-Amz-Date=20251003T135114Z&X-Amz-SignedHeaders=host&X-Amz-Expires=28800&X-Amz-Signature=1bf37f98230d1c7e2a4528412f53727ddf496dac3d86df198afcd8b45e05c5a5', 'name': 'Kenneth Pelagatti - Loan Form.pdf'}]",https://loandisk-borrowers-photo-thumbnails.s3.amazonaws.com/645e162d49151-5263980.jpg?X-Amz-Content-Sha256=UNSIGNED-PAYLOAD&X-Amz-Algorithm=AWS4-HMAC-SHA256&X-Amz-Credential=AKIAYUBLFC5TP3LJIQ5H%2F20251003%2Fus-east-1%2Fs3%2Faws4_request&X-Amz-Date=20251003T135114Z&X-Amz-SignedHeaders=host&X-Amz-Expires=28800&X-Amz-Signature=2c847b4d29a88916b8dac465a4937271555815904143e8e9c56b14024374a7a3,,Richard Litunya,,27133
9005806,240139,4489070,1004199,27999,44237.50,8850.00,13/08/2025,flat_rate,percentage,Month,2.0000,Months,10,3,10,0.00,round_off_to_integer,,0.0,0.0,0.0,,0.00,0.00,,0.00,0.0,charge_interest_normally,charge_principal_normally,0.00,0.0,0.0,0.0,0.0,0.0,,0.0,0.0000,0.0,,,0.0,0.0,,54087.50,0,5086.10,5086.1,4424.0,662.1,0.0,0.0,20,44237.5,8627.1,900.0,0.0,[],53764.60,13/06/2026,322.90,16,,0,,0,,0,distribute_fees_evenly,1000.00,,0,,0,,0,,0,,0,,0,,0,,0,0,0,0,0,0,0,0,0,0,0,0,0.00,1,0.0,,,"[{'id': 'custom_field_23347', 'name': 'Sales Person'}, {'id': 'custom_field_23167', 'name': 'National ID'}, {'id': 'custom_field_23348', 'name': 'Sales Person(Agent/TL/RO)'}]",KE,ZADDOCK,OOKO ODERO,,1000242,Male,1,0722820945,zeddyzaddock824@gmail.com,,,Nairobi,,,,,GOOD,64e6f375bb488-6087100.jpg,,,[77749],26169712,RICHARD LITUNYA,"[{'file_id': 6299088, 's3_link': 'https://loandisk-borrowers.s3.amazonaws.com/Zaddock%20Ooko%20-%20Advanced%20Offer%20Letter-8735788.pdf?response-content-disposition=attachment%3B%20filename%3D%22Zaddock%2520Ooko%2520-%2520Advanced%2520Offer%2520Letter.pdf%22&X-Amz-Content-Sha256=UNSIGNED-PAYLOAD&X-Amz-Algorithm=AWS4-HMAC-SHA256&X-Amz-Credential=AKIAYUBLFC5TP3LJIQ5H%2F20251003%2Fus-east-1%2Fs3%2Faws4_request&X-Amz-Date=20251003T135115Z&X-Amz-SignedHeaders=host&X-Amz-Expires=28800&X-Amz-Signature=a4b58e716881894e9aefc2662fbe63abdd1d4eeac14aea4d370d4c4078fa3249', 'name': 'Zaddock Ooko - Advanced Offer Letter.pdf'}, {'file_id': 7499647, 's3_link': 'https://loandisk-borrowers.s3.amazonaws.com/Zaddock%20Ooko%20-%202nd%20Advanced%20Offer%20Letter-10486787.pdf?response-content-disposition=attachment%3B%20filename%3D%22Zaddock%2520Ooko%2520-%25202nd%2520Advanced%2520Offer%2520Letter.pdf%22&X-Amz-Content-Sha256=UNSIGNED-PAYLOAD&X-Amz-Algorithm=AWS4-HMAC-SHA256&X-Amz-Credential=AKIAYUBLFC5TP3LJIQ5H%2F20251003%2Fus-east-1%2Fs3%2Faws4_request&X-Amz-Date=20251003T135115Z&X-Amz-SignedHeaders=host&X-Amz-Expires=28800&X-Amz-Signature=e6a9d9057ad6317f960ff1607142d15d0dd1010a834cd1472789bffb37aa1be1', 'name': 'Zaddock Ooko - 2nd Advanced Offer Letter.pdf'}, {'file_id': 9129086, 's3_link': 'https://loandisk-borrowers.s3.amazonaws.com/Zaddock%20Odero%20-%20offer%20letter%20150k-12877443.pdf?response-content-disposition=attachment%3B%20filename%3D%22Zaddock%2520Odero%2520-%2520offer%2520letter%2520150k.pdf%22&X-Amz-Content-Sha256=UNSIGNED-PAYLOAD&X-Amz-Algorithm=AWS4-HMAC-SHA256&X-Amz-Credential=AKIAYUBLFC5TP3LJIQ5H%2F20251003%2Fus-east-1%2Fs3%2Faws4_request&X-Amz-Date=20251003T135115Z&X-Amz-SignedHeaders=host&X-Amz-Expires=28800&X-Amz-Signature=07ede4d634536482bf991b88e9e7fe606279d208de4ec911e034043492449e26', 'name': 'Zaddock Odero - offer letter 150k.pdf'}]",https://loandisk-borrowers-photo-thumbnails.s3.amazonaws.com/64e6f375bb488-6087100.jpg?X-Amz-Content-Sha256=UNSIGNED-PAYLOAD&X-Amz-Algorithm=AWS4-HMAC-SHA256&X-Amz-Credential=AKIAYUBLFC5TP3LJIQ5H%2F20251003%2Fus-east-1%2Fs3%2Faws4_request&X-Amz-Date=20251003T135115Z&X-Amz-SignedHeaders=host&X-Amz-Expires=28800&X-Amz-Signature=a426ce90ab3358edc6190a9cd8877157514785081cd64dc944d05dca607da431,,Richard Litunya,,27133
9026880,36800,3152964,29307,27996,350000.00,35000.00,16/08/2025,flat_rate,percentage,Month,10.0000,Months,1,3,1,0.00,round_off_to_two_decimal,,,,,,,,,,,,,,,,,,,,,,,,,,,,441000.00,424000,0,424000.0,350000.0,18000.0,0.0,56000.0,17,350000.0,18000.0,0.0,56000.0,[],424000.00,16/09/2025,17000.00,6,,0,,0,,0,,0,,0,,0,,0,,0,,0,,0,,0,,0,0,0,0,0,0,0,0,0,0,0,0,0.00,1,,,,"[{'id': 'custom_field_23347', 'name': 'Sales Person'}, {'id': 'custom_field_23167', 'name': 'National ID'}, {'id': 'custom_field_23348', 'name': 'Sales Person(Agent/TL/RO)'}]",KE,ANDREW,DAVID OPIYO BWIRE,,1000171,Male,1,0722743660,dbwiray@gmail.com,05/09/1976,62413-00200,NAIROBI,NAIROBI,,0721744474,,GOOD,63cfdfae49e39-4436272.jpeg,,,[89478],14417326,DIANA SIGEI,"[{'file_id': 3365515, 's3_link': 'https://loandisk-borrowers.s3.amazonaws.com/WhatsApp%20Image%202023-01-24%20at%204.36.06%20PM-4436262.jpeg?response-content-disposition=attachment%3B%20filename%3D%22WhatsApp%2520Image%25202023-01-24%2520at%25204.36.06%2520PM.jpeg%22&X-Amz-Content-Sha256=UNSIGNED-PAYLOAD&X-Amz-Algorithm=AWS4-HMAC-SHA256&X-Amz-Credential=AKIAYUBLFC5TP3LJIQ5H%2F20251003%2Fus-east-1%2Fs3%2Faws4_request&X-Amz-Date=20251003T135115Z&X-Amz-SignedHeaders=host&X-Amz-Expires=28800&X-Amz-Signature=93795114585ed3634a8e99a2144d987dd62230e3142570e93be1ccfe6343af11', 'name': 'WhatsApp Image 2023-01-24 at 4.36.06 PM.jpeg'}, {'file_id': 3365516, 's3_link': 'https://loandisk-borrowers.s3.amazonaws.com/WhatsApp%20Image%202023-01-24%20at%204.35.56%20PM-4436263.jpeg?response-content-disposition=attachment%3B%20filename%3D%22WhatsApp%2520Image%25202023-01-24%2520at%25204.35.56%2520PM.jpeg%22&X-Amz-Content-Sha256=UNSIGNED-PAYLOAD&X-Amz-Algorithm=AWS4-HMAC-SHA256&X-Amz-Credential=AKIAYUBLFC5TP3LJIQ5H%2F20251003%2Fus-east-1%2Fs3%2Faws4_request&X-Amz-Date=20251003T135115Z&X-Amz-SignedHeaders=host&X-Amz-Expires=28800&X-Amz-Signature=dd0530d665072e005fd3d3ae7131fa6248767861f884f0c1905335e3799d402a', 'name': 'WhatsApp Image 2023-01-24 at 4.35.56 PM.jpeg'}, {'file_id': 3365517, 's3_link': 'https://loandisk-borrowers.s3.amazonaws.com/WhatsApp%20Image%202023-01-24%20at%204.35.01%20PM-4436264.jpeg?response-content-disposition=attachment%3B%20filename%3D%22WhatsApp%2520Image%25202023-01-24%2520at%25204.35.01%2520PM.jpeg%22&X-Amz-Content-Sha256=UNSIGNED-PAYLOAD&X-Amz-Algorithm=AWS4-HMAC-SHA256&X-Amz-Credential=AKIAYUBLFC5TP3LJIQ5H%2F20251003%2Fus-east-1%2Fs3%2Faws4_request&X-Amz-Date=20251003T135115Z&X-Amz-SignedHeaders=host&X-Amz-Expires=28800&X-Amz-Signature=9742495276606f155045c9df4aa6a1a6b67ecb44af27001b0fba53c7b0522f0a', 'name': 'WhatsApp Image 2023-01-24 at 4.35.01 PM.jpeg'}, {'file_id': 6808307, 's3_link': 'https://loandisk-borrowers.s3.amazonaws.com/Andrew%20David%20Opiyo%20-%20Advanced%20Offer%20Letter-9475640.pdf?response-content-disposition=attachment%3B%20filename%3D%22Andrew%2520David%2520Opiyo%2520-%2520Advanced%2520Offer%2520Letter.pdf%22&X-Amz-Content-Sha256=UNSIGNED-PAYLOAD&X-Amz-Algorithm=AWS4-HMAC-SHA256&X-Amz-Credential=AKIAYUBLFC5TP3LJIQ5H%2F20251003%2Fus-east-1%2Fs3%2Faws4_request&X-Amz-Date=20251003T135115Z&X-Amz-SignedHeaders=host&X-Amz-Expires=28800&X-Amz-Signature=f166d617a5d5191465e76816672bcf28973dac58ca30722f855a21a55eeeadb9', 'name': 'Andrew David Opiyo - Advanced Offer Letter.pdf'}, {'file_id': 7137316, 's3_link': 'https://loandisk-borrowers.s3.amazonaws.com/Andrew%20David%20-%20Advanced%20Offer%20Letter-9953813.pdf?response-content-disposition=attachment%3B%20filename%3D%22Andrew%2520David%2520-%2520Advanced%2520Offer%2520Letter.pdf%22&X-Amz-Content-Sha256=UNSIGNED-PAYLOAD&X-Amz-Algorithm=AWS4-HMAC-SHA256&X-Amz-Credential=AKIAYUBLFC5TP3LJIQ5H%2F20251003%2Fus-east-1%2Fs3%2Faws4_request&X-Amz-Date=20251003T135115Z&X-Amz-SignedHeaders=host&X-Amz-Expires=28800&X-Amz-Signature=502f7106751522bd28c10e01c81e04d4bbd3aaf7821961f325212f091abe72d0', 'name': 'Andrew David - Advanced Offer Letter.pdf'}, {'file_id': 7170213, 's3_link': 'https://loandisk-borrowers.s3.amazonaws.com/Andrew%20David%20-%20Motor%20vehicle-9998640.jpg?response-content-disposition=attachment%3B%20filename%3D%22Andrew%2520David%2520-%2520Motor%2520vehicle.jpg%22&X-Amz-Content-Sha256=UNSIGNED-PAYLOAD&X-Amz-Algorithm=AWS4-HMAC-SHA256&X-Amz-Credential=AKIAYUBLFC5TP3LJIQ5H%2F20251003%2Fus-east-1%2Fs3%2Faws4_request&X-Amz-Date=20251003T135115Z&X-Amz-SignedHeaders=host&X-Amz-Expires=28800&X-Amz-Signature=3f543007b587b9ab150ed683ee41391d3334919db49f9cf54f5bcb132d1004ee', 'name': 'Andrew David - Motor vehicle.jpg'}, {'file_id': 7170214, 's3_link': 'https://loandisk-borrowers.s3.amazonaws.com/Andrew%20David%20-%20Logbook%2C%20Motor%20Vehicle%20Records%20%26%20Transfer%20of%20ownership%20form%2C%20NTSA%20Receipt-9998639.pdf?response-content-disposition=attachment%3B%20filename%3D%22Andrew%2520David%2520-%2520Logbook%252C%2520Motor%2520Vehicle%2520Records%2520%2526%2520Transfer%2520of%2520ownership%2520form%252C%2520NTSA%2520Receipt.pdf%22&X-Amz-Content-Sha256=UNSIGNED-PAYLOAD&X-Amz-Algorithm=AWS4-HMAC-SHA256&X-Amz-Credential=AKIAYUBLFC5TP3LJIQ5H%2F20251003%2Fus-east-1%2Fs3%2Faws4_request&X-Amz-Date=20251003T135115Z&X-Amz-SignedHeaders=host&X-Amz-Expires=28800&X-Amz-Signature=381fe897732ff8e878d3f97cd1492e563df2e0c9977b5fe2940052df3389cc60', 'name': 'Andrew David - Logbook, Motor Vehicle Records & Transfer of ownership form, NTSA Receipt.pdf'}, {'file_id': 7170215, 's3_link': 'https://loandisk-borrowers.s3.amazonaws.com/Andrew%20David%20-%20Offer%20Letter-9998641.pdf?response-content-disposition=attachment%3B%20filename%3D%22Andrew%2520David%2520-%2520Offer%2520Letter.pdf%22&X-Amz-Content-Sha256=UNSIGNED-PAYLOAD&X-Amz-Algorithm=AWS4-HMAC-SHA256&X-Amz-Credential=AKIAYUBLFC5TP3LJIQ5H%2F20251003%2Fus-east-1%2Fs3%2Faws4_request&X-Amz-Date=20251003T135115Z&X-Amz-SignedHeaders=host&X-Amz-Expires=28800&X-Amz-Signature=3120a2c297c94791ee93a37ffc2e24ee4e995d4d2ef8b6523ab1b6e20d8fc25d', 'name': 'Andrew David - Offer Letter.pdf'}, {'file_id': 7170216, 's3_link': 'https://loandisk-borrowers.s3.amazonaws.com/Andrew%20David%20-%20Loan%20Form-9998638.pdf?response-content-disposition=attachment%3B%20filename%3D%22Andrew%2520David%2520-%2520Loan%2520Form.pdf%22&X-Amz-Content-Sha256=UNSIGNED-PAYLOAD&X-Amz-Algorithm=AWS4-HMAC-SHA256&X-Amz-Credential=AKIAYUBLFC5TP3LJIQ5H%2F20251003%2Fus-east-1%2Fs3%2Faws4_request&X-Amz-Date=20251003T135115Z&X-Amz-SignedHeaders=host&X-Amz-Expires=28800&X-Amz-Signature=fe5baa04decaded7c44b1bedb0b66866748cc2ec7eb8a0bf94dee999440b63a5', 'name': 'Andrew David - Loan Form.pdf'}, {'file_id': 7170217, 's3_link': 'https://loandisk-borrowers.s3.amazonaws.com/Andrew%20David%20-%20Security%20Agreement%20Form-9998642.pdf?response-content-disposition=attachment%3B%20filename%3D%22Andrew%2520David%2520-%2520Security%2520Agreement%2520Form.pdf%22&X-Amz-Content-Sha256=UNSIGNED-PAYLOAD&X-Amz-Algorithm=AWS4-HMAC-SHA256&X-Amz-Credential=AKIAYUBLFC5TP3LJIQ5H%2F20251003%2Fus-east-1%2Fs3%2Faws4_request&X-Amz-Date=20251003T135115Z&X-Amz-SignedHeaders=host&X-Amz-Expires=28800&X-Amz-Signature=8068718989735def6bafac8659b5d55cfa10651e8ceef5c84fa4b91a768914a7', 'name': 'Andrew David - Security Agreement Form.pdf'}, {'file_id': 7177266, 's3_link': 'https://loandisk-borrowers.s3.amazonaws.com/KCC%20433N%20%20ICF-10008183.pdf?response-content-disposition=attachment%3B%20filename%3D%22KCC%2520433N%2520%2520ICF.pdf%22&X-Amz-Content-Sha256=UNSIGNED-PAYLOAD&X-Amz-Algorithm=AWS4-HMAC-SHA256&X-Amz-Credential=AKIAYUBLFC5TP3LJIQ5H%2F20251003%2Fus-east-1%2Fs3%2Faws4_request&X-Amz-Date=20251003T135115Z&X-Amz-SignedHeaders=host&X-Amz-Expires=28800&X-Amz-Signature=0387bcab6455653e2b4a56c0677e797d8d30dfb1e02a57e39cb5831280fd1c9f', 'name': 'KCC 433N  ICF.pdf'}, {'file_id': 7605967, 's3_link': 'https://loandisk-borrowers.s3.amazonaws.com/Andrew%20David%20-%202nd%20Advanced%20Offer%20Letter-10640799.pdf?response-content-disposition=attachment%3B%20filename%3D%22Andrew%2520David%2520-%25202nd%2520Advanced%2520Offer%2520Letter.pdf%22&X-Amz-Content-Sha256=UNSIGNED-PAYLOAD&X-Amz-Algorithm=AWS4-HMAC-SHA256&X-Amz-Credential=AKIAYUBLFC5TP3LJIQ5H%2F20251003%2Fus-east-1%2Fs3%2Faws4_request&X-Amz-Date=20251003T135115Z&X-Amz-SignedHeaders=host&X-Amz-Expires=28800&X-Amz-Signature=8c364787c3a9e80765ab0b58859be677053f9a5a70b8cd6129dd1c16a7aacb67', 'name': 'Andrew David - 2nd Advanced Offer Letter.pdf'}, {'file_id': 7780860, 's3_link': 'https://loandisk-borrowers.s3.amazonaws.com/Andrew%20David%20-%203rd%20Advanced%20Offer%20Letter-10903741.pdf?response-content-disposition=attachment%3B%20filename%3D%22Andrew%2520David%2520-%25203rd%2520Advanced%2520Offer%2520Letter.pdf%22&X-Amz-Content-Sha256=UNSIGNED-PAYLOAD&X-Amz-Algorithm=AWS4-HMAC-SHA256&X-Amz-Credential=AKIAYUBLFC5TP3LJIQ5H%2F20251003%2Fus-east-1%2Fs3%2Faws4_request&X-Amz-Date=20251003T135115Z&X-Amz-SignedHeaders=host&X-Amz-Expires=28800&X-Amz-Signature=8b48ed020c7d399a1b20e93a93c4bc3e2ea79d169cdc08918786c5cec1499ce5', 'name': 'Andrew David - 3rd Advanced Offer Letter.pdf'}, {'file_id': 8118899, 's3_link': 'https://loandisk-borrowers.s3.amazonaws.com/Andrew%20David%20-%204th%20Advanced%20Offer%20letter-11404364.pdf?response-content-disposition=attachment%3B%20filename%3D%22Andrew%2520David%2520-%25204th%2520Advanced%2520Offer%2520letter.pdf%22&X-Amz-Content-Sha256=UNSIGNED-PAYLOAD&X-Amz-Algorithm=AWS4-HMAC-SHA256&X-Amz-Credential=AKIAYUBLFC5TP3LJIQ5H%2F20251003%2Fus-east-1%2Fs3%2Faws4_request&X-Amz-Date=20251003T135115Z&X-Amz-SignedHeaders=host&X-Amz-Expires=28800&X-Amz-Signature=be3c5013c0469312149c6748382a904b8aa322712a6bc0089ac92bde716a59fe', 'name': 'Andrew David - 4th Advanced Offer letter.pdf'}, {'file_id': 8347139, 's3_link': 'https://loandisk-borrowers.s3.amazonaws.com/Andrew%20David%20-%205th%20Advanced%20offer%20letter-11734785.pdf?response-content-disposition=attachment%3B%20filename%3D%22Andrew%2520David%2520-%25205th%2520Advanced%2520offer%2520letter.pdf%22&X-Amz-Content-Sha256=UNSIGNED-PAYLOAD&X-Amz-Algorithm=AWS4-HMAC-SHA256&X-Amz-Credential=AKIAYUBLFC5TP3LJIQ5H%2F20251003%2Fus-east-1%2Fs3%2Faws4_request&X-Amz-Date=20251003T135115Z&X-Amz-SignedHeaders=host&X-Amz-Expires=28800&X-Amz-Signature=297c7678c38845e3befa0bad5f3775f9396c99dee764da4f4998550deeaddf8d', 'name': 'Andrew David - 5th Advanced offer letter.pdf'}, {'file_id': 8786542, 's3_link': 'https://loandisk-borrowers.s3.amazonaws.com/Andrew%20David%20-7th%20Advanced%20offer%20letter-12375120.pdf?response-content-disposition=attachment%3B%20filename%3D%22Andrew%2520David%2520-7th%2520Advanced%2520offer%2520letter.pdf%22&X-Amz-Content-Sha256=UNSIGNED-PAYLOAD&X-Amz-Algorithm=AWS4-HMAC-SHA256&X-Amz-Credential=AKIAYUBLFC5TP3LJIQ5H%2F20251003%2Fus-east-1%2Fs3%2Faws4_request&X-Amz-Date=20251003T135115Z&X-Amz-SignedHeaders=host&X-Amz-Expires=28800&X-Amz-Signature=0c78a9a39f71de82ed7b1978273af109ea569577302e379980ba234c0a6f606c', 'name': 'Andrew David -7th Advanced offer letter.pdf'}, {'file_id': 9069629, 's3_link': 'https://loandisk-borrowers.s3.amazonaws.com/Andrew%20Bwire%20-%20Demand%20letter-12789560.pdf?response-content-disposition=attachment%3B%20filename%3D%22Andrew%2520Bwire%2520-%2520Demand%2520letter.pdf%22&X-Amz-Content-Sha256=UNSIGNED-PAYLOAD&X-Amz-Algorithm=AWS4-HMAC-SHA256&X-Amz-Credential=AKIAYUBLFC5TP3LJIQ5H%2F20251003%2Fus-east-1%2Fs3%2Faws4_request&X-Amz-Date=20251003T135115Z&X-Amz-SignedHeaders=host&X-Amz-Expires=28800&X-Amz-Signature=2f612d27fd302f59467c448018336637f85ea3c6203979595d674bc33b44f187', 'name': 'Andrew Bwire - Demand letter.pdf'}]",https://loandisk-borrowers-photo-thumbnails.s3.amazonaws.com/63cfdfae49e39-4436272.jpeg?X-Amz-Content-Sha256=UNSIGNED-PAYLOAD&X-Amz-Algorithm=AWS4-HMAC-SHA256&X-Amz-Credential=AKIAYUBLFC5TP3LJIQ5H%2F20251003%2Fus-east-1%2Fs3%2Faws4_request&X-Amz-Date=20251003T135115Z&X-Amz-SignedHeaders=host&X-Amz-Expires=28800&X-Amz-Signature=7650a5d5ba3ebb6a70eb53cb053384a65f8630f7c257cb3875bbc83460a4fc98,"[{'file_id': 8786541, 's3_link': 'https://loandisk-loans.s3.amazonaws.com/Andrew%20David%20-7th%20Advanced%20offer%20letter-12375118.pdf?response-content-disposition=attachment%3B%20filename%3D%22Andrew%2520David%2520-7th%2520Advanced%2520offer%2520letter.pdf%22&X-Amz-Content-Sha256=UNSIGNED-PAYLOAD&X-Amz-Algorithm=AWS4-HMAC-SHA256&X-Amz-Credential=AKIAYUBLFC5TP3LJIQ5H%2F20251003%2Fus-east-1%2Fs3%2Faws4_request&X-Amz-Date=20251003T135115Z&X-Amz-SignedHeaders=host&X-Amz-Expires=28800&X-Amz-Signature=f7c4ea410a1e026276847e61fda6965b3a5a281c19e75e6f281a4b212dc20281', 'name': 'Andrew David -7th Advanced offer letter.pdf'}]",Linet Nyanya,,27133
9032752,36800,3152964,29310,27996,275000.00,27500.00,17/08/2025,flat_rate,percentage,Month,10.0000,Months,1,3,1,0.00,round_off_to_two_decimal,,,,,,,,,,,,,,,,,,,,,,,,,,,,343750.00,343750,0,343750.0,275000.0,27500.0,0.0,41250.0,16,275000.0,27500.0,0.0,41250.0,"[{'loan_id': 8856974}, {'loan_id': 8630419}]",343750.00,17/09/2025,0.00,6,,0,,0,,0,,0,,0,,0,,0,,0,,0,,0,,0,,0,0,0,0,0,0,0,0,0,0,0,0,0.00,1,,,,"[{'id': 'custom_field_23347', 'name': 'Sales Person'}, {'id': 'custom_field_23167', 'name': 'National ID'}, {'id': 'custom_field_23348', 'name': 'Sales Person(Agent/TL/RO)'}]",KE,ANDREW,DAVID OPIYO BWIRE,,1000171,Male,1,0722743660,dbwiray@gmail.com,05/09/1976,62413-00200,NAIROBI,NAIROBI,,0721744474,,GOOD,63cfdfae49e39-4436272.jpeg,,,[89478],14417326,DIANA SIGEI,"[{'file_id': 3365515, 's3_link': 'https://loandisk-borrowers.s3.amazonaws.com/WhatsApp%20Image%202023-01-24%20at%204.36.06%20PM-4436262.jpeg?response-content-disposition=attachment%3B%20filename%3D%22WhatsApp%2520Image%25202023-01-24%2520at%25204.36.06%2520PM.jpeg%22&X-Amz-Content-Sha256=UNSIGNED-PAYLOAD&X-Amz-Algorithm=AWS4-HMAC-SHA256&X-Amz-Credential=AKIAYUBLFC5TP3LJIQ5H%2F20251003%2Fus-east-1%2Fs3%2Faws4_request&X-Amz-Date=20251003T135115Z&X-Amz-SignedHeaders=host&X-Amz-Expires=28800&X-Amz-Signature=93795114585ed3634a8e99a2144d987dd62230e3142570e93be1ccfe6343af11', 'name': 'WhatsApp Image 2023-01-24 at 4.36.06 PM.jpeg'}, {'file_id': 3365516, 's3_link': 'https://loandisk-borrowers.s3.amazonaws.com/WhatsApp%20Image%202023-01-24%20at%204.35.56%20PM-4436263.jpeg?response-content-disposition=attachment%3B%20filename%3D%22WhatsApp%2520Image%25202023-01-24%2520at%25204.35.56%2520PM.jpeg%22&X-Amz-Content-Sha256=UNSIGNED-PAYLOAD&X-Amz-Algorithm=AWS4-HMAC-SHA256&X-Amz-Credential=AKIAYUBLFC5TP3LJIQ5H%2F20251003%2Fus-east-1%2Fs3%2Faws4_request&X-Amz-Date=20251003T135115Z&X-Amz-SignedHeaders=host&X-Amz-Expires=28800&X-Amz-Signature=dd0530d665072e005fd3d3ae7131fa6248767861f884f0c1905335e3799d402a', 'name': 'WhatsApp Image 2023-01-24 at 4.35.56 PM.jpeg'}, {'file_id': 3365517, 's3_link': 'https://loandisk-borrowers.s3.amazonaws.com/WhatsApp%20Image%202023-01-24%20at%204.35.01%20PM-4436264.jpeg?response-content-disposition=attachment%3B%20filename%3D%22WhatsApp%2520Image%25202023-01-24%2520at%25204.35.01%2520PM.jpeg%22&X-Amz-Content-Sha256=UNSIGNED-PAYLOAD&X-Amz-Algorithm=AWS4-HMAC-SHA256&X-Amz-Credential=AKIAYUBLFC5TP3LJIQ5H%2F20251003%2Fus-east-1%2Fs3%2Faws4_request&X-Amz-Date=20251003T135115Z&X-Amz-SignedHeaders=host&X-Amz-Expires=28800&X-Amz-Signature=9742495276606f155045c9df4aa6a1a6b67ecb44af27001b0fba53c7b0522f0a', 'name': 'WhatsApp Image 2023-01-24 at 4.35.01 PM.jpeg'}, {'file_id': 6808307, 's3_link': 'https://loandisk-borrowers.s3.amazonaws.com/Andrew%20David%20Opiyo%20-%20Advanced%20Offer%20Letter-9475640.pdf?response-content-disposition=attachment%3B%20filename%3D%22Andrew%2520David%2520Opiyo%2520-%2520Advanced%2520Offer%2520Letter.pdf%22&X-Amz-Content-Sha256=UNSIGNED-PAYLOAD&X-Amz-Algorithm=AWS4-HMAC-SHA256&X-Amz-Credential=AKIAYUBLFC5TP3LJIQ5H%2F20251003%2Fus-east-1%2Fs3%2Faws4_request&X-Amz-Date=20251003T135115Z&X-Amz-SignedHeaders=host&X-Amz-Expires=28800&X-Amz-Signature=f166d617a5d5191465e76816672bcf28973dac58ca30722f855a21a55eeeadb9', 'name': 'Andrew David Opiyo - Advanced Offer Letter.pdf'}, {'file_id': 7137316, 's3_link': 'https://loandisk-borrowers.s3.amazonaws.com/Andrew%20David%20-%20Advanced%20Offer%20Letter-9953813.pdf?response-content-disposition=attachment%3B%20filename%3D%22Andrew%2520David%2520-%2520Advanced%2520Offer%2520Letter.pdf%22&X-Amz-Content-Sha256=UNSIGNED-PAYLOAD&X-Amz-Algorithm=AWS4-HMAC-SHA256&X-Amz-Credential=AKIAYUBLFC5TP3LJIQ5H%2F20251003%2Fus-east-1%2Fs3%2Faws4_request&X-Amz-Date=20251003T135115Z&X-Amz-SignedHeaders=host&X-Amz-Expires=28800&X-Amz-Signature=502f7106751522bd28c10e01c81e04d4bbd3aaf7821961f325212f091abe72d0', 'name': 'Andrew David - Advanced Offer Letter.pdf'}, {'file_id': 7170213, 's3_link': 'https://loandisk-borrowers.s3.amazonaws.com/Andrew%20David%20-%20Motor%20vehicle-9998640.jpg?response-content-disposition=attachment%3B%20filename%3D%22Andrew%2520David%2520-%2520Motor%2520vehicle.jpg%22&X-Amz-Content-Sha256=UNSIGNED-PAYLOAD&X-Amz-Algorithm=AWS4-HMAC-SHA256&X-Amz-Credential=AKIAYUBLFC5TP3LJIQ5H%2F20251003%2Fus-east-1%2Fs3%2Faws4_request&X-Amz-Date=20251003T135115Z&X-Amz-SignedHeaders=host&X-Amz-Expires=28800&X-Amz-Signature=3f543007b587b9ab150ed683ee41391d3334919db49f9cf54f5bcb132d1004ee', 'name': 'Andrew David - Motor vehicle.jpg'}, {'file_id': 7170214, 's3_link': 'https://loandisk-borrowers.s3.amazonaws.com/Andrew%20David%20-%20Logbook%2C%20Motor%20Vehicle%20Records%20%26%20Transfer%20of%20ownership%20form%2C%20NTSA%20Receipt-9998639.pdf?response-content-disposition=attachment%3B%20filename%3D%22Andrew%2520David%2520-%2520Logbook%252C%2520Motor%2520Vehicle%2520Records%2520%2526%2520Transfer%2520of%2520ownership%2520form%252C%2520NTSA%2520Receipt.pdf%22&X-Amz-Content-Sha256=UNSIGNED-PAYLOAD&X-Amz-Algorithm=AWS4-HMAC-SHA256&X-Amz-Credential=AKIAYUBLFC5TP3LJIQ5H%2F20251003%2Fus-east-1%2Fs3%2Faws4_request&X-Amz-Date=20251003T135115Z&X-Amz-SignedHeaders=host&X-Amz-Expires=28800&X-Amz-Signature=381fe897732ff8e878d3f97cd1492e563df2e0c9977b5fe2940052df3389cc60', 'name': 'Andrew David - Logbook, Motor Vehicle Records & Transfer of ownership form, NTSA Receipt.pdf'}, {'file_id': 7170215, 's3_link': 'https://loandisk-borrowers.s3.amazonaws.com/Andrew%20David%20-%20Offer%20Letter-9998641.pdf?response-content-disposition=attachment%3B%20filename%3D%22Andrew%2520David%2520-%2520Offer%2520Letter.pdf%22&X-Amz-Content-Sha256=UNSIGNED-PAYLOAD&X-Amz-Algorithm=AWS4-HMAC-SHA256&X-Amz-Credential=AKIAYUBLFC5TP3LJIQ5H%2F20251003%2Fus-east-1%2Fs3%2Faws4_request&X-Amz-Date=20251003T135115Z&X-Amz-SignedHeaders=host&X-Amz-Expires=28800&X-Amz-Signature=3120a2c297c94791ee93a37ffc2e24ee4e995d4d2ef8b6523ab1b6e20d8fc25d', 'name': 'Andrew David - Offer Letter.pdf'}, {'file_id': 7170216, 's3_link': 'https://loandisk-borrowers.s3.amazonaws.com/Andrew%20David%20-%20Loan%20Form-9998638.pdf?response-content-disposition=attachment%3B%20filename%3D%22Andrew%2520David%2520-%2520Loan%2520Form.pdf%22&X-Amz-Content-Sha256=UNSIGNED-PAYLOAD&X-Amz-Algorithm=AWS4-HMAC-SHA256&X-Amz-Credential=AKIAYUBLFC5TP3LJIQ5H%2F20251003%2Fus-east-1%2Fs3%2Faws4_request&X-Amz-Date=20251003T135115Z&X-Amz-SignedHeaders=host&X-Amz-Expires=28800&X-Amz-Signature=fe5baa04decaded7c44b1bedb0b66866748cc2ec7eb8a0bf94dee999440b63a5', 'name': 'Andrew David - Loan Form.pdf'}, {'file_id': 7170217, 's3_link': 'https://loandisk-borrowers.s3.amazonaws.com/Andrew%20David%20-%20Security%20Agreement%20Form-9998642.pdf?response-content-disposition=attachment%3B%20filename%3D%22Andrew%2520David%2520-%2520Security%2520Agreement%2520Form.pdf%22&X-Amz-Content-Sha256=UNSIGNED-PAYLOAD&X-Amz-Algorithm=AWS4-HMAC-SHA256&X-Amz-Credential=AKIAYUBLFC5TP3LJIQ5H%2F20251003%2Fus-east-1%2Fs3%2Faws4_request&X-Amz-Date=20251003T135115Z&X-Amz-SignedHeaders=host&X-Amz-Expires=28800&X-Amz-Signature=8068718989735def6bafac8659b5d55cfa10651e8ceef5c84fa4b91a768914a7', 'name': 'Andrew David - Security Agreement Form.pdf'}, {'file_id': 7177266, 's3_link': 'https://loandisk-borrowers.s3.amazonaws.com/KCC%20433N%20%20ICF-10008183.pdf?response-content-disposition=attachment%3B%20filename%3D%22KCC%2520433N%2520%2520ICF.pdf%22&X-Amz-Content-Sha256=UNSIGNED-PAYLOAD&X-Amz-Algorithm=AWS4-HMAC-SHA256&X-Amz-Credential=AKIAYUBLFC5TP3LJIQ5H%2F20251003%2Fus-east-1%2Fs3%2Faws4_request&X-Amz-Date=20251003T135115Z&X-Amz-SignedHeaders=host&X-Amz-Expires=28800&X-Amz-Signature=0387bcab6455653e2b4a56c0677e797d8d30dfb1e02a57e39cb5831280fd1c9f', 'name': 'KCC 433N  ICF.pdf'}, {'file_id': 7605967, 's3_link': 'https://loandisk-borrowers.s3.amazonaws.com/Andrew%20David%20-%202nd%20Advanced%20Offer%20Letter-10640799.pdf?response-content-disposition=attachment%3B%20filename%3D%22Andrew%2520David%2520-%25202nd%2520Advanced%2520Offer%2520Letter.pdf%22&X-Amz-Content-Sha256=UNSIGNED-PAYLOAD&X-Amz-Algorithm=AWS4-HMAC-SHA256&X-Amz-Credential=AKIAYUBLFC5TP3LJIQ5H%2F20251003%2Fus-east-1%2Fs3%2Faws4_request&X-Amz-Date=20251003T135115Z&X-Amz-SignedHeaders=host&X-Amz-Expires=28800&X-Amz-Signature=8c364787c3a9e80765ab0b58859be677053f9a5a70b8cd6129dd1c16a7aacb67', 'name': 'Andrew David - 2nd Advanced Offer Letter.pdf'}, {'file_id': 7780860, 's3_link': 'https://loandisk-borrowers.s3.amazonaws.com/Andrew%20David%20-%203rd%20Advanced%20Offer%20Letter-10903741.pdf?response-content-disposition=attachment%3B%20filename%3D%22Andrew%2520David%2520-%25203rd%2520Advanced%2520Offer%2520Letter.pdf%22&X-Amz-Content-Sha256=UNSIGNED-PAYLOAD&X-Amz-Algorithm=AWS4-HMAC-SHA256&X-Amz-Credential=AKIAYUBLFC5TP3LJIQ5H%2F20251003%2Fus-east-1%2Fs3%2Faws4_request&X-Amz-Date=20251003T135115Z&X-Amz-SignedHeaders=host&X-Amz-Expires=28800&X-Amz-Signature=8b48ed020c7d399a1b20e93a93c4bc3e2ea79d169cdc08918786c5cec1499ce5', 'name': 'Andrew David - 3rd Advanced Offer Letter.pdf'}, {'file_id': 8118899, 's3_link': 'https://loandisk-borrowers.s3.amazonaws.com/Andrew%20David%20-%204th%20Advanced%20Offer%20letter-11404364.pdf?response-content-disposition=attachment%3B%20filename%3D%22Andrew%2520David%2520-%25204th%2520Advanced%2520Offer%2520letter.pdf%22&X-Amz-Content-Sha256=UNSIGNED-PAYLOAD&X-Amz-Algorithm=AWS4-HMAC-SHA256&X-Amz-Credential=AKIAYUBLFC5TP3LJIQ5H%2F20251003%2Fus-east-1%2Fs3%2Faws4_request&X-Amz-Date=20251003T135115Z&X-Amz-SignedHeaders=host&X-Amz-Expires=28800&X-Amz-Signature=be3c5013c0469312149c6748382a904b8aa322712a6bc0089ac92bde716a59fe', 'name': 'Andrew David - 4th Advanced Offer letter.pdf'}, {'file_id': 8347139, 's3_link': 'https://loandisk-borrowers.s3.amazonaws.com/Andrew%20David%20-%205th%20Advanced%20offer%20letter-11734785.pdf?response-content-disposition=attachment%3B%20filename%3D%22Andrew%2520David%2520-%25205th%2520Advanced%2520offer%2520letter.pdf%22&X-Amz-Content-Sha256=UNSIGNED-PAYLOAD&X-Amz-Algorithm=AWS4-HMAC-SHA256&X-Amz-Credential=AKIAYUBLFC5TP3LJIQ5H%2F20251003%2Fus-east-1%2Fs3%2Faws4_request&X-Amz-Date=20251003T135115Z&X-Amz-SignedHeaders=host&X-Amz-Expires=28800&X-Amz-Signature=297c7678c38845e3befa0bad5f3775f9396c99dee764da4f4998550deeaddf8d', 'name': 'Andrew David - 5th Advanced offer letter.pdf'}, {'file_id': 8786542, 's3_link': 'https://loandisk-borrowers.s3.amazonaws.com/Andrew%20David%20-7th%20Advanced%20offer%20letter-12375120.pdf?response-content-disposition=attachment%3B%20filename%3D%22Andrew%2520David%2520-7th%2520Advanced%2520offer%2520letter.pdf%22&X-Amz-Content-Sha256=UNSIGNED-PAYLOAD&X-Amz-Algorithm=AWS4-HMAC-SHA256&X-Amz-Credential=AKIAYUBLFC5TP3LJIQ5H%2F20251003%2Fus-east-1%2Fs3%2Faws4_request&X-Amz-Date=20251003T135115Z&X-Amz-SignedHeaders=host&X-Amz-Expires=28800&X-Amz-Signature=0c78a9a39f71de82ed7b1978273af109ea569577302e379980ba234c0a6f606c', 'name': 'Andrew David -7th Advanced offer letter.pdf'}, {'file_id': 9069629, 's3_link': 'https://loandisk-borrowers.s3.amazonaws.com/Andrew%20Bwire%20-%20Demand%20letter-12789560.pdf?response-content-disposition=attachment%3B%20filename%3D%22Andrew%2520Bwire%2520-%2520Demand%2520letter.pdf%22&X-Amz-Content-Sha256=UNSIGNED-PAYLOAD&X-Amz-Algorithm=AWS4-HMAC-SHA256&X-Amz-Credential=AKIAYUBLFC5TP3LJIQ5H%2F20251003%2Fus-east-1%2Fs3%2Faws4_request&X-Amz-Date=20251003T135115Z&X-Amz-SignedHeaders=host&X-Amz-Expires=28800&X-Amz-Signature=2f612d27fd302f59467c448018336637f85ea3c6203979595d674bc33b44f187', 'name': 'Andrew Bwire - Demand letter.pdf'}]",https://loandisk-borrowers-photo-thumbnails.s3.amazonaws.com/63cfdfae49e39-4436272.jpeg?X-Amz-Content-Sha256=UNSIGNED-PAYLOAD&X-Amz-Algorithm=AWS4-HMAC-SHA256&X-Amz-Credential=AKIAYUBLFC5TP3LJIQ5H%2F20251003%2Fus-east-1%2Fs3%2Faws4_request&X-Amz-Date=20251003T135115Z&X-Amz-SignedHeaders=host&X-Amz-Expires=28800&X-Amz-Signature=7650a5d5ba3ebb6a70eb53cb053384a65f8630f7c257cb3875bbc83460a4fc98,,Linet Nyanya,,27133
9087977,240140,6884369,29355,27999,36194.00,4344.00,01/08/2025,flat_rate,percentage,Month,2.0000,Months,6,3,6,0.00,round_off_to_integer,,0.0,0.0,0.0,,0.00,0.00,,0.00,0.0,charge_interest_normally,charge_principal_normally,0.00,0.0,0.0,0.0,0.0,0.0,,0.0,0.0000,0.0,,,0.0,0.0,,41538.00,6923,6923,13846.0,12064.0,1448.0,334.0,0.0,32,36194.0,4344.0,1000.0,0.0,[],41538.00,01/02/2026,0.00,5,,0,,0,,0,distribute_fees_evenly,1000.00,,0,,0,,0,,0,,0,,0,,0,,0,0,0,0,0,0,0,0,0,0,0,0,0.00,1,0.0,,,"[{'id': 'custom_field_23347', 'name': 'Sales Person'}, {'id': 'custom_field_23167', 'name': 'National ID'}, {'id': 'custom_field_23348', 'name': 'Sales Person(Agent/TL/RO)'}]",KE,MAURICE,MUSAU,,1000513,Male,1,0748891597,,,,,,,,,,,,,[77749],28095034,ELVIS KOECH,,,,ELVIS KOECH,,27133
9096853,240140,6887960,29363,27999,66329.00,7962.00,27/08/2025,flat_rate,percentage,Month,2.0000,Months,6,3,6,0.00,round_off_to_integer,,0.0,0.0,0.0,,0.00,0.00,,0.00,0.0,charge_interest_normally,charge_principal_normally,0.00,0.0,0.0,0.0,0.0,0.0,,0.0,0.0000,0.0,,,0.0,0.0,,75291.00,0,12549,12549.0,11055.0,1327.0,167.0,0.0,6,66329.0,7962.0,1000.0,0.0,[],75291.00,27/02/2026,0.00,5,,0,,0,,0,distribute_fees_evenly,1000.00,,0,,0,,0,,0,,0,,0,,0,,0,0,0,0,0,0,0,0,0,0,0,0,0.00,1,0.0,,,"[{'id': 'custom_field_23347', 'name': 'Sales Person'}, {'id': 'custom_field_23167', 'name': 'National ID'}, {'id': 'custom_field_23348', 'name': 'Sales Person(Agent/TL/RO)'}]",KE,ABDIKHEIR MAHAT,BILLOW,,1000514,Male,1,0755216818,,,,,,,,,,,,,[77749],29027533,ELVIS KOECH,,,,ELVIS KOECH,,27133
9096915,253137,4750112,29365,27996,14700.00,1470.00,26/08/2025,flat_rate,percentage,Month,10.0000,Months,1,3,1,0.00,round_off_to_two_decimal,,,,,,,,,,,,,,,,,,,,,,,,,,,,66378.17,6178.17,0,6178.17,6117.0,0.0,0.0,61.17,7,6117.0,0.0,0.0,61.16999999999999,"[{'loan_id': 9012698}, {'loan_id': 8731114}, {'loan_id': 8584753}, {'loan_id': 8369289}, {'loan_id': 8156568}, {'loan_id': 7979341}, {'loan_id': 7776617}, {'loan_id': 7608462}, {'loan_id': 7461225}, {'loan_id': 7257169}, {'loan_id': 7065492}, {'loan_id': 6888042}, {'loan_id': 6709429}]",6178.17,26/09/2025,60200.00,6,,0,,0,,0,,0,,0,,0,,0,,0,,0,,0,,0,,0,0,0,0,0,0,0,0,0,0,0,0,0.00,1,,,,"[{'id': 'custom_field_23347', 'name': 'Sales Person'}, {'id': 'custom_field_23167', 'name': 'National ID'}, {'id': 'custom_field_23348', 'name': 'Sales Person(Agent/TL/RO)'}]",KE,STANLEY,KIBARU GAKAMI,,1000289,Male,1,0714895352,stanleygakami97@gmail.com,01/01/1972,,Nairobi,Tala,,,,,6549e8f6850c3-6683085.jpg,,,[89478],11384630,LINET NYANYA,"[{'file_id': 4854160, 's3_link': 'https://loandisk-borrowers.s3.amazonaws.com/Stanley%20gakami%20loan%20form-6683070.pdf?response-content-disposition=attachment%3B%20filename%3D%22Stanley%2520gakami%2520loan%2520form.pdf%22&X-Amz-Content-Sha256=UNSIGNED-PAYLOAD&X-Amz-Algorithm=AWS4-HMAC-SHA256&X-Amz-Credential=AKIAYUBLFC5TP3LJIQ5H%2F20251003%2Fus-east-1%2Fs3%2Faws4_request&X-Amz-Date=20251003T135115Z&X-Amz-SignedHeaders=host&X-Amz-Expires=28800&X-Amz-Signature=936a7784feb9b7b1eb4447f282ed53957a2843c63002d7a40a634dc7c78492ec', 'name': 'Stanley gakami loan form.pdf'}, {'file_id': 4854161, 's3_link': 'https://loandisk-borrowers.s3.amazonaws.com/Stanley%20Gakami%20offer%20letter-6683081.pdf?response-content-disposition=attachment%3B%20filename%3D%22Stanley%2520Gakami%2520offer%2520letter.pdf%22&X-Amz-Content-Sha256=UNSIGNED-PAYLOAD&X-Amz-Algorithm=AWS4-HMAC-SHA256&X-Amz-Credential=AKIAYUBLFC5TP3LJIQ5H%2F20251003%2Fus-east-1%2Fs3%2Faws4_request&X-Amz-Date=20251003T135115Z&X-Amz-SignedHeaders=host&X-Amz-Expires=28800&X-Amz-Signature=d30ccd6eac7c7efec25442359b8460744c88dd61cf93d33eb9cf14c85d1d87fc', 'name': 'Stanley Gakami offer letter.pdf'}, {'file_id': 6235799, 's3_link': 'https://loandisk-borrowers.s3.amazonaws.com/Stanley%20Kibaru%20-%20Advanced%20Offer%20Letter-8637826.pdf?response-content-disposition=attachment%3B%20filename%3D%22Stanley%2520Kibaru%2520-%2520Advanced%2520Offer%2520Letter.pdf%22&X-Amz-Content-Sha256=UNSIGNED-PAYLOAD&X-Amz-Algorithm=AWS4-HMAC-SHA256&X-Amz-Credential=AKIAYUBLFC5TP3LJIQ5H%2F20251003%2Fus-east-1%2Fs3%2Faws4_request&X-Amz-Date=20251003T135115Z&X-Amz-SignedHeaders=host&X-Amz-Expires=28800&X-Amz-Signature=85b7384c9a39df8174bd3dfbcd908d52705dff0e59d0e763f01c3a2955421e47', 'name': 'Stanley Kibaru - Advanced Offer Letter.pdf'}, {'file_id': 8507973, 's3_link': 'https://loandisk-borrowers.s3.amazonaws.com/Stanley%20Kibaru%20Gakami%20-%20Demand%20Letter-11971146.pdf?response-content-disposition=attachment%3B%20filename%3D%22Stanley%2520Kibaru%2520Gakami%2520-%2520Demand%2520Letter.pdf%22&X-Amz-Content-Sha256=UNSIGNED-PAYLOAD&X-Amz-Algorithm=AWS4-HMAC-SHA256&X-Amz-Credential=AKIAYUBLFC5TP3LJIQ5H%2F20251003%2Fus-east-1%2Fs3%2Faws4_request&X-Amz-Date=20251003T135115Z&X-Amz-SignedHeaders=host&X-Amz-Expires=28800&X-Amz-Signature=1f16c56c13ec97a5de7eff6956939ef28d4b44be87e408a485ece43f3b022a5f', 'name': 'Stanley Kibaru Gakami - Demand Letter.pdf'}, {'file_id': 8691711, 's3_link': 'https://loandisk-borrowers.s3.amazonaws.com/Stanley%20Kibaru%20-%20auctioneers%20act-12240552.pdf?response-content-disposition=attachment%3B%20filename%3D%22Stanley%2520Kibaru%2520-%2520auctioneers%2520act.pdf%22&X-Amz-Content-Sha256=UNSIGNED-PAYLOAD&X-Amz-Algorithm=AWS4-HMAC-SHA256&X-Amz-Credential=AKIAYUBLFC5TP3LJIQ5H%2F20251003%2Fus-east-1%2Fs3%2Faws4_request&X-Amz-Date=20251003T135115Z&X-Amz-SignedHeaders=host&X-Amz-Expires=28800&X-Amz-Signature=632dd488f43783d9a5a4a66eb9c1c32bd77baa7c07a78a744568913994685e08', 'name': 'Stanley Kibaru - auctioneers act.pdf'}, {'file_id': 8785320, 's3_link': 'https://loandisk-borrowers.s3.amazonaws.com/Stanley%20Kibaru%20-%20Sale%20%26%20Repossesion-12373611.pdf?response-content-disposition=attachment%3B%20filename%3D%22Stanley%2520Kibaru%2520-%2520Sale%2520%2526%2520Repossesion.pdf%22&X-Amz-Content-Sha256=UNSIGNED-PAYLOAD&X-Amz-Algorithm=AWS4-HMAC-SHA256&X-Amz-Credential=AKIAYUBLFC5TP3LJIQ5H%2F20251003%2Fus-east-1%2Fs3%2Faws4_request&X-Amz-Date=20251003T135115Z&X-Amz-SignedHeaders=host&X-Amz-Expires=28800&X-Amz-Signature=0bc78e273340878a6facadb75fa4df3606670399313323878a14ddefb602ce03', 'name': 'Stanley Kibaru - Sale & Repossesion.pdf'}]",https://loandisk-borrowers-photo-thumbnails.s3.amazonaws.com/6549e8f6850c3-6683085.jpg?X-Amz-Content-Sha256=UNSIGNED-PAYLOAD&X-Amz-Algorithm=AWS4-HMAC-SHA256&X-Amz-Credential=AKIAYUBLFC5TP3LJIQ5H%2F20251003%2Fus-east-1%2Fs3%2Faws4_request&X-Amz-Date=20251003T135115Z&X-Amz-SignedHeaders=host&X-Amz-Expires=28800&X-Amz-Signature=ed2af85712688bdb52952187f9ae7de03072fe6391693543ebe850ad53049cf8,,Linet Nyanya,,27133
9103421,237706,5886518,29366,27999,168000.00,60480.00,28/08/2025,flat_rate,percentage,Month,3.0000,Months,12,3,12,0.00,round_off_to_two_decimal,,,,,,,,,,,,,,,,,,,,,,,,,,,,269520.00,0,20618.77,20618.77,14000.0,5040.0,1578.77,0.0,5,168000.0,60480.0,34578.77,0.0,[],268098.77,28/08/2026,1421.23,16,,0,,0,,0,,0,,0,dont_include,3.0000,,0,,0,,0,,0,,0,distribute_fees_evenly,36000.00,0,0,0,0,0,0,0,0,0,0,0,0.00,1,,,,"[{'id': 'custom_field_23347', 'name': 'Sales Person'}, {'id': 'custom_field_23167', 'name': 'National ID'}, {'id': 'custom_field_23348', 'name': 'Sales Person(Agent/TL/RO)'}]",KE,VALENTINE,OTIENO ODUOR,VALSTRUCT CONTRACTORS LTD,28886538,Male,1,0710104695,oduor92@gmail.com,19/02/1992,1959,KISUMU,"UTAWALA - TEMBO COURT RD, IVORY CONDOS ESTATE - HOUSE NO:3E",40100,0704026453,,GOOD,6720e4388e6e0-9519749.jpg,,,[77749],28886538,MIRIAM NJERI,"[{'file_id': 6839176, 's3_link': 'https://loandisk-borrowers.s3.amazonaws.com/Valentine%20Otieno%20-%20Data%20portability%20form%20%26%20Mugo%20Letter-9519731.pdf?response-content-disposition=attachment%3B%20filename%3D%22Valentine%2520Otieno%2520-%2520Data%2520portability%2520form%2520%2526%2520Mugo%2520Letter.pdf%22&X-Amz-Content-Sha256=UNSIGNED-PAYLOAD&X-Amz-Algorithm=AWS4-HMAC-SHA256&X-Amz-Credential=AKIAYUBLFC5TP3LJIQ5H%2F20251003%2Fus-east-1%2Fs3%2Faws4_request&X-Amz-Date=20251003T135115Z&X-Amz-SignedHeaders=host&X-Amz-Expires=28800&X-Amz-Signature=c6cb7bbb71e9fde58e3993aed6731ffc9e63630d9066e899bd0b47e2230102f6', 'name': 'Valentine Otieno - Data portability form & Mugo Letter.pdf'}, {'file_id': 6839177, 's3_link': 'https://loandisk-borrowers.s3.amazonaws.com/Valentine%20Otieno%20-%20IPF%20Forms%20%26%20Comprehensive%20form-9519733.pdf?response-content-disposition=attachment%3B%20filename%3D%22Valentine%2520Otieno%2520-%2520IPF%2520Forms%2520%2526%2520Comprehensive%2520form.pdf%22&X-Amz-Content-Sha256=UNSIGNED-PAYLOAD&X-Amz-Algorithm=AWS4-HMAC-SHA256&X-Amz-Credential=AKIAYUBLFC5TP3LJIQ5H%2F20251003%2Fus-east-1%2Fs3%2Faws4_request&X-Amz-Date=20251003T135115Z&X-Amz-SignedHeaders=host&X-Amz-Expires=28800&X-Amz-Signature=c860ee452cb02da512d1f93560c7ebff779ab9471b99bb8b67197d86a5dd63c6', 'name': 'Valentine Otieno - IPF Forms & Comprehensive form.pdf'}, {'file_id': 6839178, 's3_link': 'https://loandisk-borrowers.s3.amazonaws.com/Valentine%20Otieno%20-%20Motor%20Vehicle-9519736.jpg?response-content-disposition=attachment%3B%20filename%3D%22Valentine%2520Otieno%2520-%2520Motor%2520Vehicle.jpg%22&X-Amz-Content-Sha256=UNSIGNED-PAYLOAD&X-Amz-Algorithm=AWS4-HMAC-SHA256&X-Amz-Credential=AKIAYUBLFC5TP3LJIQ5H%2F20251003%2Fus-east-1%2Fs3%2Faws4_request&X-Amz-Date=20251003T135115Z&X-Amz-SignedHeaders=host&X-Amz-Expires=28800&X-Amz-Signature=0b3d5c6365897f2689cfb992a3dd4f1e9a89b7cfeb0c8a47ea416762b6cd0e34', 'name': 'Valentine Otieno - Motor Vehicle.jpg'}, {'file_id': 6839179, 's3_link': 'https://loandisk-borrowers.s3.amazonaws.com/Valentine%20Otieno%20-%20Logbook%2C%20ID%20%26%20KRA%20Pin-9519735.pdf?response-content-disposition=attachment%3B%20filename%3D%22Valentine%2520Otieno%2520-%2520Logbook%252C%2520ID%2520%2526%2520KRA%2520Pin.pdf%22&X-Amz-Content-Sha256=UNSIGNED-PAYLOAD&X-Amz-Algorithm=AWS4-HMAC-SHA256&X-Amz-Credential=AKIAYUBLFC5TP3LJIQ5H%2F20251003%2Fus-east-1%2Fs3%2Faws4_request&X-Amz-Date=20251003T135115Z&X-Amz-SignedHeaders=host&X-Amz-Expires=28800&X-Amz-Signature=6c1f089092fbadaabcf6035e73038536a87355c6b75f23045903f8f62cdc953e', 'name': 'Valentine Otieno - Logbook, ID & KRA Pin.pdf'}, {'file_id': 6839180, 's3_link': 'https://loandisk-borrowers.s3.amazonaws.com/Valentine%20Otieno%20-%20NTSA%20Form%2C%20Transfer%20of%20ownership%20form%20%26%20Motor%20Vehicle%20records-9519737.pdf?response-content-disposition=attachment%3B%20filename%3D%22Valentine%2520Otieno%2520-%2520NTSA%2520Form%252C%2520Transfer%2520of%2520ownership%2520form%2520%2526%2520Motor%2520Vehicle%2520records.pdf%22&X-Amz-Content-Sha256=UNSIGNED-PAYLOAD&X-Amz-Algorithm=AWS4-HMAC-SHA256&X-Amz-Credential=AKIAYUBLFC5TP3LJIQ5H%2F20251003%2Fus-east-1%2Fs3%2Faws4_request&X-Amz-Date=20251003T135115Z&X-Amz-SignedHeaders=host&X-Amz-Expires=28800&X-Amz-Signature=f03b005e669c9d1e8f1dc9defbf1038623889e7a908a3e248b6067eb10859a71', 'name': 'Valentine Otieno - NTSA Form, Transfer of ownership form & Motor Vehicle records.pdf'}, {'file_id': 6839181, 's3_link': 'https://loandisk-borrowers.s3.amazonaws.com/Valentine%20Otieno%20-%20Security%20Agreement%20form-9519742.pdf?response-content-disposition=attachment%3B%20filename%3D%22Valentine%2520Otieno%2520-%2520Security%2520Agreement%2520form.pdf%22&X-Amz-Content-Sha256=UNSIGNED-PAYLOAD&X-Amz-Algorithm=AWS4-HMAC-SHA256&X-Amz-Credential=AKIAYUBLFC5TP3LJIQ5H%2F20251003%2Fus-east-1%2Fs3%2Faws4_request&X-Amz-Date=20251003T135115Z&X-Amz-SignedHeaders=host&X-Amz-Expires=28800&X-Amz-Signature=e4ec03a28cd8ec98d3d9373ea9494315308429afcec3ef666ac6609c7981d3d5', 'name': 'Valentine Otieno - Security Agreement form.pdf'}, {'file_id': 6839182, 's3_link': 'https://loandisk-borrowers.s3.amazonaws.com/Valentine%20Otieno%20-%20Offer%20Letter-9519738.pdf?response-content-disposition=attachment%3B%20filename%3D%22Valentine%2520Otieno%2520-%2520Offer%2520Letter.pdf%22&X-Amz-Content-Sha256=UNSIGNED-PAYLOAD&X-Amz-Algorithm=AWS4-HMAC-SHA256&X-Amz-Credential=AKIAYUBLFC5TP3LJIQ5H%2F20251003%2Fus-east-1%2Fs3%2Faws4_request&X-Amz-Date=20251003T135115Z&X-Amz-SignedHeaders=host&X-Amz-Expires=28800&X-Amz-Signature=09fafb4434d502c85c625c700aad63c1d2abda3df32929fc4779aa98821f1042', 'name': 'Valentine Otieno - Offer Letter.pdf'}, {'file_id': 6839183, 's3_link': 'https://loandisk-borrowers.s3.amazonaws.com/Valentine%20Otieno%20Loan%20Form-9519745.pdf?response-content-disposition=attachment%3B%20filename%3D%22Valentine%2520Otieno%2520Loan%2520Form.pdf%22&X-Amz-Content-Sha256=UNSIGNED-PAYLOAD&X-Amz-Algorithm=AWS4-HMAC-SHA256&X-Amz-Credential=AKIAYUBLFC5TP3LJIQ5H%2F20251003%2Fus-east-1%2Fs3%2Faws4_request&X-Amz-Date=20251003T135115Z&X-Amz-SignedHeaders=host&X-Amz-Expires=28800&X-Amz-Signature=350ab96c99a824b6a235b2f64396bd68528cd28f69b8685a82ce50ac29191a42', 'name': 'Valentine Otieno Loan Form.pdf'}, {'file_id': 6839184, 's3_link': 'https://loandisk-borrowers.s3.amazonaws.com/Valentine%20Otieno%20-%20Passport%20Photo-9519740.jpg?response-content-disposition=attachment%3B%20filename%3D%22Valentine%2520Otieno%2520-%2520Passport%2520Photo.jpg%22&X-Amz-Content-Sha256=UNSIGNED-PAYLOAD&X-Amz-Algorithm=AWS4-HMAC-SHA256&X-Amz-Credential=AKIAYUBLFC5TP3LJIQ5H%2F20251003%2Fus-east-1%2Fs3%2Faws4_request&X-Amz-Date=20251003T135115Z&X-Amz-SignedHeaders=host&X-Amz-Expires=28800&X-Amz-Signature=88bcaf135c4eabac248ddf4eec7e5ecefecd6e704177eee8d80d2645ab220022', 'name': 'Valentine Otieno - Passport Photo.jpg'}, {'file_id': 7265380, 's3_link': 'https://loandisk-borrowers.s3.amazonaws.com/Valentine%20Otieno%20-%20IPF%20Consert%20form-10143185.pdf?response-content-disposition=attachment%3B%20filename%3D%22Valentine%2520Otieno%2520-%2520IPF%2520Consert%2520form.pdf%22&X-Amz-Content-Sha256=UNSIGNED-PAYLOAD&X-Amz-Algorithm=AWS4-HMAC-SHA256&X-Amz-Credential=AKIAYUBLFC5TP3LJIQ5H%2F20251003%2Fus-east-1%2Fs3%2Faws4_request&X-Amz-Date=20251003T135115Z&X-Amz-SignedHeaders=host&X-Amz-Expires=28800&X-Amz-Signature=24f2e2825abf4bf93cc9e62ff70c4164c6ee490c910c288e565c4d91e1eee57f', 'name': 'Valentine Otieno - IPF Consert form.pdf'}, {'file_id': 7265381, 's3_link': 'https://loandisk-borrowers.s3.amazonaws.com/Valentine%20Otieno%20-%202nd%20Offer%20Letter-10143184.pdf?response-content-disposition=attachment%3B%20filename%3D%22Valentine%2520Otieno%2520-%25202nd%2520Offer%2520Letter.pdf%22&X-Amz-Content-Sha256=UNSIGNED-PAYLOAD&X-Amz-Algorithm=AWS4-HMAC-SHA256&X-Amz-Credential=AKIAYUBLFC5TP3LJIQ5H%2F20251003%2Fus-east-1%2Fs3%2Faws4_request&X-Amz-Date=20251003T135115Z&X-Amz-SignedHeaders=host&X-Amz-Expires=28800&X-Amz-Signature=2faf555e9d4017a27e9eaa0ee1ca6193773b8289daf6874e10183aec06d9d878', 'name': 'Valentine Otieno - 2nd Offer Letter.pdf'}, {'file_id': 7265382, 's3_link': 'https://loandisk-borrowers.s3.amazonaws.com/Valentine%20Otieno%20-%20IPF%20Form-10143186.pdf?response-content-disposition=attachment%3B%20filename%3D%22Valentine%2520Otieno%2520-%2520IPF%2520Form.pdf%22&X-Amz-Content-Sha256=UNSIGNED-PAYLOAD&X-Amz-Algorithm=AWS4-HMAC-SHA256&X-Amz-Credential=AKIAYUBLFC5TP3LJIQ5H%2F20251003%2Fus-east-1%2Fs3%2Faws4_request&X-Amz-Date=20251003T135115Z&X-Amz-SignedHeaders=host&X-Amz-Expires=28800&X-Amz-Signature=1558e2783fd030ab19fcf114642d86119178396da831e0818d226ce67e32d20f', 'name': 'Valentine Otieno - IPF Form.pdf'}, {'file_id': 8144323, 's3_link': 'https://loandisk-borrowers.s3.amazonaws.com/Valentine%20Otieno%20-%20Advanced%20Offer%20Letter-11439805.pdf?response-content-disposition=attachment%3B%20filename%3D%22Valentine%2520Otieno%2520-%2520Advanced%2520Offer%2520Letter.pdf%22&X-Amz-Content-Sha256=UNSIGNED-PAYLOAD&X-Amz-Algorithm=AWS4-HMAC-SHA256&X-Amz-Credential=AKIAYUBLFC5TP3LJIQ5H%2F20251003%2Fus-east-1%2Fs3%2Faws4_request&X-Amz-Date=20251003T135115Z&X-Amz-SignedHeaders=host&X-Amz-Expires=28800&X-Amz-Signature=9a3b4b633b340cba37fd8dfbc156d0ca40b17b6660bd35beaed6c31562478125', 'name': 'Valentine Otieno - Advanced Offer Letter.pdf'}, {'file_id': 8882727, 's3_link': 'https://loandisk-borrowers.s3.amazonaws.com/Valentine%20Oduor-%20Sale%20%26Reposession%20%281%29-12511032.pdf?response-content-disposition=attachment%3B%20filename%3D%22Valentine%2520Oduor-%2520Sale%2520%2526Reposession%2520%25281%2529.pdf%22&X-Amz-Content-Sha256=UNSIGNED-PAYLOAD&X-Amz-Algorithm=AWS4-HMAC-SHA256&X-Amz-Credential=AKIAYUBLFC5TP3LJIQ5H%2F20251003%2Fus-east-1%2Fs3%2Faws4_request&X-Amz-Date=20251003T135115Z&X-Amz-SignedHeaders=host&X-Amz-Expires=28800&X-Amz-Signature=74b98d0a78e0bb27f1260789a9164ceb6047a7fbbe3036228b75c7da9ed9c2e2', 'name': 'Valentine Oduor- Sale &Reposession (1).pdf'}, {'file_id': 8883735, 's3_link': 'https://loandisk-borrowers.s3.amazonaws.com/Valentine%20Oduor%20-%20168k%20offer%20letter-12512374.pdf?response-content-disposition=attachment%3B%20filename%3D%22Valentine%2520Oduor%2520-%2520168k%2520offer%2520letter.pdf%22&X-Amz-Content-Sha256=UNSIGNED-PAYLOAD&X-Amz-Algorithm=AWS4-HMAC-SHA256&X-Amz-Credential=AKIAYUBLFC5TP3LJIQ5H%2F20251003%2Fus-east-1%2Fs3%2Faws4_request&X-Amz-Date=20251003T135115Z&X-Amz-SignedHeaders=host&X-Amz-Expires=28800&X-Amz-Signature=6b989f7459501431a601bc30634e755b420b0d090dc961cef248901911eb24f1', 'name': 'Valentine Oduor - 168k offer letter.pdf'}, {'file_id': 8883736, 's3_link': 'https://loandisk-borrowers.s3.amazonaws.com/Valentine%20Oduor-%20168k-12512377.pdf?response-content-disposition=attachment%3B%20filename%3D%22Valentine%2520Oduor-%2520168k.pdf%22&X-Amz-Content-Sha256=UNSIGNED-PAYLOAD&X-Amz-Algorithm=AWS4-HMAC-SHA256&X-Amz-Credential=AKIAYUBLFC5TP3LJIQ5H%2F20251003%2Fus-east-1%2Fs3%2Faws4_request&X-Amz-Date=20251003T135115Z&X-Amz-SignedHeaders=host&X-Amz-Expires=28800&X-Amz-Signature=1ee2fdba2a2492b82eda8a597d4babf4707e1917c94cb57800924e38913e4f5c', 'name': 'Valentine Oduor- 168k.pdf'}, {'file_id': 8955993, 's3_link': 'https://loandisk-borrowers.s3.amazonaws.com/Valentine%20Oduor%20-%2022k-12624630.pdf?response-content-disposition=attachment%3B%20filename%3D%22Valentine%2520Oduor%2520-%252022k.pdf%22&X-Amz-Content-Sha256=UNSIGNED-PAYLOAD&X-Amz-Algorithm=AWS4-HMAC-SHA256&X-Amz-Credential=AKIAYUBLFC5TP3LJIQ5H%2F20251003%2Fus-east-1%2Fs3%2Faws4_request&X-Amz-Date=20251003T135115Z&X-Amz-SignedHeaders=host&X-Amz-Expires=28800&X-Amz-Signature=9fbbb419afe23cc2b16380b4161353b5d9b5eb397cf2ba6d70a4474bae5e8c23', 'name': 'Valentine Oduor - 22k.pdf'}, {'file_id': 9038654, 's3_link': 'https://loandisk-borrowers.s3.amazonaws.com/Valentine%20Otieno%20Oduor%20-%20Demand%20letter-12743599.pdf?response-content-disposition=attachment%3B%20filename%3D%22Valentine%2520Otieno%2520Oduor%2520-%2520Demand%2520letter.pdf%22&X-Amz-Content-Sha256=UNSIGNED-PAYLOAD&X-Amz-Algorithm=AWS4-HMAC-SHA256&X-Amz-Credential=AKIAYUBLFC5TP3LJIQ5H%2F20251003%2Fus-east-1%2Fs3%2Faws4_request&X-Amz-Date=20251003T135115Z&X-Amz-SignedHeaders=host&X-Amz-Expires=28800&X-Amz-Signature=08971003b2ed7e7557c95e8f94cb922041928488744c841ce5a27d8738927db5', 'name': 'Valentine Otieno Oduor - Demand letter.pdf'}]",https://loandisk-borrowers-photo-thumbnails.s3.amazonaws.com/6720e4388e6e0-9519749.jpg?X-Amz-Content-Sha256=UNSIGNED-PAYLOAD&X-Amz-Algorithm=AWS4-HMAC-SHA256&X-Amz-Credential=AKIAYUBLFC5TP3LJIQ5H%2F20251003%2Fus-east-1%2Fs3%2Faws4_request&X-Amz-Date=20251003T135115Z&X-Amz-SignedHeaders=host&X-Amz-Expires=28800&X-Amz-Signature=d93ddc283b18b611103f5954f1aecca78efa75e72217dcc06b11e9fcc1fdd34c,"[{'file_id': 8882742, 's3_link': 'https://loandisk-loans.s3.amazonaws.com/Valentine%20Oduor-%20Sale%20%26Reposession%20%281%29-12511045.pdf?response-content-disposition=attachment%3B%20filename%3D%22Valentine%2520Oduor-%2520Sale%2520%2526Reposession%2520%25281%2529.pdf%22&X-Amz-Content-Sha256=UNSIGNED-PAYLOAD&X-Amz-Algorithm=AWS4-HMAC-SHA256&X-Amz-Credential=AKIAYUBLFC5TP3LJIQ5H%2F20251003%2Fus-east-1%2Fs3%2Faws4_request&X-Amz-Date=20251003T135115Z&X-Amz-SignedHeaders=host&X-Amz-Expires=28800&X-Amz-Signature=471c912005dc3a6079c3b9b86b386bfb529dfc9f9e673ad521a81c3255605326', 'name': 'Valentine Oduor- Sale &Reposession (1).pdf'}, {'file_id': 8883730, 's3_link': 'https://loandisk-loans.s3.amazonaws.com/Valentine%20Oduor%20-%20168k%20offer%20letter-12512368.pdf?response-content-disposition=attachment%3B%20filename%3D%22Valentine%2520Oduor%2520-%2520168k%2520offer%2520letter.pdf%22&X-Amz-Content-Sha256=UNSIGNED-PAYLOAD&X-Amz-Algorithm=AWS4-HMAC-SHA256&X-Amz-Credential=AKIAYUBLFC5TP3LJIQ5H%2F20251003%2Fus-east-1%2Fs3%2Faws4_request&X-Amz-Date=20251003T135115Z&X-Amz-SignedHeaders=host&X-Amz-Expires=28800&X-Amz-Signature=b1ecbc4d682b8a0f652bc172d76065cdc3bec87f6a10a72db5f89e9c2e9b932d', 'name': 'Valentine Oduor - 168k offer letter.pdf'}, {'file_id': 8883731, 's3_link': 'https://loandisk-loans.s3.amazonaws.com/Valentine%20Oduor-%20168k-12512370.pdf?response-content-disposition=attachment%3B%20filename%3D%22Valentine%2520Oduor-%2520168k.pdf%22&X-Amz-Content-Sha256=UNSIGNED-PAYLOAD&X-Amz-Algorithm=AWS4-HMAC-SHA256&X-Amz-Credential=AKIAYUBLFC5TP3LJIQ5H%2F20251003%2Fus-east-1%2Fs3%2Faws4_request&X-Amz-Date=20251003T135115Z&X-Amz-SignedHeaders=host&X-Amz-Expires=28800&X-Amz-Signature=7ad38e0ff42dc40aa6a8b39641ce6e565f739dea87d6d097f4bb4095520ffefa', 'name': 'Valentine Oduor- 168k.pdf'}]",ELVIS KOECH,,27133
9103600,36800,5353666,29368,27996,50000.00,6000.00,28/08/2025,flat_rate,percentage,Month,12.0000,Months,1,3,1,0.00,round_off_to_two_decimal,,,,,,,,,,,,,,,,,,,,,,,,,,,,58000.00,58000,0,58000.0,50000.0,6000.0,0.0,2000.0,5,50000.0,6000.0,0.0,2000.0,[],58000.00,28/09/2025,0.00,6,,0,,0,,0,,0,,0,,0,,0,,0,,0,,0,,0,,0,0,0,0,0,0,0,0,0,0,0,0,0.00,1,,,,"[{'id': 'custom_field_23347', 'name': 'Sales Person'}, {'id': 'custom_field_23167', 'name': 'National ID'}, {'id': 'custom_field_23348', 'name': 'Sales Person(Agent/TL/RO)'}]",KE,JAPHETH,MUNYAO MAWEU,,1000375,Male,1,0724409130,japheth2016munyao@gmail.com,01/01/1982,Nakuru,Nakuru,"Nakuru, racecourse road Estate Zakayo",,,,GOOD,6641fe97bd985-7985515.jpg,,,[17027],23622636,MIRIAM NJERI,"[{'file_id': 5777755, 's3_link': 'https://loandisk-borrowers.s3.amazonaws.com/Japheth%20Munyao%20Loan%20form-7985440.pdf?response-content-disposition=attachment%3B%20filename%3D%22Japheth%2520Munyao%2520Loan%2520form.pdf%22&X-Amz-Content-Sha256=UNSIGNED-PAYLOAD&X-Amz-Algorithm=AWS4-HMAC-SHA256&X-Amz-Credential=AKIAYUBLFC5TP3LJIQ5H%2F20251003%2Fus-east-1%2Fs3%2Faws4_request&X-Amz-Date=20251003T135116Z&X-Amz-SignedHeaders=host&X-Amz-Expires=28800&X-Amz-Signature=19f2705f5e89afbef72d5317ee4bbe3161b4a05786b38248aa5e154b700e774f', 'name': 'Japheth Munyao Loan form.pdf'}, {'file_id': 5777756, 's3_link': 'https://loandisk-borrowers.s3.amazonaws.com/Japheth%20Munyao%20Offer%20letter-7985442.pdf?response-content-disposition=attachment%3B%20filename%3D%22Japheth%2520Munyao%2520Offer%2520letter.pdf%22&X-Amz-Content-Sha256=UNSIGNED-PAYLOAD&X-Amz-Algorithm=AWS4-HMAC-SHA256&X-Amz-Credential=AKIAYUBLFC5TP3LJIQ5H%2F20251003%2Fus-east-1%2Fs3%2Faws4_request&X-Amz-Date=20251003T135116Z&X-Amz-SignedHeaders=host&X-Amz-Expires=28800&X-Amz-Signature=1ca5fb91a473f839d12386fb75db119c2cb2b1b9b23e4e9903679fe9bbbe4e52', 'name': 'Japheth Munyao Offer letter.pdf'}, {'file_id': 6281782, 's3_link': 'https://loandisk-borrowers.s3.amazonaws.com/Japheth%20Munyao%20-%20Advanced%20Offer%20Letter-8708132.pdf?response-content-disposition=attachment%3B%20filename%3D%22Japheth%2520Munyao%2520-%2520Advanced%2520Offer%2520Letter.pdf%22&X-Amz-Content-Sha256=UNSIGNED-PAYLOAD&X-Amz-Algorithm=AWS4-HMAC-SHA256&X-Amz-Credential=AKIAYUBLFC5TP3LJIQ5H%2F20251003%2Fus-east-1%2Fs3%2Faws4_request&X-Amz-Date=20251003T135116Z&X-Amz-SignedHeaders=host&X-Amz-Expires=28800&X-Amz-Signature=f600b8ac090b7603cbe3f5d25670358411c04677313755ae2104a74b122897fa', 'name': 'Japheth Munyao - Advanced Offer Letter.pdf'}, {'file_id': 6870602, 's3_link': 'https://loandisk-borrowers.s3.amazonaws.com/Japtheth%20Munyao%20-%20Advanced%20Offer%20Letter-9572163.pdf?response-content-disposition=attachment%3B%20filename%3D%22Japtheth%2520Munyao%2520-%2520Advanced%2520Offer%2520Letter.pdf%22&X-Amz-Content-Sha256=UNSIGNED-PAYLOAD&X-Amz-Algorithm=AWS4-HMAC-SHA256&X-Amz-Credential=AKIAYUBLFC5TP3LJIQ5H%2F20251003%2Fus-east-1%2Fs3%2Faws4_request&X-Amz-Date=20251003T135116Z&X-Amz-SignedHeaders=host&X-Amz-Expires=28800&X-Amz-Signature=4e707d60e180231396395b2cc1ad59db5c92637de924ea2599f2f6c2c5baabd8', 'name': 'Japtheth Munyao - Advanced Offer Letter.pdf'}, {'file_id': 7124023, 's3_link': 'https://loandisk-borrowers.s3.amazonaws.com/Japheth%20Munyao%20-%202nd%20Advanced%20Offer%20Letter-9936399.pdf?response-content-disposition=attachment%3B%20filename%3D%22Japheth%2520Munyao%2520-%25202nd%2520Advanced%2520Offer%2520Letter.pdf%22&X-Amz-Content-Sha256=UNSIGNED-PAYLOAD&X-Amz-Algorithm=AWS4-HMAC-SHA256&X-Amz-Credential=AKIAYUBLFC5TP3LJIQ5H%2F20251003%2Fus-east-1%2Fs3%2Faws4_request&X-Amz-Date=20251003T135116Z&X-Amz-SignedHeaders=host&X-Amz-Expires=28800&X-Amz-Signature=0f1750cd8c0b9230cc1b4e0b83a2bbf05ace2053e865bccd590bed5887eb617f', 'name': 'Japheth Munyao - 2nd Advanced Offer Letter.pdf'}, {'file_id': 7731795, 's3_link': 'https://loandisk-borrowers.s3.amazonaws.com/Japheth%20Munyao%20-%203rd%20Advanced%20Offer%20Letter-10832564.pdf?response-content-disposition=attachment%3B%20filename%3D%22Japheth%2520Munyao%2520-%25203rd%2520Advanced%2520Offer%2520Letter.pdf%22&X-Amz-Content-Sha256=UNSIGNED-PAYLOAD&X-Amz-Algorithm=AWS4-HMAC-SHA256&X-Amz-Credential=AKIAYUBLFC5TP3LJIQ5H%2F20251003%2Fus-east-1%2Fs3%2Faws4_request&X-Amz-Date=20251003T135116Z&X-Amz-SignedHeaders=host&X-Amz-Expires=28800&X-Amz-Signature=8d3fc8db66fa558c08806ceb7ec44378dedf881bd6779cb37b94c9fe3f43dd22', 'name': 'Japheth Munyao - 3rd Advanced Offer Letter.pdf'}, {'file_id': 8347054, 's3_link': 'https://loandisk-borrowers.s3.amazonaws.com/Japheth%20Munyao%20-%204th%20Advanced%20Offer%20letter-11734674.pdf?response-content-disposition=attachment%3B%20filename%3D%22Japheth%2520Munyao%2520-%25204th%2520Advanced%2520Offer%2520letter.pdf%22&X-Amz-Content-Sha256=UNSIGNED-PAYLOAD&X-Amz-Algorithm=AWS4-HMAC-SHA256&X-Amz-Credential=AKIAYUBLFC5TP3LJIQ5H%2F20251003%2Fus-east-1%2Fs3%2Faws4_request&X-Amz-Date=20251003T135116Z&X-Amz-SignedHeaders=host&X-Amz-Expires=28800&X-Amz-Signature=db2280596d5fe41c90181628447f1cdca02a57f14e77bdcd8cd5a937684b4006', 'name': 'Japheth Munyao - 4th Advanced Offer letter.pdf'}, {'file_id': 8841116, 's3_link': 'https://loandisk-borrowers.s3.amazonaws.com/Japeth%20Munyao-%20Demand%20letter-12453143.pdf?response-content-disposition=attachment%3B%20filename%3D%22Japeth%2520Munyao-%2520Demand%2520letter.pdf%22&X-Amz-Content-Sha256=UNSIGNED-PAYLOAD&X-Amz-Algorithm=AWS4-HMAC-SHA256&X-Amz-Credential=AKIAYUBLFC5TP3LJIQ5H%2F20251003%2Fus-east-1%2Fs3%2Faws4_request&X-Amz-Date=20251003T135116Z&X-Amz-SignedHeaders=host&X-Amz-Expires=28800&X-Amz-Signature=abe0e2b0fd0c5b84d4cdb743fd0b3053802456d9bcebc5183f92b0c3d18fc259', 'name': 'Japeth Munyao- Demand letter.pdf'}, {'file_id': 9092480, 's3_link': 'https://loandisk-borrowers.s3.amazonaws.com/Japeth%20Munyao%20-%20Auctioneers%20Act-12821179.pdf?response-content-disposition=attachment%3B%20filename%3D%22Japeth%2520Munyao%2520-%2520Auctioneers%2520Act.pdf%22&X-Amz-Content-Sha256=UNSIGNED-PAYLOAD&X-Amz-Algorithm=AWS4-HMAC-SHA256&X-Amz-Credential=AKIAYUBLFC5TP3LJIQ5H%2F20251003%2Fus-east-1%2Fs3%2Faws4_request&X-Amz-Date=20251003T135116Z&X-Amz-SignedHeaders=host&X-Amz-Expires=28800&X-Amz-Signature=cd09da3f2718737a6b9aa0f76c8249688c0e287cc451520d034d6fc0e89ec9cf', 'name': 'Japeth Munyao - Auctioneers Act.pdf'}]",https://loandisk-borrowers-photo-thumbnails.s3.amazonaws.com/6641fe97bd985-7985515.jpg?X-Amz-Content-Sha256=UNSIGNED-PAYLOAD&X-Amz-Algorithm=AWS4-HMAC-SHA256&X-Amz-Credential=AKIAYUBLFC5TP3LJIQ5H%2F20251003%2Fus-east-1%2Fs3%2Faws4_request&X-Amz-Date=20251003T135116Z&X-Amz-SignedHeaders=host&X-Amz-Expires=28800&X-Amz-Signature=e868dbf60b0d1a64a230031c684064124dde4889f15babd51afa3981e8edd9be,,Diana Sigei,,27133
9109741,36800,5876844,29375,27996,200000.00,24000.00,29/08/2025,flat_rate,percentage,Month,4.0000,Months,3,3,3,0.00,round_off_to_two_decimal,,,,,,,,,,,,,,,,,,,,,,,,,,,,226000.01,75999.01999999999,666.67,76665.68999999999,66666.67,7999.01,0.0,2000.0099999999998,4,200000.0,23999.01,0.0,2000.01,[],225999.02,29/11/2025,0.99,16,,0,,0,,0,,0,,0,,0,,0,,0,,0,,0,,0,,0,0,0,0,0,0,0,0,0,0,0,0,0.00,1,,,,"[{'id': 'custom_field_23347', 'name': 'Sales Person'}, {'id': 'custom_field_23167', 'name': 'National ID'}, {'id': 'custom_field_23348', 'name': 'Sales Person(Agent/TL/RO)'}]",KE,KENNEDY,OKOTH ODONGO,VERIFIED RENTALS LTD,21912071,Male,1,0722900901,kodongo79@gmail.com,27/07/1979,23682,Nairobi,"RIARA CLOSE, LAVINGTON ESTATE, HOUSE NO: B11",00100,0743057510,,GOOD,671baf0a88c19-9489382.jpg,,,[17027],21912071,DIANA SIGEI,"[{'file_id': 6818127, 's3_link': 'https://loandisk-borrowers.s3.amazonaws.com/Kennedy%20Okoth%20-%20Motor%20vehicle-9489359.jpg?response-content-disposition=attachment%3B%20filename%3D%22Kennedy%2520Okoth%2520-%2520Motor%2520vehicle.jpg%22&X-Amz-Content-Sha256=UNSIGNED-PAYLOAD&X-Amz-Algorithm=AWS4-HMAC-SHA256&X-Amz-Credential=AKIAYUBLFC5TP3LJIQ5H%2F20251003%2Fus-east-1%2Fs3%2Faws4_request&X-Amz-Date=20251003T135116Z&X-Amz-SignedHeaders=host&X-Amz-Expires=28800&X-Amz-Signature=6030fa7668e5008c013c52b76fadb997e55494f8120d23bfd3b29dcdb0c61821', 'name': 'Kennedy Okoth - Motor vehicle.jpg'}, {'file_id': 6818128, 's3_link': 'https://loandisk-borrowers.s3.amazonaws.com/Kennedy%20Okoth%20-%20IPF%20Forms-9489356.pdf?response-content-disposition=attachment%3B%20filename%3D%22Kennedy%2520Okoth%2520-%2520IPF%2520Forms.pdf%22&X-Amz-Content-Sha256=UNSIGNED-PAYLOAD&X-Amz-Algorithm=AWS4-HMAC-SHA256&X-Amz-Credential=AKIAYUBLFC5TP3LJIQ5H%2F20251003%2Fus-east-1%2Fs3%2Faws4_request&X-Amz-Date=20251003T135116Z&X-Amz-SignedHeaders=host&X-Amz-Expires=28800&X-Amz-Signature=1ee8b74a8fcd90e53960528f3c87f4eda374d908652db16e716717dd76f8d986', 'name': 'Kennedy Okoth - IPF Forms.pdf'}, {'file_id': 6818129, 's3_link': 'https://loandisk-borrowers.s3.amazonaws.com/Kennedy%20Okoth%20-%20NTSA%20Forms%2C%20Comprehensive%2C%20Transfer%20of%20ownership%20form-9489361.pdf?response-content-disposition=attachment%3B%20filename%3D%22Kennedy%2520Okoth%2520-%2520NTSA%2520Forms%252C%2520Comprehensive%252C%2520Transfer%2520of%2520ownership%2520form.pdf%22&X-Amz-Content-Sha256=UNSIGNED-PAYLOAD&X-Amz-Algorithm=AWS4-HMAC-SHA256&X-Amz-Credential=AKIAYUBLFC5TP3LJIQ5H%2F20251003%2Fus-east-1%2Fs3%2Faws4_request&X-Amz-Date=20251003T135116Z&X-Amz-SignedHeaders=host&X-Amz-Expires=28800&X-Amz-Signature=3388050186a1657cdc1986ecb3f1488cc9dec146c65150ec80ea094bfb2c4269', 'name': 'Kennedy Okoth - NTSA Forms, Comprehensive, Transfer of ownership form.pdf'}, {'file_id': 6818130, 's3_link': 'https://loandisk-borrowers.s3.amazonaws.com/Kennedy%20Okoth%20-%20Mutual%20agreement%20forms-9489360.pdf?response-content-disposition=attachment%3B%20filename%3D%22Kennedy%2520Okoth%2520-%2520Mutual%2520agreement%2520forms.pdf%22&X-Amz-Content-Sha256=UNSIGNED-PAYLOAD&X-Amz-Algorithm=AWS4-HMAC-SHA256&X-Amz-Credential=AKIAYUBLFC5TP3LJIQ5H%2F20251003%2Fus-east-1%2Fs3%2Faws4_request&X-Amz-Date=20251003T135116Z&X-Amz-SignedHeaders=host&X-Amz-Expires=28800&X-Amz-Signature=3f5aff832be1b35f7c7fc76e6bc8ff1bfd06362c498dfd7ad47f11e8f7f732dc', 'name': 'Kennedy Okoth - Mutual agreement forms.pdf'}, {'file_id': 6818131, 's3_link': 'https://loandisk-borrowers.s3.amazonaws.com/Kennedy%20Okoth%20-%20Logbook%2C%20ID%20%26%20KRA%20Pin-9489358.pdf?response-content-disposition=attachment%3B%20filename%3D%22Kennedy%2520Okoth%2520-%2520Logbook%252C%2520ID%2520%2526%2520KRA%2520Pin.pdf%22&X-Amz-Content-Sha256=UNSIGNED-PAYLOAD&X-Amz-Algorithm=AWS4-HMAC-SHA256&X-Amz-Credential=AKIAYUBLFC5TP3LJIQ5H%2F20251003%2Fus-east-1%2Fs3%2Faws4_request&X-Amz-Date=20251003T135116Z&X-Amz-SignedHeaders=host&X-Amz-Expires=28800&X-Amz-Signature=1ba52ac882587d6ee1cdc4f7f2e35ca5577e4fde18a24fd312662262e2a057cb', 'name': 'Kennedy Okoth - Logbook, ID & KRA Pin.pdf'}, {'file_id': 6818132, 's3_link': 'https://loandisk-borrowers.s3.amazonaws.com/Kennedy%20Okoth%20-%20Security%20Agreement%20form-9489363.pdf?response-content-disposition=attachment%3B%20filename%3D%22Kennedy%2520Okoth%2520-%2520Security%2520Agreement%2520form.pdf%22&X-Amz-Content-Sha256=UNSIGNED-PAYLOAD&X-Amz-Algorithm=AWS4-HMAC-SHA256&X-Amz-Credential=AKIAYUBLFC5TP3LJIQ5H%2F20251003%2Fus-east-1%2Fs3%2Faws4_request&X-Amz-Date=20251003T135116Z&X-Amz-SignedHeaders=host&X-Amz-Expires=28800&X-Amz-Signature=de62c0acabe70ae26650058074601aebf59a5c8805625744ec1090e7176e7a1a', 'name': 'Kennedy Okoth - Security Agreement form.pdf'}, {'file_id': 6818133, 's3_link': 'https://loandisk-borrowers.s3.amazonaws.com/Kennedy%20Okoth%20-%20Offer%20Letter-9489362.pdf?response-content-disposition=attachment%3B%20filename%3D%22Kennedy%2520Okoth%2520-%2520Offer%2520Letter.pdf%22&X-Amz-Content-Sha256=UNSIGNED-PAYLOAD&X-Amz-Algorithm=AWS4-HMAC-SHA256&X-Amz-Credential=AKIAYUBLFC5TP3LJIQ5H%2F20251003%2Fus-east-1%2Fs3%2Faws4_request&X-Amz-Date=20251003T135116Z&X-Amz-SignedHeaders=host&X-Amz-Expires=28800&X-Amz-Signature=5c48a4f3d4f11fc0c7693c097e8bab336ba5480dbfddcaf524f4645e073790fe', 'name': 'Kennedy Okoth - Offer Letter.pdf'}, {'file_id': 6818134, 's3_link': 'https://loandisk-borrowers.s3.amazonaws.com/Kennedy%20Okoth%20-%20Passport%20Photo-9489380.jpg?response-content-disposition=attachment%3B%20filename%3D%22Kennedy%2520Okoth%2520-%2520Passport%2520Photo.jpg%22&X-Amz-Content-Sha256=UNSIGNED-PAYLOAD&X-Amz-Algorithm=AWS4-HMAC-SHA256&X-Amz-Credential=AKIAYUBLFC5TP3LJIQ5H%2F20251003%2Fus-east-1%2Fs3%2Faws4_request&X-Amz-Date=20251003T135116Z&X-Amz-SignedHeaders=host&X-Amz-Expires=28800&X-Amz-Signature=3f1c3e490bf469af69d741ba31067bbccc71acdac0e7011763ac5342737f81d4', 'name': 'Kennedy Okoth - Passport Photo.jpg'}, {'file_id': 6818293, 's3_link': 'https://loandisk-borrowers.s3.amazonaws.com/Kennedy%20Okoth%20-%20Loan%20form-9489627.pdf?response-content-disposition=attachment%3B%20filename%3D%22Kennedy%2520Okoth%2520-%2520Loan%2520form.pdf%22&X-Amz-Content-Sha256=UNSIGNED-PAYLOAD&X-Amz-Algorithm=AWS4-HMAC-SHA256&X-Amz-Credential=AKIAYUBLFC5TP3LJIQ5H%2F20251003%2Fus-east-1%2Fs3%2Faws4_request&X-Amz-Date=20251003T135116Z&X-Amz-SignedHeaders=host&X-Amz-Expires=28800&X-Amz-Signature=39d7c9640c9de911ccad52babb9f982f0a0ba973685ed5b8895a383429d283f6', 'name': 'Kennedy Okoth - Loan form.pdf'}, {'file_id': 7499699, 's3_link': 'https://loandisk-borrowers.s3.amazonaws.com/Kennedy%20Okoth%20-%20Advanced%20Offer%20Letter-10486847.pdf?response-content-disposition=attachment%3B%20filename%3D%22Kennedy%2520Okoth%2520-%2520Advanced%2520Offer%2520Letter.pdf%22&X-Amz-Content-Sha256=UNSIGNED-PAYLOAD&X-Amz-Algorithm=AWS4-HMAC-SHA256&X-Amz-Credential=AKIAYUBLFC5TP3LJIQ5H%2F20251003%2Fus-east-1%2Fs3%2Faws4_request&X-Amz-Date=20251003T135116Z&X-Amz-SignedHeaders=host&X-Amz-Expires=28800&X-Amz-Signature=f3e9160bec4863580074bfed9d11627bfbf50cc2fe003a33529b00fe201b1845', 'name': 'Kennedy Okoth - Advanced Offer Letter.pdf'}, {'file_id': 8118885, 's3_link': 'https://loandisk-borrowers.s3.amazonaws.com/Kennedy%20Okoth%20-%202nd%20Advanced%20offer%20letter-11404357.pdf?response-content-disposition=attachment%3B%20filename%3D%22Kennedy%2520Okoth%2520-%25202nd%2520Advanced%2520offer%2520letter.pdf%22&X-Amz-Content-Sha256=UNSIGNED-PAYLOAD&X-Amz-Algorithm=AWS4-HMAC-SHA256&X-Amz-Credential=AKIAYUBLFC5TP3LJIQ5H%2F20251003%2Fus-east-1%2Fs3%2Faws4_request&X-Amz-Date=20251003T135116Z&X-Amz-SignedHeaders=host&X-Amz-Expires=28800&X-Amz-Signature=824745df6e7c5a328820153aa79b2f608d307fbc07eaa69c9cd399447cc607fd', 'name': 'Kennedy Okoth - 2nd Advanced offer letter.pdf'}, {'file_id': 8529048, 's3_link': 'https://loandisk-borrowers.s3.amazonaws.com/Kennedy%20Okoth%20-%20Take%20over%20liabilities-12002177.pdf?response-content-disposition=attachment%3B%20filename%3D%22Kennedy%2520Okoth%2520-%2520Take%2520over%2520liabilities.pdf%22&X-Amz-Content-Sha256=UNSIGNED-PAYLOAD&X-Amz-Algorithm=AWS4-HMAC-SHA256&X-Amz-Credential=AKIAYUBLFC5TP3LJIQ5H%2F20251003%2Fus-east-1%2Fs3%2Faws4_request&X-Amz-Date=20251003T135116Z&X-Amz-SignedHeaders=host&X-Amz-Expires=28800&X-Amz-Signature=bd0ed4cfb9c3b608c20cd79e002e9638c395377316995c29a19e97c561697365', 'name': 'Kennedy Okoth - Take over liabilities.pdf'}, {'file_id': 8549665, 's3_link': 'https://loandisk-borrowers.s3.amazonaws.com/Kennedy%20Odongo%20-%20loan%20takeover-12030607.pdf?response-content-disposition=attachment%3B%20filename%3D%22Kennedy%2520Odongo%2520-%2520loan%2520takeover.pdf%22&X-Amz-Content-Sha256=UNSIGNED-PAYLOAD&X-Amz-Algorithm=AWS4-HMAC-SHA256&X-Amz-Credential=AKIAYUBLFC5TP3LJIQ5H%2F20251003%2Fus-east-1%2Fs3%2Faws4_request&X-Amz-Date=20251003T135116Z&X-Amz-SignedHeaders=host&X-Amz-Expires=28800&X-Amz-Signature=e7da0cfa0cddb366223e7bb3cc49ebd5267adbafb60c77b3a22f63ad3d297431', 'name': 'Kennedy Odongo - loan takeover.pdf'}, {'file_id': 8549666, 's3_link': 'https://loandisk-borrowers.s3.amazonaws.com/Kennedy%20Odongo%20-%20statutory%20declaration-12030640.pdf?response-content-disposition=attachment%3B%20filename%3D%22Kennedy%2520Odongo%2520-%2520statutory%2520declaration.pdf%22&X-Amz-Content-Sha256=UNSIGNED-PAYLOAD&X-Amz-Algorithm=AWS4-HMAC-SHA256&X-Amz-Credential=AKIAYUBLFC5TP3LJIQ5H%2F20251003%2Fus-east-1%2Fs3%2Faws4_request&X-Amz-Date=20251003T135116Z&X-Amz-SignedHeaders=host&X-Amz-Expires=28800&X-Amz-Signature=ba9b2c1b61c1476c50433d2e799a2948dfb9eafe90d0af667299f04354917642', 'name': 'Kennedy Odongo - statutory declaration.pdf'}, {'file_id': 8549667, 's3_link': 'https://loandisk-borrowers.s3.amazonaws.com/Kennedy%20Okoth%20-%20transfer%20of%20ownership-12030641.pdf?response-content-disposition=attachment%3B%20filename%3D%22Kennedy%2520Okoth%2520-%2520transfer%2520of%2520ownership.pdf%22&X-Amz-Content-Sha256=UNSIGNED-PAYLOAD&X-Amz-Algorithm=AWS4-HMAC-SHA256&X-Amz-Credential=AKIAYUBLFC5TP3LJIQ5H%2F20251003%2Fus-east-1%2Fs3%2Faws4_request&X-Amz-Date=20251003T135116Z&X-Amz-SignedHeaders=host&X-Amz-Expires=28800&X-Amz-Signature=7173624e3726bc98dbd2eeb6a49f1639606fe80821fab3e1ed26d9e927fc141a', 'name': 'Kennedy Okoth - transfer of ownership.pdf'}, {'file_id': 8549668, 's3_link': 'https://loandisk-borrowers.s3.amazonaws.com/Kennedy%20Okoth%20Odongo%20-%203rd%20Advanced%20offer%20letter-12030643.pdf?response-content-disposition=attachment%3B%20filename%3D%22Kennedy%2520Okoth%2520Odongo%2520-%25203rd%2520Advanced%2520offer%2520letter.pdf%22&X-Amz-Content-Sha256=UNSIGNED-PAYLOAD&X-Amz-Algorithm=AWS4-HMAC-SHA256&X-Amz-Credential=AKIAYUBLFC5TP3LJIQ5H%2F20251003%2Fus-east-1%2Fs3%2Faws4_request&X-Amz-Date=20251003T135116Z&X-Amz-SignedHeaders=host&X-Amz-Expires=28800&X-Amz-Signature=b30dd482a81a2d4fc10d4dfb6d763fe3882c3e01965ecd207e08864eb7b42450', 'name': 'Kennedy Okoth Odongo - 3rd Advanced offer letter.pdf'}, {'file_id': 8549669, 's3_link': 'https://loandisk-borrowers.s3.amazonaws.com/Kennedy%20Okoth%20Odongo%20-%20IPF%20form-12030646.pdf?response-content-disposition=attachment%3B%20filename%3D%22Kennedy%2520Okoth%2520Odongo%2520-%2520IPF%2520form.pdf%22&X-Amz-Content-Sha256=UNSIGNED-PAYLOAD&X-Amz-Algorithm=AWS4-HMAC-SHA256&X-Amz-Credential=AKIAYUBLFC5TP3LJIQ5H%2F20251003%2Fus-east-1%2Fs3%2Faws4_request&X-Amz-Date=20251003T135116Z&X-Amz-SignedHeaders=host&X-Amz-Expires=28800&X-Amz-Signature=06ea17477cb62fdedc86df57f51c251b9094d2439858383173d3521a05676ed3', 'name': 'Kennedy Okoth Odongo - IPF form.pdf'}, {'file_id': 8549670, 's3_link': 'https://loandisk-borrowers.s3.amazonaws.com/Kennedy%20Okoth%20Odongo%20-%20Loan%20Form-12030648.pdf?response-content-disposition=attachment%3B%20filename%3D%22Kennedy%2520Okoth%2520Odongo%2520-%2520Loan%2520Form.pdf%22&X-Amz-Content-Sha256=UNSIGNED-PAYLOAD&X-Amz-Algorithm=AWS4-HMAC-SHA256&X-Amz-Credential=AKIAYUBLFC5TP3LJIQ5H%2F20251003%2Fus-east-1%2Fs3%2Faws4_request&X-Amz-Date=20251003T135116Z&X-Amz-SignedHeaders=host&X-Amz-Expires=28800&X-Amz-Signature=36c00c01f67244dfaed193d7d794e8bec1caba2ef9d10d22cbe6f121e702222c', 'name': 'Kennedy Okoth Odongo - Loan Form.pdf'}, {'file_id': 8869505, 's3_link': 'https://loandisk-borrowers.s3.amazonaws.com/Kennedy%20Okoth%20-%20200k%20advanced%20offer%20lett-12493811.pdf?response-content-disposition=attachment%3B%20filename%3D%22Kennedy%2520Okoth%2520-%2520200k%2520advanced%2520offer%2520lett.pdf%22&X-Amz-Content-Sha256=UNSIGNED-PAYLOAD&X-Amz-Algorithm=AWS4-HMAC-SHA256&X-Amz-Credential=AKIAYUBLFC5TP3LJIQ5H%2F20251003%2Fus-east-1%2Fs3%2Faws4_request&X-Amz-Date=20251003T135116Z&X-Amz-SignedHeaders=host&X-Amz-Expires=28800&X-Amz-Signature=c69fa46e58f6e9d328f9c34eb36d8c5730d36f5322ea6e6c3d13231c2bf5eee9', 'name': 'Kennedy Okoth - 200k advanced offer lett.pdf'}, {'file_id': 8956012, 's3_link': 'https://loandisk-borrowers.s3.amazonaws.com/Kennedy%20Okoth%20-%20200k%20offer%20letter-12624665.pdf?response-content-disposition=attachment%3B%20filename%3D%22Kennedy%2520Okoth%2520-%2520200k%2520offer%2520letter.pdf%22&X-Amz-Content-Sha256=UNSIGNED-PAYLOAD&X-Amz-Algorithm=AWS4-HMAC-SHA256&X-Amz-Credential=AKIAYUBLFC5TP3LJIQ5H%2F20251003%2Fus-east-1%2Fs3%2Faws4_request&X-Amz-Date=20251003T135116Z&X-Amz-SignedHeaders=host&X-Amz-Expires=28800&X-Amz-Signature=c944eb3afe3c22ebb9fcc0a64b833b1dc89c8e30f19c1cfcb1bd256399544bf1', 'name': 'Kennedy Okoth - 200k offer letter.pdf'}]",https://loandisk-borrowers-photo-thumbnails.s3.amazonaws.com/671baf0a88c19-9489382.jpg?X-Amz-Content-Sha256=UNSIGNED-PAYLOAD&X-Amz-Algorithm=AWS4-HMAC-SHA256&X-Amz-Credential=AKIAYUBLFC5TP3LJIQ5H%2F20251003%2Fus-east-1%2Fs3%2Faws4_request&X-Amz-Date=20251003T135116Z&X-Amz-SignedHeaders=host&X-Amz-Expires=28800&X-Amz-Signature=9d3edcd94d670b01b0096011a39c4cab48666bf72793641c42536ac6a13424e8,"[{'file_id': 8956011, 's3_link': 'https://loandisk-loans.s3.amazonaws.com/Kennedy%20Okoth%20-%20200k%20offer%20letter-12624660.pdf?response-content-disposition=attachment%3B%20filename%3D%22Kennedy%2520Okoth%2520-%2520200k%2520offer%2520letter.pdf%22&X-Amz-Content-Sha256=UNSIGNED-PAYLOAD&X-Amz-Algorithm=AWS4-HMAC-SHA256&X-Amz-Credential=AKIAYUBLFC5TP3LJIQ5H%2F20251003%2Fus-east-1%2Fs3%2Faws4_request&X-Amz-Date=20251003T135116Z&X-Amz-SignedHeaders=host&X-Amz-Expires=28800&X-Amz-Signature=df980c16b08664f2392af3d6443e1942a238e5183a07849e30eade34ac8ad3cd', 'name': 'Kennedy Okoth - 200k offer letter.pdf'}]",Diana Sigei,,27133
9123229,112687,3081402,29383,27996,78579.76,7857.98,24/08/2025,flat_rate,percentage,Month,10.0000,Months,1,3,1,0.00,round_off_to_two_decimal,,,,,,,,,,,,,,,,,,,,,,,,,,,,86437.74,77437.74,0,77437.74,77437.73999999999,0.0,0.0,0.0,9,77437.73999999999,0.0,0.0,0.0,"[{'loan_id': 9069185}, {'loan_id': 8723087}, {'loan_id': 8517785}, {'loan_id': 8339009}, {'loan_id': 8109002}, {'loan_id': 8014183}, {'loan_id': 7804279}, {'loan_id': 7600678}, {'loan_id': 7422359}, {'loan_id': 7239672}, {'loan_id': 7108205}, {'loan_id': 6889925}, {'loan_id': 6700944}, {'loan_id': 6580911}, {'loan_id': 6434469}, {'loan_id': 6232987}, {'loan_id': 6121716}, {'loan_id': 5990621}, {'loan_id': 5854639}, {'loan_id': 5470762}]",77437.74,24/09/2025,9000.00,6,,0,,0,,0,,0,,0,,0,,0,,0,,0,,0,,0,,0,0,0,0,0,0,0,0,0,0,0,0,0.00,1,,,,"[{'id': 'custom_field_23347', 'name': 'Sales Person'}, {'id': 'custom_field_23167', 'name': 'National ID'}, {'id': 'custom_field_23348', 'name': 'Sales Person(Agent/TL/RO)'}]",KE,Annette,Jewel Akinyi Odete,,1000156,Female,3,0721844330,odeteannette@gmail.com,13/01/1984,NAIROBI,NAIROBI,NAIROBI,,0722661728,,GOOD,63a41c184aa36-4285076.jpeg,,,[77749],23208503,CLEMENT LUKOYE,"[{'file_id': 3255660, 's3_link': 'https://loandisk-borrowers.s3.amazonaws.com/WhatsApp%20Image%202022-12-22%20at%2011.48.32%20AM-4285046.jpeg?response-content-disposition=attachment%3B%20filename%3D%22WhatsApp%2520Image%25202022-12-22%2520at%252011.48.32%2520AM.jpeg%22&X-Amz-Content-Sha256=UNSIGNED-PAYLOAD&X-Amz-Algorithm=AWS4-HMAC-SHA256&X-Amz-Credential=AKIAYUBLFC5TP3LJIQ5H%2F20251003%2Fus-east-1%2Fs3%2Faws4_request&X-Amz-Date=20251003T135116Z&X-Amz-SignedHeaders=host&X-Amz-Expires=28800&X-Amz-Signature=79f1cacde41a3ca5ae675596a92ed53224d9a0ae6a294fd25ca8c5da72490c77', 'name': 'WhatsApp Image 2022-12-22 at 11.48.32 AM.jpeg'}, {'file_id': 3255661, 's3_link': 'https://loandisk-borrowers.s3.amazonaws.com/WhatsApp%20Image%202022-12-22%20at%2011.48.50%20AM-4285047.jpeg?response-content-disposition=attachment%3B%20filename%3D%22WhatsApp%2520Image%25202022-12-22%2520at%252011.48.50%2520AM.jpeg%22&X-Amz-Content-Sha256=UNSIGNED-PAYLOAD&X-Amz-Algorithm=AWS4-HMAC-SHA256&X-Amz-Credential=AKIAYUBLFC5TP3LJIQ5H%2F20251003%2Fus-east-1%2Fs3%2Faws4_request&X-Amz-Date=20251003T135116Z&X-Amz-SignedHeaders=host&X-Amz-Expires=28800&X-Amz-Signature=86388af911e8b2e191265ca4dbd1b949205aaeefc4fdf40bb5f4cb700520da18', 'name': 'WhatsApp Image 2022-12-22 at 11.48.50 AM.jpeg'}, {'file_id': 3255662, 's3_link': 'https://loandisk-borrowers.s3.amazonaws.com/WhatsApp%20Image%202022-12-22%20at%2011.49.12%20AM-4285048.jpeg?response-content-disposition=attachment%3B%20filename%3D%22WhatsApp%2520Image%25202022-12-22%2520at%252011.49.12%2520AM.jpeg%22&X-Amz-Content-Sha256=UNSIGNED-PAYLOAD&X-Amz-Algorithm=AWS4-HMAC-SHA256&X-Amz-Credential=AKIAYUBLFC5TP3LJIQ5H%2F20251003%2Fus-east-1%2Fs3%2Faws4_request&X-Amz-Date=20251003T135116Z&X-Amz-SignedHeaders=host&X-Amz-Expires=28800&X-Amz-Signature=cc28fa84facd0c0f92c91a03201f926641e5a44c6d58308e6b3a00b6d13cfb59', 'name': 'WhatsApp Image 2022-12-22 at 11.49.12 AM.jpeg'}]",https://loandisk-borrowers-photo-thumbnails.s3.amazonaws.com/63a41c184aa36-4285076.jpeg?X-Amz-Content-Sha256=UNSIGNED-PAYLOAD&X-Amz-Algorithm=AWS4-HMAC-SHA256&X-Amz-Credential=AKIAYUBLFC5TP3LJIQ5H%2F20251003%2Fus-east-1%2Fs3%2Faws4_request&X-Amz-Date=20251003T135116Z&X-Amz-SignedHeaders=host&X-Amz-Expires=28800&X-Amz-Signature=e87659ca233e42f5b1e2cdd4955549846e686d494a9406a1b3baeb43127c7c22,,Richard Litunya,,27133
9123902,37047,3770133,29385,27999,80000.00,4000.00,01/09/2025,flat_rate,percentage,Month,5.0000,Months,1,3,1,0.00,round_off_to_two_decimal,,,,,,,,,,,,,,,,,,,,,,,,,,,,84680.00,68680,0,68680.0,68000.0,0.0,0.0,680.0,2,68000.0,0.0,0.0,680.0,[],68680.00,01/10/2025,16000.00,6,,0,,0,,0,,0,,0,,0,,0,,0,,0,,0,,0,,0,0,0,0,0,0,0,0,0,0,0,0,0.00,1,,,,"[{'id': 'custom_field_23347', 'name': 'Sales Person'}, {'id': 'custom_field_23167', 'name': 'National ID'}, {'id': 'custom_field_23348', 'name': 'Sales Person(Agent/TL/RO)'}]",KE,VESTO,MANWA MOSETI,,1000209,Male,1,0723258986,MOSETIVESTO@GMAIL.COM,,,,,,,,GOOD,,,,[89478],24084246,LINET NYANYA,"[{'file_id': 8119641, 's3_link': 'https://loandisk-borrowers.s3.amazonaws.com/Vesto%20Manwa%20-%20Advanced%20offer%20letter-11405294.pdf?response-content-disposition=attachment%3B%20filename%3D%22Vesto%2520Manwa%2520-%2520Advanced%2520offer%2520letter.pdf%22&X-Amz-Content-Sha256=UNSIGNED-PAYLOAD&X-Amz-Algorithm=AWS4-HMAC-SHA256&X-Amz-Credential=AKIAYUBLFC5TP3LJIQ5H%2F20251003%2Fus-east-1%2Fs3%2Faws4_request&X-Amz-Date=20251003T135116Z&X-Amz-SignedHeaders=host&X-Amz-Expires=28800&X-Amz-Signature=130061e1256bff2340fd71b312a8fc6dd4e54343b427d744064155c5598ca0ef', 'name': 'Vesto Manwa - Advanced offer letter.pdf'}]",,,Diana Sigei,,27133
9125933,253137,4656830,29386,27996,300000.00,36000.00,22/08/2025,flat_rate,percentage,Month,12.0000,Months,1,3,1,0.00,round_off_to_two_decimal,,,,,,,,,,,,,,,,,,,,,,,,,,,,354000.00,335000,0,335000.0,300000.0,23000.0,0.0,12000.0,11,300000.0,23000.0,0.0,12000.0,"[{'loan_id': 9051679}, {'loan_id': 8780431}, {'loan_id': 8613716}, {'loan_id': 8386526}, {'loan_id': 8098778}]",335000.00,22/09/2025,19000.00,6,,0,,0,,0,,0,,0,,0,,0,,0,,0,,0,,0,,0,0,0,0,0,0,0,0,0,0,0,0,0.00,1,,,,"[{'id': 'custom_field_23347', 'name': 'Sales Person'}, {'id': 'custom_field_23167', 'name': 'National ID'}, {'id': 'custom_field_23348', 'name': 'Sales Person(Agent/TL/RO)'}]",KE,EDWARDS,BOBO OGAL,,1000265,Male,1,0729012012,sprint.insure@gmail.com,,,Nairobi,,,,,,,,,[17027],23286487,DIANA SIGEI,"[{'file_id': 6281740, 's3_link': 'https://loandisk-borrowers.s3.amazonaws.com/Edwards%20Bobo%20-%20Advanced%20Offer%20Letter-8708102.pdf?response-content-disposition=attachment%3B%20filename%3D%22Edwards%2520Bobo%2520-%2520Advanced%2520Offer%2520Letter.pdf%22&X-Amz-Content-Sha256=UNSIGNED-PAYLOAD&X-Amz-Algorithm=AWS4-HMAC-SHA256&X-Amz-Credential=AKIAYUBLFC5TP3LJIQ5H%2F20251003%2Fus-east-1%2Fs3%2Faws4_request&X-Amz-Date=20251003T135116Z&X-Amz-SignedHeaders=host&X-Amz-Expires=28800&X-Amz-Signature=f7df49446bb1c1eb22c8bd575a9c63a5ed817201849c0d1185b57bca6a6edf40', 'name': 'Edwards Bobo - Advanced Offer Letter.pdf'}, {'file_id': 6316971, 's3_link': 'https://loandisk-borrowers.s3.amazonaws.com/Edward%20Bobo%20-%202nd%20Advanced%20Offer%20Letter-8760682.pdf?response-content-disposition=attachment%3B%20filename%3D%22Edward%2520Bobo%2520-%25202nd%2520Advanced%2520Offer%2520Letter.pdf%22&X-Amz-Content-Sha256=UNSIGNED-PAYLOAD&X-Amz-Algorithm=AWS4-HMAC-SHA256&X-Amz-Credential=AKIAYUBLFC5TP3LJIQ5H%2F20251003%2Fus-east-1%2Fs3%2Faws4_request&X-Amz-Date=20251003T135116Z&X-Amz-SignedHeaders=host&X-Amz-Expires=28800&X-Amz-Signature=51ce7042b11625dafe4f64e3cee2f98e99b19be935da95a6ca75a3db1178e1ea', 'name': 'Edward Bobo - 2nd Advanced Offer Letter.pdf'}, {'file_id': 6966078, 's3_link': 'https://loandisk-borrowers.s3.amazonaws.com/Edwards%20Bobo%20-%202nd%20Advanced%20Offer%20Letter-9705028.pdf?response-content-disposition=attachment%3B%20filename%3D%22Edwards%2520Bobo%2520-%25202nd%2520Advanced%2520Offer%2520Letter.pdf%22&X-Amz-Content-Sha256=UNSIGNED-PAYLOAD&X-Amz-Algorithm=AWS4-HMAC-SHA256&X-Amz-Credential=AKIAYUBLFC5TP3LJIQ5H%2F20251003%2Fus-east-1%2Fs3%2Faws4_request&X-Amz-Date=20251003T135116Z&X-Amz-SignedHeaders=host&X-Amz-Expires=28800&X-Amz-Signature=15d3e0285bde21176f7ef82be7ff394461825c3a369db58c4042cb898c087222', 'name': 'Edwards Bobo - 2nd Advanced Offer Letter.pdf'}, {'file_id': 7472109, 's3_link': 'https://loandisk-borrowers.s3.amazonaws.com/Edward%20Bobo%20-%20Demand%20Letter-10447086.pdf?response-content-disposition=attachment%3B%20filename%3D%22Edward%2520Bobo%2520-%2520Demand%2520Letter.pdf%22&X-Amz-Content-Sha256=UNSIGNED-PAYLOAD&X-Amz-Algorithm=AWS4-HMAC-SHA256&X-Amz-Credential=AKIAYUBLFC5TP3LJIQ5H%2F20251003%2Fus-east-1%2Fs3%2Faws4_request&X-Amz-Date=20251003T135116Z&X-Amz-SignedHeaders=host&X-Amz-Expires=28800&X-Amz-Signature=e679b49e4338122f02b5bdd70639bb406660de32d4d32bb3ef4785bbc49cc471', 'name': 'Edward Bobo - Demand Letter.pdf'}, {'file_id': 8150630, 's3_link': 'https://loandisk-borrowers.s3.amazonaws.com/Edward%20Bobo%20-%204th%20Advanced%20Offer%20Letter-11449478.pdf?response-content-disposition=attachment%3B%20filename%3D%22Edward%2520Bobo%2520-%25204th%2520Advanced%2520Offer%2520Letter.pdf%22&X-Amz-Content-Sha256=UNSIGNED-PAYLOAD&X-Amz-Algorithm=AWS4-HMAC-SHA256&X-Amz-Credential=AKIAYUBLFC5TP3LJIQ5H%2F20251003%2Fus-east-1%2Fs3%2Faws4_request&X-Amz-Date=20251003T135116Z&X-Amz-SignedHeaders=host&X-Amz-Expires=28800&X-Amz-Signature=74f036652c65b702a02528bf46d6094fc9661b3de0f8940a715632da11635423', 'name': 'Edward Bobo - 4th Advanced Offer Letter.pdf'}, {'file_id': 8594189, 's3_link': 'https://loandisk-borrowers.s3.amazonaws.com/Edward%20bobo%20-%20Demand%20letter%20%281%29-12094007.pdf?response-content-disposition=attachment%3B%20filename%3D%22Edward%2520bobo%2520-%2520Demand%2520letter%2520%25281%2529.pdf%22&X-Amz-Content-Sha256=UNSIGNED-PAYLOAD&X-Amz-Algorithm=AWS4-HMAC-SHA256&X-Amz-Credential=AKIAYUBLFC5TP3LJIQ5H%2F20251003%2Fus-east-1%2Fs3%2Faws4_request&X-Amz-Date=20251003T135116Z&X-Amz-SignedHeaders=host&X-Amz-Expires=28800&X-Amz-Signature=2d31ed21690844f97d0b3dd91e2375af80624a46359fd87d54f7de3aaea69052', 'name': 'Edward bobo - Demand letter (1).pdf'}, {'file_id': 8611431, 's3_link': 'https://loandisk-borrowers.s3.amazonaws.com/Edward%20bobo%20-%20demand%20letter%20187%2C200k%20%281%29-12118272.pdf?response-content-disposition=attachment%3B%20filename%3D%22Edward%2520bobo%2520-%2520demand%2520letter%2520187%252C200k%2520%25281%2529.pdf%22&X-Amz-Content-Sha256=UNSIGNED-PAYLOAD&X-Amz-Algorithm=AWS4-HMAC-SHA256&X-Amz-Credential=AKIAYUBLFC5TP3LJIQ5H%2F20251003%2Fus-east-1%2Fs3%2Faws4_request&X-Amz-Date=20251003T135116Z&X-Amz-SignedHeaders=host&X-Amz-Expires=28800&X-Amz-Signature=c30c29b78af3129e557dc0211768f2527f09680dcf7564ccc88540e7e1fd03c9', 'name': 'Edward bobo - demand letter 187,200k (1).pdf'}, {'file_id': 8785256, 's3_link': 'https://loandisk-borrowers.s3.amazonaws.com/Edward%20bobo%20-%20Auctioneers%20act-12373536.pdf?response-content-disposition=attachment%3B%20filename%3D%22Edward%2520bobo%2520-%2520Auctioneers%2520act.pdf%22&X-Amz-Content-Sha256=UNSIGNED-PAYLOAD&X-Amz-Algorithm=AWS4-HMAC-SHA256&X-Amz-Credential=AKIAYUBLFC5TP3LJIQ5H%2F20251003%2Fus-east-1%2Fs3%2Faws4_request&X-Amz-Date=20251003T135116Z&X-Amz-SignedHeaders=host&X-Amz-Expires=28800&X-Amz-Signature=1426c9ab82c3df5bc296a795e840739f33bca6e56f87d9cc30660882f2e9a57f', 'name': 'Edward bobo - Auctioneers act.pdf'}, {'file_id': 8841085, 's3_link': 'https://loandisk-borrowers.s3.amazonaws.com/Edward%20bobo%20-%202nd%20Demand%20letter-12453089.pdf?response-content-disposition=attachment%3B%20filename%3D%22Edward%2520bobo%2520-%25202nd%2520Demand%2520letter.pdf%22&X-Amz-Content-Sha256=UNSIGNED-PAYLOAD&X-Amz-Algorithm=AWS4-HMAC-SHA256&X-Amz-Credential=AKIAYUBLFC5TP3LJIQ5H%2F20251003%2Fus-east-1%2Fs3%2Faws4_request&X-Amz-Date=20251003T135116Z&X-Amz-SignedHeaders=host&X-Amz-Expires=28800&X-Amz-Signature=8eb8153453ade8da8905f25283d4c3ba516301403f6b163edd7214e191d36a4b', 'name': 'Edward bobo - 2nd Demand letter.pdf'}, {'file_id': 8896656, 's3_link': 'https://loandisk-borrowers.s3.amazonaws.com/Edward%20Bobo%20-%20Auctioneers%20act%20%281%29-12536225.pdf?response-content-disposition=attachment%3B%20filename%3D%22Edward%2520Bobo%2520-%2520Auctioneers%2520act%2520%25281%2529.pdf%22&X-Amz-Content-Sha256=UNSIGNED-PAYLOAD&X-Amz-Algorithm=AWS4-HMAC-SHA256&X-Amz-Credential=AKIAYUBLFC5TP3LJIQ5H%2F20251003%2Fus-east-1%2Fs3%2Faws4_request&X-Amz-Date=20251003T135116Z&X-Amz-SignedHeaders=host&X-Amz-Expires=28800&X-Amz-Signature=12afb0e529fab50ecc3ec878a3a1cabc11c9f36b068509894166533af736feac', 'name': 'Edward Bobo - Auctioneers act (1).pdf'}]",,,Diana Sigei,,27133
9126379,36800,5917628,29388,27996,1500000.00,180000.00,01/09/2025,flat_rate,percentage,Month,4.0000,Months,3,3,3,0.00,round_off_to_two_decimal,,,,,,,,,,,,,,,,,,,,,,,,,,,,1689630.00,63000,630,63630.0,63000.0,0.0,0.0,630.0,2,1063000.0,120000.0,6000.0,630.0,[],1189630.00,01/12/2025,500000.00,16,,0,,0,,0,,0,,0,,0,,0,,0,,0,,0,,0,distribute_fees_evenly,9000.00,0,0,0,0,0,0,0,0,0,0,0,0.00,1,,,,"[{'id': 'custom_field_23347', 'name': 'Sales Person'}, {'id': 'custom_field_23167', 'name': 'National ID'}, {'id': 'custom_field_23348', 'name': 'Sales Person(Agent/TL/RO)'}]",KE,JONATHAN,NGENGA NDISYA,,26378647,Male,1,0740000002,ndisyangenga@gmail.com,01/01/1987,34,MWINGI,"DONHOLM ESTATE, HOUSE NO:441",90400,0703834185,,GOOD,,,,[17027],26378647,DIANA SIGEI,"[{'file_id': 6905012, 's3_link': 'https://loandisk-borrowers.s3.amazonaws.com/Jonathan%20Ngenga%20-%20ID%20%26%20KRA%20Pin-9619292.pdf?response-content-disposition=attachment%3B%20filename%3D%22Jonathan%2520Ngenga%2520-%2520ID%2520%2526%2520KRA%2520Pin.pdf%22&X-Amz-Content-Sha256=UNSIGNED-PAYLOAD&X-Amz-Algorithm=AWS4-HMAC-SHA256&X-Amz-Credential=AKIAYUBLFC5TP3LJIQ5H%2F20251003%2Fus-east-1%2Fs3%2Faws4_request&X-Amz-Date=20251003T135116Z&X-Amz-SignedHeaders=host&X-Amz-Expires=28800&X-Amz-Signature=06bc26f99b34652bf1f657514e863539e05d3f68544cbb43e820cebd64b62ade', 'name': 'Jonathan Ngenga - ID & KRA Pin.pdf'}, {'file_id': 6905013, 's3_link': 'https://loandisk-borrowers.s3.amazonaws.com/Jonathan%20Ngenga%20-%20Motor%20Vehicle-9619294.jpg?response-content-disposition=attachment%3B%20filename%3D%22Jonathan%2520Ngenga%2520-%2520Motor%2520Vehicle.jpg%22&X-Amz-Content-Sha256=UNSIGNED-PAYLOAD&X-Amz-Algorithm=AWS4-HMAC-SHA256&X-Amz-Credential=AKIAYUBLFC5TP3LJIQ5H%2F20251003%2Fus-east-1%2Fs3%2Faws4_request&X-Amz-Date=20251003T135116Z&X-Amz-SignedHeaders=host&X-Amz-Expires=28800&X-Amz-Signature=1fab281bb7317d95d11355192dca37f6a586f91424dbc1b7205cd96de1ebd5f0', 'name': 'Jonathan Ngenga - Motor Vehicle.jpg'}, {'file_id': 6905014, 's3_link': 'https://loandisk-borrowers.s3.amazonaws.com/Jonathan%20Ngenga%20-%20Loan%20Form-9619293.pdf?response-content-disposition=attachment%3B%20filename%3D%22Jonathan%2520Ngenga%2520-%2520Loan%2520Form.pdf%22&X-Amz-Content-Sha256=UNSIGNED-PAYLOAD&X-Amz-Algorithm=AWS4-HMAC-SHA256&X-Amz-Credential=AKIAYUBLFC5TP3LJIQ5H%2F20251003%2Fus-east-1%2Fs3%2Faws4_request&X-Amz-Date=20251003T135116Z&X-Amz-SignedHeaders=host&X-Amz-Expires=28800&X-Amz-Signature=477f82ea757e12831d2412cf100c233b0395a6cbbc92adde5f9ccd4f1035b4c5', 'name': 'Jonathan Ngenga - Loan Form.pdf'}, {'file_id': 6905015, 's3_link': 'https://loandisk-borrowers.s3.amazonaws.com/Jonathan%20Ngenga%20-%20Tape%20lift%20%26%20Transfer%20of%20ownership%20form-9619299.pdf?response-content-disposition=attachment%3B%20filename%3D%22Jonathan%2520Ngenga%2520-%2520Tape%2520lift%2520%2526%2520Transfer%2520of%2520ownership%2520form.pdf%22&X-Amz-Content-Sha256=UNSIGNED-PAYLOAD&X-Amz-Algorithm=AWS4-HMAC-SHA256&X-Amz-Credential=AKIAYUBLFC5TP3LJIQ5H%2F20251003%2Fus-east-1%2Fs3%2Faws4_request&X-Amz-Date=20251003T135116Z&X-Amz-SignedHeaders=host&X-Amz-Expires=28800&X-Amz-Signature=abc758781d75d97e3d1bbcec89e32495d4b36e769af3643c773ea1ed8c912906', 'name': 'Jonathan Ngenga - Tape lift & Transfer of ownership form.pdf'}, {'file_id': 6905016, 's3_link': 'https://loandisk-borrowers.s3.amazonaws.com/Jonathan%20Ngenga%20-%20Offer%20Letter-9619297.pdf?response-content-disposition=attachment%3B%20filename%3D%22Jonathan%2520Ngenga%2520-%2520Offer%2520Letter.pdf%22&X-Amz-Content-Sha256=UNSIGNED-PAYLOAD&X-Amz-Algorithm=AWS4-HMAC-SHA256&X-Amz-Credential=AKIAYUBLFC5TP3LJIQ5H%2F20251003%2Fus-east-1%2Fs3%2Faws4_request&X-Amz-Date=20251003T135116Z&X-Amz-SignedHeaders=host&X-Amz-Expires=28800&X-Amz-Signature=8c2080640b215da75b93122e9d146056b421f0e66769918fddf8a83275dbefa6', 'name': 'Jonathan Ngenga - Offer Letter.pdf'}, {'file_id': 6905017, 's3_link': 'https://loandisk-borrowers.s3.amazonaws.com/Jonathan%20Ngenga%20-%20Security%20Agreement-9619298.pdf?response-content-disposition=attachment%3B%20filename%3D%22Jonathan%2520Ngenga%2520-%2520Security%2520Agreement.pdf%22&X-Amz-Content-Sha256=UNSIGNED-PAYLOAD&X-Amz-Algorithm=AWS4-HMAC-SHA256&X-Amz-Credential=AKIAYUBLFC5TP3LJIQ5H%2F20251003%2Fus-east-1%2Fs3%2Faws4_request&X-Amz-Date=20251003T135116Z&X-Amz-SignedHeaders=host&X-Amz-Expires=28800&X-Amz-Signature=9ac79a288d04a09cd170f42c189856dd0f46d608ab8ecdad6bc179b49438b3b5', 'name': 'Jonathan Ngenga - Security Agreement.pdf'}, {'file_id': 6926415, 's3_link': 'https://loandisk-borrowers.s3.amazonaws.com/Jonathan%20ngenga%20-%20logbook-9649742.jpg?response-content-disposition=attachment%3B%20filename%3D%22Jonathan%2520ngenga%2520-%2520logbook.jpg%22&X-Amz-Content-Sha256=UNSIGNED-PAYLOAD&X-Amz-Algorithm=AWS4-HMAC-SHA256&X-Amz-Credential=AKIAYUBLFC5TP3LJIQ5H%2F20251003%2Fus-east-1%2Fs3%2Faws4_request&X-Amz-Date=20251003T135116Z&X-Amz-SignedHeaders=host&X-Amz-Expires=28800&X-Amz-Signature=1dd8122b083ae1eead8e6ef2405b7ad20a6133051ec51c508a8c689f3c10992b', 'name': 'Jonathan ngenga - logbook.jpg'}, {'file_id': 6933014, 's3_link': 'https://loandisk-borrowers.s3.amazonaws.com/Jonathan%20Ngenga%20-%20Tape%20lift-9659322.pdf?response-content-disposition=attachment%3B%20filename%3D%22Jonathan%2520Ngenga%2520-%2520Tape%2520lift.pdf%22&X-Amz-Content-Sha256=UNSIGNED-PAYLOAD&X-Amz-Algorithm=AWS4-HMAC-SHA256&X-Amz-Credential=AKIAYUBLFC5TP3LJIQ5H%2F20251003%2Fus-east-1%2Fs3%2Faws4_request&X-Amz-Date=20251003T135116Z&X-Amz-SignedHeaders=host&X-Amz-Expires=28800&X-Amz-Signature=33145961d616f500ea3b5ce4ed36633523de441eef55429452bd8e9df0d89c89', 'name': 'Jonathan Ngenga - Tape lift.pdf'}, {'file_id': 6992722, 's3_link': 'https://loandisk-borrowers.s3.amazonaws.com/Jonathan%20Ndisya%20-%20IPF%20%26%20Comprehensive%20form%20insurance-9742569.pdf?response-content-disposition=attachment%3B%20filename%3D%22Jonathan%2520Ndisya%2520-%2520IPF%2520%2526%2520Comprehensive%2520form%2520insurance.pdf%22&X-Amz-Content-Sha256=UNSIGNED-PAYLOAD&X-Amz-Algorithm=AWS4-HMAC-SHA256&X-Amz-Credential=AKIAYUBLFC5TP3LJIQ5H%2F20251003%2Fus-east-1%2Fs3%2Faws4_request&X-Amz-Date=20251003T135116Z&X-Amz-SignedHeaders=host&X-Amz-Expires=28800&X-Amz-Signature=4ddf13367e94f805e971d9e1d1510046a4aeac429323a5d4a79664927f11b260', 'name': 'Jonathan Ndisya - IPF & Comprehensive form insurance.pdf'}, {'file_id': 7529209, 's3_link': 'https://loandisk-borrowers.s3.amazonaws.com/Jonathan%20Ndisya%20-%20Advanced%20Offer%20Letter-10529355.pdf?response-content-disposition=attachment%3B%20filename%3D%22Jonathan%2520Ndisya%2520-%2520Advanced%2520Offer%2520Letter.pdf%22&X-Amz-Content-Sha256=UNSIGNED-PAYLOAD&X-Amz-Algorithm=AWS4-HMAC-SHA256&X-Amz-Credential=AKIAYUBLFC5TP3LJIQ5H%2F20251003%2Fus-east-1%2Fs3%2Faws4_request&X-Amz-Date=20251003T135116Z&X-Amz-SignedHeaders=host&X-Amz-Expires=28800&X-Amz-Signature=7cf681c245b9306096354e5feb34d0823ea8d3531ab133534f21b7cfaa8b2822', 'name': 'Jonathan Ndisya - Advanced Offer Letter.pdf'}]",,"[{'file_id': 8921254, 's3_link': 'https://loandisk-loans.s3.amazonaws.com/Jonathan%20Ngenga%20-%20offer%20letter%201.5-12572748.pdf?response-content-disposition=attachment%3B%20filename%3D%22Jonathan%2520Ngenga%2520-%2520offer%2520letter%25201.5.pdf%22&X-Amz-Content-Sha256=UNSIGNED-PAYLOAD&X-Amz-Algorithm=AWS4-HMAC-SHA256&X-Amz-Credential=AKIAYUBLFC5TP3LJIQ5H%2F20251003%2Fus-east-1%2Fs3%2Faws4_request&X-Amz-Date=20251003T135116Z&X-Amz-SignedHeaders=host&X-Amz-Expires=28800&X-Amz-Signature=bdd1300b63153354121bc3ada75c8bb36e64f83155616149b24804a715583f22', 'name': 'Jonathan Ngenga - offer letter 1.5.pdf'}, {'file_id': 8930594, 's3_link': 'https://loandisk-loans.s3.amazonaws.com/Jonathan%20Ngenga%20-%20security%20agreement-12586516.pdf?response-content-disposition=attachment%3B%20filename%3D%22Jonathan%2520Ngenga%2520-%2520security%2520agreement.pdf%22&X-Amz-Content-Sha256=UNSIGNED-PAYLOAD&X-Amz-Algorithm=AWS4-HMAC-SHA256&X-Amz-Credential=AKIAYUBLFC5TP3LJIQ5H%2F20251003%2Fus-east-1%2Fs3%2Faws4_request&X-Amz-Date=20251003T135116Z&X-Amz-SignedHeaders=host&X-Amz-Expires=28800&X-Amz-Signature=4bd63a5648ae21b1de7eef4b4215f34c8094a2fd36e2a4da06c1b5aadc34ec6b', 'name': 'Jonathan Ngenga - security agreement.pdf'}]",Diana Sigei,,27133
9140559,253137,6321909,29392,27996,113133.06,16969.96,25/08/2025,flat_rate,percentage,Month,15.0000,Months,1,3,1,0.00,round_off_to_two_decimal,,,,,,,,,,,,,,,,,,,,,,,,,,,,133497.01,133497.00999999998,0,133497.00999999998,113133.06,16969.96,0.0,3393.99,8,113133.06,16969.96,0.0,3393.99,"[{'loan_id': 8950579}, {'loan_id': 8725922}, {'loan_id': 8598887}, {'loan_id': 8362195}, {'loan_id': 8113905}]",133497.01,25/09/2025,0.00,6,,0,,0,,0,,0,,0,,0,,0,,0,,0,,0,,0,,0,0,0,0,0,0,0,0,0,0,0,0,0.00,1,,,,"[{'id': 'custom_field_23347', 'name': 'Sales Person'}, {'id': 'custom_field_23167', 'name': 'National ID'}, {'id': 'custom_field_23348', 'name': 'Sales Person(Agent/TL/RO)'}]",KE,STANLEY,KIRIKA KIIRU,HERSI COMPUTERS,1000467,Male,1,0720241087,KIRIKA97@GMAIL.COM,07/05/1980,676 - 00605,NAIROBI,"KABIRIA ROAD, KABINA ESTATE - HOUSE NO: 53",00200,0721922756,,GOOD,67e65afbdd229-10938139.jpg,,,[89478],22645535,LINET NYANYA,"[{'file_id': 7805316, 's3_link': 'https://loandisk-borrowers.s3.amazonaws.com/Stanley%20Kirika%20-%20Motor%20Vehicle-10938126.jpg?response-content-disposition=attachment%3B%20filename%3D%22Stanley%2520Kirika%2520-%2520Motor%2520Vehicle.jpg%22&X-Amz-Content-Sha256=UNSIGNED-PAYLOAD&X-Amz-Algorithm=AWS4-HMAC-SHA256&X-Amz-Credential=AKIAYUBLFC5TP3LJIQ5H%2F20251003%2Fus-east-1%2Fs3%2Faws4_request&X-Amz-Date=20251003T135116Z&X-Amz-SignedHeaders=host&X-Amz-Expires=28800&X-Amz-Signature=1af2961cbe9da5c26bac0b07939f6abafef687ff5e80430f9456d71d6a2f4368', 'name': 'Stanley Kirika - Motor Vehicle.jpg'}, {'file_id': 7805317, 's3_link': 'https://loandisk-borrowers.s3.amazonaws.com/Stanley%20Kirika%20-%20Logbook%2C%20KRA%20Pin%20%26%20ID-10938125.pdf?response-content-disposition=attachment%3B%20filename%3D%22Stanley%2520Kirika%2520-%2520Logbook%252C%2520KRA%2520Pin%2520%2526%2520ID.pdf%22&X-Amz-Content-Sha256=UNSIGNED-PAYLOAD&X-Amz-Algorithm=AWS4-HMAC-SHA256&X-Amz-Credential=AKIAYUBLFC5TP3LJIQ5H%2F20251003%2Fus-east-1%2Fs3%2Faws4_request&X-Amz-Date=20251003T135116Z&X-Amz-SignedHeaders=host&X-Amz-Expires=28800&X-Amz-Signature=277c86bdcd3d0ec3bbe632848cd4ea014fb88dec611b406436aad73204ab62de', 'name': 'Stanley Kirika - Logbook, KRA Pin & ID.pdf'}, {'file_id': 7805318, 's3_link': 'https://loandisk-borrowers.s3.amazonaws.com/Stanley%20Kirika%20-%20Mpesa%20statement%2C%20Data%20portability%20form%20%26%20NTSA%20Receipt-10938129.pdf?response-content-disposition=attachment%3B%20filename%3D%22Stanley%2520Kirika%2520-%2520Mpesa%2520statement%252C%2520Data%2520portability%2520form%2520%2526%2520NTSA%2520Receipt.pdf%22&X-Amz-Content-Sha256=UNSIGNED-PAYLOAD&X-Amz-Algorithm=AWS4-HMAC-SHA256&X-Amz-Credential=AKIAYUBLFC5TP3LJIQ5H%2F20251003%2Fus-east-1%2Fs3%2Faws4_request&X-Amz-Date=20251003T135116Z&X-Amz-SignedHeaders=host&X-Amz-Expires=28800&X-Amz-Signature=bd5fb8d14b074690e3e0e46112f87175e91d1becde594032fe7f9eb639270915', 'name': 'Stanley Kirika - Mpesa statement, Data portability form & NTSA Receipt.pdf'}, {'file_id': 7805319, 's3_link': 'https://loandisk-borrowers.s3.amazonaws.com/Stanley%20Kirika%20-%20Loan%20Form-10938124.pdf?response-content-disposition=attachment%3B%20filename%3D%22Stanley%2520Kirika%2520-%2520Loan%2520Form.pdf%22&X-Amz-Content-Sha256=UNSIGNED-PAYLOAD&X-Amz-Algorithm=AWS4-HMAC-SHA256&X-Amz-Credential=AKIAYUBLFC5TP3LJIQ5H%2F20251003%2Fus-east-1%2Fs3%2Faws4_request&X-Amz-Date=20251003T135116Z&X-Amz-SignedHeaders=host&X-Amz-Expires=28800&X-Amz-Signature=7d6611066d8524376a8d609f8ce991192fb4f13485594ce1af1b43580cd5a2c1', 'name': 'Stanley Kirika - Loan Form.pdf'}, {'file_id': 7805320, 's3_link': 'https://loandisk-borrowers.s3.amazonaws.com/Stanley%20Kirika%20-%20Passport%20Photo-10938134.jpg?response-content-disposition=attachment%3B%20filename%3D%22Stanley%2520Kirika%2520-%2520Passport%2520Photo.jpg%22&X-Amz-Content-Sha256=UNSIGNED-PAYLOAD&X-Amz-Algorithm=AWS4-HMAC-SHA256&X-Amz-Credential=AKIAYUBLFC5TP3LJIQ5H%2F20251003%2Fus-east-1%2Fs3%2Faws4_request&X-Amz-Date=20251003T135116Z&X-Amz-SignedHeaders=host&X-Amz-Expires=28800&X-Amz-Signature=b8e7f606443c84ad562e0ee52555e74372765e2b95805f487ce24ef534185ea0', 'name': 'Stanley Kirika - Passport Photo.jpg'}, {'file_id': 7805321, 's3_link': 'https://loandisk-borrowers.s3.amazonaws.com/Stanley%20Kirika%20-%20Offer%20Letter-10938130.pdf?response-content-disposition=attachment%3B%20filename%3D%22Stanley%2520Kirika%2520-%2520Offer%2520Letter.pdf%22&X-Amz-Content-Sha256=UNSIGNED-PAYLOAD&X-Amz-Algorithm=AWS4-HMAC-SHA256&X-Amz-Credential=AKIAYUBLFC5TP3LJIQ5H%2F20251003%2Fus-east-1%2Fs3%2Faws4_request&X-Amz-Date=20251003T135116Z&X-Amz-SignedHeaders=host&X-Amz-Expires=28800&X-Amz-Signature=eef530595fb11186a9173edc777fdf5bb6c989169c1a43e200e4a4109049d429', 'name': 'Stanley Kirika - Offer Letter.pdf'}, {'file_id': 8507977, 's3_link': 'https://loandisk-borrowers.s3.amazonaws.com/Stanley%20Kirika%20Kiiru%20-%20Demand%20Letter-11971160.pdf?response-content-disposition=attachment%3B%20filename%3D%22Stanley%2520Kirika%2520Kiiru%2520-%2520Demand%2520Letter.pdf%22&X-Amz-Content-Sha256=UNSIGNED-PAYLOAD&X-Amz-Algorithm=AWS4-HMAC-SHA256&X-Amz-Credential=AKIAYUBLFC5TP3LJIQ5H%2F20251003%2Fus-east-1%2Fs3%2Faws4_request&X-Amz-Date=20251003T135116Z&X-Amz-SignedHeaders=host&X-Amz-Expires=28800&X-Amz-Signature=2234e9a1e2cedc65324c88d5719bc47cead1394f522285d4c5dfd3e2c14019cf', 'name': 'Stanley Kirika Kiiru - Demand Letter.pdf'}]",https://loandisk-borrowers-photo-thumbnails.s3.amazonaws.com/67e65afbdd229-10938139.jpg?X-Amz-Content-Sha256=UNSIGNED-PAYLOAD&X-Amz-Algorithm=AWS4-HMAC-SHA256&X-Amz-Credential=AKIAYUBLFC5TP3LJIQ5H%2F20251003%2Fus-east-1%2Fs3%2Faws4_request&X-Amz-Date=20251003T135116Z&X-Amz-SignedHeaders=host&X-Amz-Expires=28800&X-Amz-Signature=b67e0e05a9e64b6519646b25f1d56e9be0db80b4fa93aaa82440ce79b40886a0,,Linet Nyanya,,27133
9140570,253137,4996595,29393,27996,40000.00,1600.00,02/09/2025,flat_rate,percentage,Month,4.0000,Months,1,3,1,0.00,round_off_to_two_decimal,,,,,,,,,,,,,,,,,,,,,,,,,,,,41600.00,39991.4,0,39991.4,39991.4,0.0,0.0,0.0,1,39991.4,0.0,0.0,0.0,[{'loan_id': 8937533}],39991.40,02/10/2025,1608.60,6,,0,,0,,0,,0,,0,,0,,0,,0,,0,,0,,0,,0,0,0,0,0,0,0,0,0,0,0,0,0.00,1,,,,"[{'id': 'custom_field_23347', 'name': 'Sales Person'}, {'id': 'custom_field_23167', 'name': 'National ID'}, {'id': 'custom_field_23348', 'name': 'Sales Person(Agent/TL/RO)'}]",KE,IBRAHIM,KARIUKI KARUMI,,1000330,Male,1,0724586909,kariukiibrahim@yahoo.com,31/12/1985,Nairobi,Nairobi,"Limuru, Ruhia rwambogo road,Nyarariga Estate",,,,,65c62ae6ec970-7309860.jpg,,,[89478],24883452,DAVID MUTURI,"[{'file_id': 5290788, 's3_link': 'https://loandisk-borrowers.s3.amazonaws.com/Ibrahim%20Kariumi%20Karuni%20Loan%20form-7309857.pdf?response-content-disposition=attachment%3B%20filename%3D%22Ibrahim%2520Kariumi%2520Karuni%2520Loan%2520form.pdf%22&X-Amz-Content-Sha256=UNSIGNED-PAYLOAD&X-Amz-Algorithm=AWS4-HMAC-SHA256&X-Amz-Credential=AKIAYUBLFC5TP3LJIQ5H%2F20251003%2Fus-east-1%2Fs3%2Faws4_request&X-Amz-Date=20251003T135117Z&X-Amz-SignedHeaders=host&X-Amz-Expires=28800&X-Amz-Signature=f754cc609cc0775f0c4a167e170f5b41f5bfe83aed925bcc17293cd26796bb1b', 'name': 'Ibrahim Kariumi Karuni Loan form.pdf'}, {'file_id': 5290789, 's3_link': 'https://loandisk-borrowers.s3.amazonaws.com/Ibrahim%20Kariuki%20Karuni%20Offer%20letter-7309859.pdf?response-content-disposition=attachment%3B%20filename%3D%22Ibrahim%2520Kariuki%2520Karuni%2520Offer%2520letter.pdf%22&X-Amz-Content-Sha256=UNSIGNED-PAYLOAD&X-Amz-Algorithm=AWS4-HMAC-SHA256&X-Amz-Credential=AKIAYUBLFC5TP3LJIQ5H%2F20251003%2Fus-east-1%2Fs3%2Faws4_request&X-Amz-Date=20251003T135117Z&X-Amz-SignedHeaders=host&X-Amz-Expires=28800&X-Amz-Signature=6970144b49d5609418ae31ccaa5e30e643ac04cbdd4da43c5d9fa8a5a5055613', 'name': 'Ibrahim Kariuki Karuni Offer letter.pdf'}, {'file_id': 6292713, 's3_link': 'https://loandisk-borrowers.s3.amazonaws.com/Ibrahim%20Kariuki%20-%20Advanced%20Offer%20Letter-8725381.pdf?response-content-disposition=attachment%3B%20filename%3D%22Ibrahim%2520Kariuki%2520-%2520Advanced%2520Offer%2520Letter.pdf%22&X-Amz-Content-Sha256=UNSIGNED-PAYLOAD&X-Amz-Algorithm=AWS4-HMAC-SHA256&X-Amz-Credential=AKIAYUBLFC5TP3LJIQ5H%2F20251003%2Fus-east-1%2Fs3%2Faws4_request&X-Amz-Date=20251003T135117Z&X-Amz-SignedHeaders=host&X-Amz-Expires=28800&X-Amz-Signature=2faad8a9297b4ae1a3d671e91ca2c9f57b6bdf72b875a02d15c70553f36f6857', 'name': 'Ibrahim Kariuki - Advanced Offer Letter.pdf'}, {'file_id': 6708607, 's3_link': 'https://loandisk-borrowers.s3.amazonaws.com/Ibrahim%20Kariuki%20-%20Advanced%20Offer%20Letter-9333013.pdf?response-content-disposition=attachment%3B%20filename%3D%22Ibrahim%2520Kariuki%2520-%2520Advanced%2520Offer%2520Letter.pdf%22&X-Amz-Content-Sha256=UNSIGNED-PAYLOAD&X-Amz-Algorithm=AWS4-HMAC-SHA256&X-Amz-Credential=AKIAYUBLFC5TP3LJIQ5H%2F20251003%2Fus-east-1%2Fs3%2Faws4_request&X-Amz-Date=20251003T135117Z&X-Amz-SignedHeaders=host&X-Amz-Expires=28800&X-Amz-Signature=49c60826af74eec94e62bf022b8bfe95dc392434601b8a9328a128e01290635f', 'name': 'Ibrahim Kariuki - Advanced Offer Letter.pdf'}, {'file_id': 7294125, 's3_link': 'https://loandisk-borrowers.s3.amazonaws.com/Ibrahim%20Kariuki%20-%202nd%20Advanced%20Offer%20Letter-10185261.pdf?response-content-disposition=attachment%3B%20filename%3D%22Ibrahim%2520Kariuki%2520-%25202nd%2520Advanced%2520Offer%2520Letter.pdf%22&X-Amz-Content-Sha256=UNSIGNED-PAYLOAD&X-Amz-Algorithm=AWS4-HMAC-SHA256&X-Amz-Credential=AKIAYUBLFC5TP3LJIQ5H%2F20251003%2Fus-east-1%2Fs3%2Faws4_request&X-Amz-Date=20251003T135117Z&X-Amz-SignedHeaders=host&X-Amz-Expires=28800&X-Amz-Signature=e93747ccb6ab8b37cb282d14ce0a615ed4b9a150af17c9bc3b51143926f9b513', 'name': 'Ibrahim Kariuki - 2nd Advanced Offer Letter.pdf'}, {'file_id': 7876948, 's3_link': 'https://loandisk-borrowers.s3.amazonaws.com/Ibrahim%20Kariuki%20-%203rd%20Advanced%20Offer%20Letter-11050309.pdf?response-content-disposition=attachment%3B%20filename%3D%22Ibrahim%2520Kariuki%2520-%25203rd%2520Advanced%2520Offer%2520Letter.pdf%22&X-Amz-Content-Sha256=UNSIGNED-PAYLOAD&X-Amz-Algorithm=AWS4-HMAC-SHA256&X-Amz-Credential=AKIAYUBLFC5TP3LJIQ5H%2F20251003%2Fus-east-1%2Fs3%2Faws4_request&X-Amz-Date=20251003T135117Z&X-Amz-SignedHeaders=host&X-Amz-Expires=28800&X-Amz-Signature=7f63f9fbee37a61c63107382573a339002c27e00199190f1a6589c6c93d28543', 'name': 'Ibrahim Kariuki - 3rd Advanced Offer Letter.pdf'}, {'file_id': 8144350, 's3_link': 'https://loandisk-borrowers.s3.amazonaws.com/Ibrahim%20Kariuki%20-%204th%20Advanced%20Offer%20Letter-11439847.pdf?response-content-disposition=attachment%3B%20filename%3D%22Ibrahim%2520Kariuki%2520-%25204th%2520Advanced%2520Offer%2520Letter.pdf%22&X-Amz-Content-Sha256=UNSIGNED-PAYLOAD&X-Amz-Algorithm=AWS4-HMAC-SHA256&X-Amz-Credential=AKIAYUBLFC5TP3LJIQ5H%2F20251003%2Fus-east-1%2Fs3%2Faws4_request&X-Amz-Date=20251003T135117Z&X-Amz-SignedHeaders=host&X-Amz-Expires=28800&X-Amz-Signature=b1e659b4c6d630e4b0562aa5ada9b331afc66627c0e7c46fa4086f854b6bc4b2', 'name': 'Ibrahim Kariuki - 4th Advanced Offer Letter.pdf'}, {'file_id': 8508040, 's3_link': 'https://loandisk-borrowers.s3.amazonaws.com/Ibrahim%20Karumi%20Kariuki%20-Demand%20Letter-11971242.pdf?response-content-disposition=attachment%3B%20filename%3D%22Ibrahim%2520Karumi%2520Kariuki%2520-Demand%2520Letter.pdf%22&X-Amz-Content-Sha256=UNSIGNED-PAYLOAD&X-Amz-Algorithm=AWS4-HMAC-SHA256&X-Amz-Credential=AKIAYUBLFC5TP3LJIQ5H%2F20251003%2Fus-east-1%2Fs3%2Faws4_request&X-Amz-Date=20251003T135117Z&X-Amz-SignedHeaders=host&X-Amz-Expires=28800&X-Amz-Signature=88a765263a936d805c8822f14c1b86f22e3e1e93d3c165ade36f47a43424f33e', 'name': 'Ibrahim Karumi Kariuki -Demand Letter.pdf'}, {'file_id': 8706557, 's3_link': 'https://loandisk-borrowers.s3.amazonaws.com/Ibrahim%20Karium%20Kariuki-%202nd%20Demand%20Letter-12262464.pdf?response-content-disposition=attachment%3B%20filename%3D%22Ibrahim%2520Karium%2520Kariuki-%25202nd%2520Demand%2520Letter.pdf%22&X-Amz-Content-Sha256=UNSIGNED-PAYLOAD&X-Amz-Algorithm=AWS4-HMAC-SHA256&X-Amz-Credential=AKIAYUBLFC5TP3LJIQ5H%2F20251003%2Fus-east-1%2Fs3%2Faws4_request&X-Amz-Date=20251003T135117Z&X-Amz-SignedHeaders=host&X-Amz-Expires=28800&X-Amz-Signature=7efeaed69ac8939cfbe5258166888827ff44fcb7152df8e6d02aa23a2abadaff', 'name': 'Ibrahim Karium Kariuki- 2nd Demand Letter.pdf'}, {'file_id': 8759724, 's3_link': 'https://loandisk-borrowers.s3.amazonaws.com/Ibrahim%20Kariuki%20-%205th%20Advanced%20offer%20letter-12338022.pdf?response-content-disposition=attachment%3B%20filename%3D%22Ibrahim%2520Kariuki%2520-%25205th%2520Advanced%2520offer%2520letter.pdf%22&X-Amz-Content-Sha256=UNSIGNED-PAYLOAD&X-Amz-Algorithm=AWS4-HMAC-SHA256&X-Amz-Credential=AKIAYUBLFC5TP3LJIQ5H%2F20251003%2Fus-east-1%2Fs3%2Faws4_request&X-Amz-Date=20251003T135117Z&X-Amz-SignedHeaders=host&X-Amz-Expires=28800&X-Amz-Signature=7c7dee55867bfe7774ec7640fb065c46ed35575b37f46b56b777a9edf59c046b', 'name': 'Ibrahim Kariuki - 5th Advanced offer letter.pdf'}]",https://loandisk-borrowers-photo-thumbnails.s3.amazonaws.com/65c62ae6ec970-7309860.jpg?X-Amz-Content-Sha256=UNSIGNED-PAYLOAD&X-Amz-Algorithm=AWS4-HMAC-SHA256&X-Amz-Credential=AKIAYUBLFC5TP3LJIQ5H%2F20251003%2Fus-east-1%2Fs3%2Faws4_request&X-Amz-Date=20251003T135117Z&X-Amz-SignedHeaders=host&X-Amz-Expires=28800&X-Amz-Signature=061c3b826e38d5ec888f8e42c93050f9748fa284837311f987a5b13536524eb1,,Linet Nyanya,,27133
9171953,253137,4737632,29405,27996,532490.22,79873.53,02/09/2025,flat_rate,percentage,Month,15.0000,Months,1,3,1,0.00,round_off_to_two_decimal,,,,,,,,,,,,,,,,,,,,,,,,,,,,612363.75,612363.75,0,612363.75,532490.22,79873.53,0.0,0.0,1,532490.22,79873.53,0.0,0.0,"[{'loan_id': 8980607}, {'loan_id': 8766110}, {'loan_id': 8584807}, {'loan_id': 8373591}, {'loan_id': 8198505}, {'loan_id': 7982247}, {'loan_id': 7815696}, {'loan_id': 7634714}, {'loan_id': 7470883}, {'loan_id': 7317507}, {'loan_id': 7092955}, {'loan_id': 6960302}, {'loan_id': 6733074}, {'loan_id': 6626299}, {'loan_id': 6439867}, {'loan_id': 6281104}, {'loan_id': 6149935}, {'loan_id': 5950070}, {'loan_id': 5787022}, {'loan_id': 5664367}, {'loan_id': 5547168}, {'loan_id': 5351033}]",612363.75,02/10/2025,0.00,6,,0,,0,,0,,0,,0,,0,,0,,0,,0,,0,,0,,0,0,0,0,0,0,0,0,0,0,0,0,0.00,1,,,,"[{'id': 'custom_field_23347', 'name': 'Sales Person'}, {'id': 'custom_field_23167', 'name': 'National ID'}, {'id': 'custom_field_23348', 'name': 'Sales Person(Agent/TL/RO)'}]",KE,ROBERT,NYANUGA OGWOKA,,1000287,Male,1,0732303333,OGWAKA@GMAIL.COM,02/03/1980,,,,,,,GOOD,6540c369391a0-6628971.jpg,,,[17027],21779999,MILLICENT WAIRIMU,"[{'file_id': 4820277, 's3_link': 'https://loandisk-borrowers.s3.amazonaws.com/ROBERT%20NYANUGA%20LOAN%20FORM-6628964.pdf?response-content-disposition=attachment%3B%20filename%3D%22ROBERT%2520NYANUGA%2520LOAN%2520FORM.pdf%22&X-Amz-Content-Sha256=UNSIGNED-PAYLOAD&X-Amz-Algorithm=AWS4-HMAC-SHA256&X-Amz-Credential=AKIAYUBLFC5TP3LJIQ5H%2F20251003%2Fus-east-1%2Fs3%2Faws4_request&X-Amz-Date=20251003T135117Z&X-Amz-SignedHeaders=host&X-Amz-Expires=28800&X-Amz-Signature=ff78542ce85cb3024e5091c6b8250950aa1da993814ff849d185797ecaebf41f', 'name': 'ROBERT NYANUGA LOAN FORM.pdf'}, {'file_id': 4820278, 's3_link': 'https://loandisk-borrowers.s3.amazonaws.com/ROBERT%20NYANUGA%20OFFER%20LETTER-6628969.pdf?response-content-disposition=attachment%3B%20filename%3D%22ROBERT%2520NYANUGA%2520OFFER%2520LETTER.pdf%22&X-Amz-Content-Sha256=UNSIGNED-PAYLOAD&X-Amz-Algorithm=AWS4-HMAC-SHA256&X-Amz-Credential=AKIAYUBLFC5TP3LJIQ5H%2F20251003%2Fus-east-1%2Fs3%2Faws4_request&X-Amz-Date=20251003T135117Z&X-Amz-SignedHeaders=host&X-Amz-Expires=28800&X-Amz-Signature=17e6e4ca0c0c97cbb571fea0c1b1bf70c68c23d52242de19bbd2cebead4ac07f', 'name': 'ROBERT NYANUGA OFFER LETTER.pdf'}]",https://loandisk-borrowers-photo-thumbnails.s3.amazonaws.com/6540c369391a0-6628971.jpg?X-Amz-Content-Sha256=UNSIGNED-PAYLOAD&X-Amz-Algorithm=AWS4-HMAC-SHA256&X-Amz-Credential=AKIAYUBLFC5TP3LJIQ5H%2F20251003%2Fus-east-1%2Fs3%2Faws4_request&X-Amz-Date=20251003T135117Z&X-Amz-SignedHeaders=host&X-Amz-Expires=28800&X-Amz-Signature=109123518e569f5fcca3520dd7c04fe142cf0fa21345c6174faea4f9bfb9b2f2,,Diana Sigei,,27133
9172585,253137,6042891,29409,27996,103895.77,13506.45,28/08/2025,flat_rate,percentage,Month,13.0000,Months,1,3,1,0.00,round_off_to_two_decimal,,,,,,,,,,,,,,,,,,,,,,,,,,,,117402.22,117402.22,0,117402.22,103895.77,13506.45,0.0,0.0,5,103895.77,13506.45,0.0,0.0,"[{'loan_id': 8980599}, {'loan_id': 8766148}, {'loan_id': 8528048}, {'loan_id': 8399797}, {'loan_id': 8156556}, {'loan_id': 7989663}, {'loan_id': 7808511}, {'loan_id': 7581701}, {'loan_id': 7457693}]",117402.22,28/09/2025,0.00,6,,0,,0,,0,,0,,0,,0,,0,,0,,0,,0,,0,,0,0,0,0,0,0,0,0,0,0,0,0,0.00,1,,,,"[{'id': 'custom_field_23347', 'name': 'Sales Person'}, {'id': 'custom_field_23167', 'name': 'National ID'}, {'id': 'custom_field_23348', 'name': 'Sales Person(Agent/TL/RO)'}]",KE,EVANS,OMONDI OKEYO,,1000434,Male,1,0707728827,evansomondi12@yahoo.com,01/01/1978,,NAIROBI,,,,,,674da13c12e11-9849951.jpg,,,[89478],20559382,MIRIAM NJERI,"[{'file_id': 7063158, 's3_link': 'https://loandisk-borrowers.s3.amazonaws.com/Evans%20Okeyo%20-%20logbook%2C%20kra%20pin%2C%20ID%20%2C%20ntsa%20form-9849949.pdf?response-content-disposition=attachment%3B%20filename%3D%22Evans%2520Okeyo%2520-%2520logbook%252C%2520kra%2520pin%252C%2520ID%2520%252C%2520ntsa%2520form.pdf%22&X-Amz-Content-Sha256=UNSIGNED-PAYLOAD&X-Amz-Algorithm=AWS4-HMAC-SHA256&X-Amz-Credential=AKIAYUBLFC5TP3LJIQ5H%2F20251003%2Fus-east-1%2Fs3%2Faws4_request&X-Amz-Date=20251003T135117Z&X-Amz-SignedHeaders=host&X-Amz-Expires=28800&X-Amz-Signature=c5983fbf7c104b758ae4917d6ef52de96d55d1492f838624d84b065c5d0b3bb1', 'name': 'Evans Okeyo - logbook, kra pin, ID , ntsa form.pdf'}, {'file_id': 7410473, 's3_link': 'https://loandisk-borrowers.s3.amazonaws.com/Evans%20Omondi%20Okeyo%20-%20Demand%20Letter-10354231.pdf?response-content-disposition=attachment%3B%20filename%3D%22Evans%2520Omondi%2520Okeyo%2520-%2520Demand%2520Letter.pdf%22&X-Amz-Content-Sha256=UNSIGNED-PAYLOAD&X-Amz-Algorithm=AWS4-HMAC-SHA256&X-Amz-Credential=AKIAYUBLFC5TP3LJIQ5H%2F20251003%2Fus-east-1%2Fs3%2Faws4_request&X-Amz-Date=20251003T135117Z&X-Amz-SignedHeaders=host&X-Amz-Expires=28800&X-Amz-Signature=5d8f86cedb90e3d5beb8a09cc4a04ff4f861ec07f679726c52cd9323a1e76350', 'name': 'Evans Omondi Okeyo - Demand Letter.pdf'}, {'file_id': 8896649, 's3_link': 'https://loandisk-borrowers.s3.amazonaws.com/Evans%20Omondi%20-%20Demand%20letter-12536214.pdf?response-content-disposition=attachment%3B%20filename%3D%22Evans%2520Omondi%2520-%2520Demand%2520letter.pdf%22&X-Amz-Content-Sha256=UNSIGNED-PAYLOAD&X-Amz-Algorithm=AWS4-HMAC-SHA256&X-Amz-Credential=AKIAYUBLFC5TP3LJIQ5H%2F20251003%2Fus-east-1%2Fs3%2Faws4_request&X-Amz-Date=20251003T135117Z&X-Amz-SignedHeaders=host&X-Amz-Expires=28800&X-Amz-Signature=c295c3eae62e1f69d03ebc935d99fed07cad591a5148b4faf668c72a9ffa329e', 'name': 'Evans Omondi - Demand letter.pdf'}]",https://loandisk-borrowers-photo-thumbnails.s3.amazonaws.com/674da13c12e11-9849951.jpg?X-Amz-Content-Sha256=UNSIGNED-PAYLOAD&X-Amz-Algorithm=AWS4-HMAC-SHA256&X-Amz-Credential=AKIAYUBLFC5TP3LJIQ5H%2F20251003%2Fus-east-1%2Fs3%2Faws4_request&X-Amz-Date=20251003T135117Z&X-Amz-SignedHeaders=host&X-Amz-Expires=28800&X-Amz-Signature=1be66326b163bf2dd886bd19b6c8dd7c20e699839cf5324314e1e1400a8c2ecd,,Linet Nyanya,,27133
9173964,36800,3450064,29410,27996,32050.32,4807.55,09/08/2025,flat_rate,percentage,Month,15.0000,Months,1,3,1,0.00,round_off_to_two_decimal,,,,,,,,,,,,,,,,,,,,,,,,,,,,44229.37,44229.37,0,44229.37,32050.32,4807.55,0.0,7371.5,24,32050.32,4807.55,0.0,7371.5,"[{'loan_id': 8917677}, {'loan_id': 8452104}, {'loan_id': 8358645}, {'loan_id': 8075788}, {'loan_id': 7914196}, {'loan_id': 7709959}, {'loan_id': 7601976}, {'loan_id': 7375188}, {'loan_id': 7187139}, {'loan_id': 6975819}, {'loan_id': 6785466}, {'loan_id': 6707901}, {'loan_id': 6508410}, {'loan_id': 6330593}, {'loan_id': 6181053}, {'loan_id': 6007450}, {'loan_id': 5854757}, {'loan_id': 5702171}, {'loan_id': 5571619}, {'loan_id': 5465412}, {'loan_id': 5253295}, {'loan_id': 5120317}, {'loan_id': 4918527}, {'loan_id': 4773823}, {'loan_id': 4594399}]",44229.37,09/09/2025,0.00,6,,0,,0,,0,,0,,0,,0,,0,,0,,0,,0,,0,,0,0,0,0,0,0,0,0,0,0,0,0,0.00,1,,,,"[{'id': 'custom_field_23347', 'name': 'Sales Person'}, {'id': 'custom_field_23167', 'name': 'National ID'}, {'id': 'custom_field_23348', 'name': 'Sales Person(Agent/TL/RO)'}]",KE,SLYVIA,JEPKEMBOI,,1000192,Female,2,0743711883,sylviakemboi97@gmail.com,,,Nairobi,,,,,GOOD,,,,[77749],25908321,DIANA SIGEI,,,,Richard Litunya,,27133
9236544,253137,4337655,29452,27996,91185.99,13677.90,02/09/2025,flat_rate,percentage,Month,15.0000,Months,1,3,1,0.00,round_off_to_two_decimal,,,,,,,,,,,,,,,,,,,,,,,,,,,,104863.89,104863.89,0,104863.89,91185.99,13677.9,0.0,0.0,1,91185.99,13677.9,0.0,0.0,"[{'loan_id': 8994395}, {'loan_id': 8725535}, {'loan_id': 8611840}, {'loan_id': 8416391}, {'loan_id': 8169661}, {'loan_id': 8014140}, {'loan_id': 7835194}, {'loan_id': 7657966}, {'loan_id': 7513646}, {'loan_id': 7286505}, {'loan_id': 7132281}, {'loan_id': 6944841}, {'loan_id': 6789489}, {'loan_id': 6610077}, {'loan_id': 6461527}, {'loan_id': 6291934}, {'loan_id': 6126469}, {'loan_id': 5981655}, {'loan_id': 5898087}, {'loan_id': 5685260}, {'loan_id': 5541238}, {'loan_id': 5403455}, {'loan_id': 5261351}, {'loan_id': 5133712}, {'loan_id': 4869372}]",104863.89,02/10/2025,0.00,6,,0,,0,,0,,0,,0,,0,,0,,0,,0,,0,,0,,0,0,0,0,0,0,0,0,0,0,0,0,0.00,1,,,,"[{'id': 'custom_field_23347', 'name': 'Sales Person'}, {'id': 'custom_field_23167', 'name': 'National ID'}, {'id': 'custom_field_23348', 'name': 'Sales Person(Agent/TL/RO)'}]",KE,STEPHEN,KITHEKA MUSYOKA,,1000236,Male,1,0725958693,stevemusyoka123@gmail.com,,,Nairobi,,,,,,,,,[77749],23731440,MILLICENT WAIRIMU,,,,Richard Litunya,,27133
9241724,253137,5353666,29454,27996,41246.71,4949.61,02/09/2025,flat_rate,percentage,Month,12.0000,Months,1,3,1,0.00,round_off_to_two_decimal,,,,,,,,,,,,,,,,,,,,,,,,,,,,46196.32,46196.32,0,46196.32,41246.71,4949.61,0.0,0.0,1,41246.71,4949.61,0.0,0.0,"[{'loan_id': 9049075}, {'loan_id': 8766123}, {'loan_id': 8599301}, {'loan_id': 8383665}, {'loan_id': 8198536}, {'loan_id': 7989767}, {'loan_id': 7827206}, {'loan_id': 7670841}, {'loan_id': 7515608}, {'loan_id': 7275841}]",46196.32,02/10/2025,0.00,6,,0,,0,,0,,0,,0,,0,,0,,0,,0,,0,,0,,0,0,0,0,0,0,0,0,0,0,0,0,0.00,1,,,,"[{'id': 'custom_field_23347', 'name': 'Sales Person'}, {'id': 'custom_field_23167', 'name': 'National ID'}, {'id': 'custom_field_23348', 'name': 'Sales Person(Agent/TL/RO)'}]",KE,JAPHETH,MUNYAO MAWEU,,1000375,Male,1,0724409130,japheth2016munyao@gmail.com,01/01/1982,Nakuru,Nakuru,"Nakuru, racecourse road Estate Zakayo",,,,GOOD,6641fe97bd985-7985515.jpg,,,[17027],23622636,MIRIAM NJERI,"[{'file_id': 5777755, 's3_link': 'https://loandisk-borrowers.s3.amazonaws.com/Japheth%20Munyao%20Loan%20form-7985440.pdf?response-content-disposition=attachment%3B%20filename%3D%22Japheth%2520Munyao%2520Loan%2520form.pdf%22&X-Amz-Content-Sha256=UNSIGNED-PAYLOAD&X-Amz-Algorithm=AWS4-HMAC-SHA256&X-Amz-Credential=AKIAYUBLFC5TP3LJIQ5H%2F20251003%2Fus-east-1%2Fs3%2Faws4_request&X-Amz-Date=20251003T135117Z&X-Amz-SignedHeaders=host&X-Amz-Expires=28800&X-Amz-Signature=d5129543753379cf4c798059ccffdef963c62595760ecc0e52705231d910da2b', 'name': 'Japheth Munyao Loan form.pdf'}, {'file_id': 5777756, 's3_link': 'https://loandisk-borrowers.s3.amazonaws.com/Japheth%20Munyao%20Offer%20letter-7985442.pdf?response-content-disposition=attachment%3B%20filename%3D%22Japheth%2520Munyao%2520Offer%2520letter.pdf%22&X-Amz-Content-Sha256=UNSIGNED-PAYLOAD&X-Amz-Algorithm=AWS4-HMAC-SHA256&X-Amz-Credential=AKIAYUBLFC5TP3LJIQ5H%2F20251003%2Fus-east-1%2Fs3%2Faws4_request&X-Amz-Date=20251003T135117Z&X-Amz-SignedHeaders=host&X-Amz-Expires=28800&X-Amz-Signature=29cfce83aa5d06b1feba32cbda31632132f3c2f74c3f7d470817ed7677f8858c', 'name': 'Japheth Munyao Offer letter.pdf'}, {'file_id': 6281782, 's3_link': 'https://loandisk-borrowers.s3.amazonaws.com/Japheth%20Munyao%20-%20Advanced%20Offer%20Letter-8708132.pdf?response-content-disposition=attachment%3B%20filename%3D%22Japheth%2520Munyao%2520-%2520Advanced%2520Offer%2520Letter.pdf%22&X-Amz-Content-Sha256=UNSIGNED-PAYLOAD&X-Amz-Algorithm=AWS4-HMAC-SHA256&X-Amz-Credential=AKIAYUBLFC5TP3LJIQ5H%2F20251003%2Fus-east-1%2Fs3%2Faws4_request&X-Amz-Date=20251003T135117Z&X-Amz-SignedHeaders=host&X-Amz-Expires=28800&X-Amz-Signature=747b655a7cfca8742464120a57cbadd009ccb0f94edae6b781a6718d0ed9cadf', 'name': 'Japheth Munyao - Advanced Offer Letter.pdf'}, {'file_id': 6870602, 's3_link': 'https://loandisk-borrowers.s3.amazonaws.com/Japtheth%20Munyao%20-%20Advanced%20Offer%20Letter-9572163.pdf?response-content-disposition=attachment%3B%20filename%3D%22Japtheth%2520Munyao%2520-%2520Advanced%2520Offer%2520Letter.pdf%22&X-Amz-Content-Sha256=UNSIGNED-PAYLOAD&X-Amz-Algorithm=AWS4-HMAC-SHA256&X-Amz-Credential=AKIAYUBLFC5TP3LJIQ5H%2F20251003%2Fus-east-1%2Fs3%2Faws4_request&X-Amz-Date=20251003T135117Z&X-Amz-SignedHeaders=host&X-Amz-Expires=28800&X-Amz-Signature=699e63a879dba20eb757193c9ef453b8b32d049393117415c32369727a729e49', 'name': 'Japtheth Munyao - Advanced Offer Letter.pdf'}, {'file_id': 7124023, 's3_link': 'https://loandisk-borrowers.s3.amazonaws.com/Japheth%20Munyao%20-%202nd%20Advanced%20Offer%20Letter-9936399.pdf?response-content-disposition=attachment%3B%20filename%3D%22Japheth%2520Munyao%2520-%25202nd%2520Advanced%2520Offer%2520Letter.pdf%22&X-Amz-Content-Sha256=UNSIGNED-PAYLOAD&X-Amz-Algorithm=AWS4-HMAC-SHA256&X-Amz-Credential=AKIAYUBLFC5TP3LJIQ5H%2F20251003%2Fus-east-1%2Fs3%2Faws4_request&X-Amz-Date=20251003T135117Z&X-Amz-SignedHeaders=host&X-Amz-Expires=28800&X-Amz-Signature=55ae8407f05ffc9a67fe589b272778562d84f63daab61218e5e4e2d77de6b7f3', 'name': 'Japheth Munyao - 2nd Advanced Offer Letter.pdf'}, {'file_id': 7731795, 's3_link': 'https://loandisk-borrowers.s3.amazonaws.com/Japheth%20Munyao%20-%203rd%20Advanced%20Offer%20Letter-10832564.pdf?response-content-disposition=attachment%3B%20filename%3D%22Japheth%2520Munyao%2520-%25203rd%2520Advanced%2520Offer%2520Letter.pdf%22&X-Amz-Content-Sha256=UNSIGNED-PAYLOAD&X-Amz-Algorithm=AWS4-HMAC-SHA256&X-Amz-Credential=AKIAYUBLFC5TP3LJIQ5H%2F20251003%2Fus-east-1%2Fs3%2Faws4_request&X-Amz-Date=20251003T135117Z&X-Amz-SignedHeaders=host&X-Amz-Expires=28800&X-Amz-Signature=d666f05cf61ced605cb4331419ee3d1bf0f39b9677e19afa42f95240361ce5cb', 'name': 'Japheth Munyao - 3rd Advanced Offer Letter.pdf'}, {'file_id': 8347054, 's3_link': 'https://loandisk-borrowers.s3.amazonaws.com/Japheth%20Munyao%20-%204th%20Advanced%20Offer%20letter-11734674.pdf?response-content-disposition=attachment%3B%20filename%3D%22Japheth%2520Munyao%2520-%25204th%2520Advanced%2520Offer%2520letter.pdf%22&X-Amz-Content-Sha256=UNSIGNED-PAYLOAD&X-Amz-Algorithm=AWS4-HMAC-SHA256&X-Amz-Credential=AKIAYUBLFC5TP3LJIQ5H%2F20251003%2Fus-east-1%2Fs3%2Faws4_request&X-Amz-Date=20251003T135117Z&X-Amz-SignedHeaders=host&X-Amz-Expires=28800&X-Amz-Signature=8105701395d356ff5af3a88132961f94b7fc3e634c219a47b3995c689fa2bd44', 'name': 'Japheth Munyao - 4th Advanced Offer letter.pdf'}, {'file_id': 8841116, 's3_link': 'https://loandisk-borrowers.s3.amazonaws.com/Japeth%20Munyao-%20Demand%20letter-12453143.pdf?response-content-disposition=attachment%3B%20filename%3D%22Japeth%2520Munyao-%2520Demand%2520letter.pdf%22&X-Amz-Content-Sha256=UNSIGNED-PAYLOAD&X-Amz-Algorithm=AWS4-HMAC-SHA256&X-Amz-Credential=AKIAYUBLFC5TP3LJIQ5H%2F20251003%2Fus-east-1%2Fs3%2Faws4_request&X-Amz-Date=20251003T135117Z&X-Amz-SignedHeaders=host&X-Amz-Expires=28800&X-Amz-Signature=aab6ca0f19a9c90dca4bb14cc71ea25498cb529b8badd6bf7c324e63d23af3ac', 'name': 'Japeth Munyao- Demand letter.pdf'}, {'file_id': 9092480, 's3_link': 'https://loandisk-borrowers.s3.amazonaws.com/Japeth%20Munyao%20-%20Auctioneers%20Act-12821179.pdf?response-content-disposition=attachment%3B%20filename%3D%22Japeth%2520Munyao%2520-%2520Auctioneers%2520Act.pdf%22&X-Amz-Content-Sha256=UNSIGNED-PAYLOAD&X-Amz-Algorithm=AWS4-HMAC-SHA256&X-Amz-Credential=AKIAYUBLFC5TP3LJIQ5H%2F20251003%2Fus-east-1%2Fs3%2Faws4_request&X-Amz-Date=20251003T135117Z&X-Amz-SignedHeaders=host&X-Amz-Expires=28800&X-Amz-Signature=098b56701ff8bf338d599fc53c330c2d0d577a2f8515ad6f332155cce54a2c0f', 'name': 'Japeth Munyao - Auctioneers Act.pdf'}]",https://loandisk-borrowers-photo-thumbnails.s3.amazonaws.com/6641fe97bd985-7985515.jpg?X-Amz-Content-Sha256=UNSIGNED-PAYLOAD&X-Amz-Algorithm=AWS4-HMAC-SHA256&X-Amz-Credential=AKIAYUBLFC5TP3LJIQ5H%2F20251003%2Fus-east-1%2Fs3%2Faws4_request&X-Amz-Date=20251003T135117Z&X-Amz-SignedHeaders=host&X-Amz-Expires=28800&X-Amz-Signature=569db8d801774e8f152a2a9f7b70f5fd99e2ee8171f5e314a573476eb3f85deb,,Diana Sigei,,27133
8611623,36800,6542228,1000002,27996,153000.00,73440.00,13/06/2025,flat_rate,percentage,Month,4.0000,Months,12,3,12,0.00,round_off_to_two_decimal,,,,,,,,,,,,,,,,,,,,,,,,,,,,264586.25,12905,111.25,13016.25,11125.0,0.0,0.0,1891.25,20,125875.0,55080.0,27000.0,1891.25,[],209846.25,13/06/2026,54740.00,16,,0,,0,,0,,0,,0,,0,,0,,0,,0,,0,,0,distribute_fees_evenly,36000.00,0,0,0,0,0,0,0,0,0,0,0,0.00,1,,,,"[{'id': 'custom_field_23347', 'name': 'Sales Person'}, {'id': 'custom_field_23167', 'name': 'National ID'}, {'id': 'custom_field_23348', 'name': 'Sales Person(Agent/TL/RO)'}]",KE,JEREMIAH,KIBUNJA NDONGA,REAL ESTATE,1000002,Male,1,0722269458,johnndonga@yahoo.com,20/08/1964,,,,,,,,,,,[97472],4409429,Edwin Ndungu,"[{'file_id': 8327395, 's3_link': 'https://loandisk-borrowers.s3.amazonaws.com/Desktop-20250616T084202Z-1-001-11707652.zip?response-content-disposition=attachment%3B%20filename%3D%22Desktop-20250616T084202Z-1-001.zip%22&X-Amz-Content-Sha256=UNSIGNED-PAYLOAD&X-Amz-Algorithm=AWS4-HMAC-SHA256&X-Amz-Credential=AKIAYUBLFC5TP3LJIQ5H%2F20251003%2Fus-east-1%2Fs3%2Faws4_request&X-Amz-Date=20251003T135120Z&X-Amz-SignedHeaders=host&X-Amz-Expires=28800&X-Amz-Signature=30adb75e1114ef71c0b5547af010fdc6cae07ff35fab0a6c2df5b02a113ae420', 'name': 'Desktop-20250616T084202Z-1-001.zip'}, {'file_id': 8327396, 's3_link': 'https://loandisk-borrowers.s3.amazonaws.com/j%20application%20form%20-11707825.pdf?response-content-disposition=attachment%3B%20filename%3D%22j%2520application%2520form%2520.pdf%22&X-Amz-Content-Sha256=UNSIGNED-PAYLOAD&X-Amz-Algorithm=AWS4-HMAC-SHA256&X-Amz-Credential=AKIAYUBLFC5TP3LJIQ5H%2F20251003%2Fus-east-1%2Fs3%2Faws4_request&X-Amz-Date=20251003T135120Z&X-Amz-SignedHeaders=host&X-Amz-Expires=28800&X-Amz-Signature=d4b826a4e3568f07ece2d43b742a3a6002cbd7bfd1a2e092f1a7f9532bba635b', 'name': 'j application form .pdf'}, {'file_id': 8327397, 's3_link': 'https://loandisk-borrowers.s3.amazonaws.com/jere%20OL-11707827.pdf?response-content-disposition=attachment%3B%20filename%3D%22jere%2520OL.pdf%22&X-Amz-Content-Sha256=UNSIGNED-PAYLOAD&X-Amz-Algorithm=AWS4-HMAC-SHA256&X-Amz-Credential=AKIAYUBLFC5TP3LJIQ5H%2F20251003%2Fus-east-1%2Fs3%2Faws4_request&X-Amz-Date=20251003T135120Z&X-Amz-SignedHeaders=host&X-Amz-Expires=28800&X-Amz-Signature=ebde870f1ed97be4d6cc2696784dccfa9139ad76c145f31054e52bc60e715a65', 'name': 'jere OL.pdf'}, {'file_id': 8327398, 's3_link': 'https://loandisk-borrowers.s3.amazonaws.com/Jeremiah%20OL-11707828.pdf?response-content-disposition=attachment%3B%20filename%3D%22Jeremiah%2520OL.pdf%22&X-Amz-Content-Sha256=UNSIGNED-PAYLOAD&X-Amz-Algorithm=AWS4-HMAC-SHA256&X-Amz-Credential=AKIAYUBLFC5TP3LJIQ5H%2F20251003%2Fus-east-1%2Fs3%2Faws4_request&X-Amz-Date=20251003T135120Z&X-Amz-SignedHeaders=host&X-Amz-Expires=28800&X-Amz-Signature=d9f1a04354e7887e2b71559b1efd0d81d3c06102433fae782afba80424b7e6ab', 'name': 'Jeremiah OL.pdf'}, {'file_id': 8390701, 's3_link': 'https://loandisk-borrowers.s3.amazonaws.com/jeremiah%20logbook-11795179.jpeg?response-content-disposition=attachment%3B%20filename%3D%22jeremiah%2520logbook.jpeg%22&X-Amz-Content-Sha256=UNSIGNED-PAYLOAD&X-Amz-Algorithm=AWS4-HMAC-SHA256&X-Amz-Credential=AKIAYUBLFC5TP3LJIQ5H%2F20251003%2Fus-east-1%2Fs3%2Faws4_request&X-Amz-Date=20251003T135120Z&X-Amz-SignedHeaders=host&X-Amz-Expires=28800&X-Amz-Signature=a453824e7d0780f52665c75f7c452c3cba5ca5c93efd3abfb44089a0d3c9c5d5', 'name': 'jeremiah logbook.jpeg'}]",,,Edwin Ndungu,,75350
8611672,240139,6542228,1000003,27999,30167.00,6033.00,13/06/2025,flat_rate,percentage,Month,2.0000,Months,10,3,10,0.00,round_off_to_integer,,,,,,,,,,,,,,,,,,,,,,,,,,,,37200.00,100,3620.0,3720.0,3017.0,603.0,100.0,0.0,20,24133.0,4827.0,800.0,0.0,[],29760.00,13/04/2026,7440.00,5,,0,,0,,0,distribute_fees_evenly,1000.00,,0,,0,,0,,0,,0,,0,,0,,0,0,0,0,0,0,0,0,0,0,0,0,0.00,1,,,,"[{'id': 'custom_field_23347', 'name': 'Sales Person'}, {'id': 'custom_field_23167', 'name': 'National ID'}, {'id': 'custom_field_23348', 'name': 'Sales Person(Agent/TL/RO)'}]",KE,JEREMIAH,KIBUNJA NDONGA,REAL ESTATE,1000002,Male,1,0722269458,johnndonga@yahoo.com,20/08/1964,,,,,,,,,,,[97472],4409429,Edwin Ndungu,"[{'file_id': 8327395, 's3_link': 'https://loandisk-borrowers.s3.amazonaws.com/Desktop-20250616T084202Z-1-001-11707652.zip?response-content-disposition=attachment%3B%20filename%3D%22Desktop-20250616T084202Z-1-001.zip%22&X-Amz-Content-Sha256=UNSIGNED-PAYLOAD&X-Amz-Algorithm=AWS4-HMAC-SHA256&X-Amz-Credential=AKIAYUBLFC5TP3LJIQ5H%2F20251003%2Fus-east-1%2Fs3%2Faws4_request&X-Amz-Date=20251003T135121Z&X-Amz-SignedHeaders=host&X-Amz-Expires=28800&X-Amz-Signature=3fa32f91a536585eb179ca35d5a933159a5a11b749cd42746da40aaa1d246ed2', 'name': 'Desktop-20250616T084202Z-1-001.zip'}, {'file_id': 8327396, 's3_link': 'https://loandisk-borrowers.s3.amazonaws.com/j%20application%20form%20-11707825.pdf?response-content-disposition=attachment%3B%20filename%3D%22j%2520application%2520form%2520.pdf%22&X-Amz-Content-Sha256=UNSIGNED-PAYLOAD&X-Amz-Algorithm=AWS4-HMAC-SHA256&X-Amz-Credential=AKIAYUBLFC5TP3LJIQ5H%2F20251003%2Fus-east-1%2Fs3%2Faws4_request&X-Amz-Date=20251003T135121Z&X-Amz-SignedHeaders=host&X-Amz-Expires=28800&X-Amz-Signature=dd76377d44275a47150dcd0f8e9b82f7c7f99379a7d8991a2ef20235b2cc077d', 'name': 'j application form .pdf'}, {'file_id': 8327397, 's3_link': 'https://loandisk-borrowers.s3.amazonaws.com/jere%20OL-11707827.pdf?response-content-disposition=attachment%3B%20filename%3D%22jere%2520OL.pdf%22&X-Amz-Content-Sha256=UNSIGNED-PAYLOAD&X-Amz-Algorithm=AWS4-HMAC-SHA256&X-Amz-Credential=AKIAYUBLFC5TP3LJIQ5H%2F20251003%2Fus-east-1%2Fs3%2Faws4_request&X-Amz-Date=20251003T135121Z&X-Amz-SignedHeaders=host&X-Amz-Expires=28800&X-Amz-Signature=695177642caa4d8d04c1f04933441d369a7300257d433595b3a2f5f36cd0222f', 'name': 'jere OL.pdf'}, {'file_id': 8327398, 's3_link': 'https://loandisk-borrowers.s3.amazonaws.com/Jeremiah%20OL-11707828.pdf?response-content-disposition=attachment%3B%20filename%3D%22Jeremiah%2520OL.pdf%22&X-Amz-Content-Sha256=UNSIGNED-PAYLOAD&X-Amz-Algorithm=AWS4-HMAC-SHA256&X-Amz-Credential=AKIAYUBLFC5TP3LJIQ5H%2F20251003%2Fus-east-1%2Fs3%2Faws4_request&X-Amz-Date=20251003T135121Z&X-Amz-SignedHeaders=host&X-Amz-Expires=28800&X-Amz-Signature=9aa251fbe9f233c449a81ff5b31175fb92c16cf74216d9cbbbb396270aff2dc0', 'name': 'Jeremiah OL.pdf'}, {'file_id': 8390701, 's3_link': 'https://loandisk-borrowers.s3.amazonaws.com/jeremiah%20logbook-11795179.jpeg?response-content-disposition=attachment%3B%20filename%3D%22jeremiah%2520logbook.jpeg%22&X-Amz-Content-Sha256=UNSIGNED-PAYLOAD&X-Amz-Algorithm=AWS4-HMAC-SHA256&X-Amz-Credential=AKIAYUBLFC5TP3LJIQ5H%2F20251003%2Fus-east-1%2Fs3%2Faws4_request&X-Amz-Date=20251003T135121Z&X-Amz-SignedHeaders=host&X-Amz-Expires=28800&X-Amz-Signature=8e734b8aac7fbc20e49ab1f518f975b6b68a1123f9e52eb8dae63d86843a45af', 'name': 'jeremiah logbook.jpeg'}]",,"[{'file_id': 8777524, 's3_link': 'https://loandisk-loans.s3.amazonaws.com/offer%20letter%202RD-12363512.docx?response-content-disposition=attachment%3B%20filename%3D%22offer%2520letter%25202RD.docx%22&X-Amz-Content-Sha256=UNSIGNED-PAYLOAD&X-Amz-Algorithm=AWS4-HMAC-SHA256&X-Amz-Credential=AKIAYUBLFC5TP3LJIQ5H%2F20251003%2Fus-east-1%2Fs3%2Faws4_request&X-Amz-Date=20251003T135121Z&X-Amz-SignedHeaders=host&X-Amz-Expires=28800&X-Amz-Signature=f3079b6ced731202c3d1fc751821be95de019264bf29089f11133aa05b44dfb7', 'name': 'offer letter 2RD.docx'}, {'file_id': 8777525, 's3_link': 'https://loandisk-loans.s3.amazonaws.com/offer%20letter-12363514.docx?response-content-disposition=attachment%3B%20filename%3D%22offer%2520letter.docx%22&X-Amz-Content-Sha256=UNSIGNED-PAYLOAD&X-Amz-Algorithm=AWS4-HMAC-SHA256&X-Amz-Credential=AKIAYUBLFC5TP3LJIQ5H%2F20251003%2Fus-east-1%2Fs3%2Faws4_request&X-Amz-Date=20251003T135121Z&X-Amz-SignedHeaders=host&X-Amz-Expires=28800&X-Amz-Signature=055e0b052ac6f1fc7bd6da5ebdaca243e1e59ffb4020557d658658704e3861fc', 'name': 'offer letter.docx'}]",James Kuria,,75350
8667348,240139,6563534,1000006,27999,40613.00,8120.00,23/06/2025,flat_rate,percentage,Month,2.0000,Months,10,3,10,0.00,round_off_to_integer,,0.0,0.0,0.0,,0.00,0.00,,0.00,0.0,charge_interest_normally,charge_principal_normally,0.00,0.0,0.0,0.0,0.0,0.0,,0.0,0.0000,0.0,,,0.0,0.0,,49733.00,0,3638.7200000000003,3638.7200000000003,3638.7200000000003,0.0,0.0,0.0,10,32068.72,5684.0,700.0,0.0,[],38452.72,23/04/2026,11280.28,16,,0,,0,,0,distribute_fees_evenly,1000.00,,0,,0,,0,,0,,0,,0,,0,,0,0,0,0,0,0,0,0,0,0,0,0,0.00,1,0.0,,,"[{'id': 'custom_field_23347', 'name': 'Sales Person'}, {'id': 'custom_field_23167', 'name': 'National ID'}, {'id': 'custom_field_23348', 'name': 'Sales Person(Agent/TL/RO)'}]",KE,TIMOTHY,NJOROGE KIIRU,construction,1000004,Male,1,0795313250,tnkiiru@gmail.com,06/06/1996,,,,,,,,,,,[97617],33933208,sarah Mbuu,,,"[{'file_id': 8777512, 's3_link': 'https://loandisk-loans.s3.amazonaws.com/Application%20form-12363499.pdf?response-content-disposition=attachment%3B%20filename%3D%22Application%2520form.pdf%22&X-Amz-Content-Sha256=UNSIGNED-PAYLOAD&X-Amz-Algorithm=AWS4-HMAC-SHA256&X-Amz-Credential=AKIAYUBLFC5TP3LJIQ5H%2F20251003%2Fus-east-1%2Fs3%2Faws4_request&X-Amz-Date=20251003T135121Z&X-Amz-SignedHeaders=host&X-Amz-Expires=28800&X-Amz-Signature=1dd83a1476ba9af5c99e9f6d677285f15412e98e492565098479232501640b12', 'name': 'Application form.pdf'}, {'file_id': 8777513, 's3_link': 'https://loandisk-loans.s3.amazonaws.com/OFFER%20LETTER-12363501.docx?response-content-disposition=attachment%3B%20filename%3D%22OFFER%2520LETTER.docx%22&X-Amz-Content-Sha256=UNSIGNED-PAYLOAD&X-Amz-Algorithm=AWS4-HMAC-SHA256&X-Amz-Credential=AKIAYUBLFC5TP3LJIQ5H%2F20251003%2Fus-east-1%2Fs3%2Faws4_request&X-Amz-Date=20251003T135121Z&X-Amz-SignedHeaders=host&X-Amz-Expires=28800&X-Amz-Signature=b726f51ac35ec3c40c563bc8ff7ce59737c9c3893de407e599687b873fd236b8', 'name': 'OFFER LETTER.docx'}, {'file_id': 8777514, 's3_link': 'https://loandisk-loans.s3.amazonaws.com/signed%20offer%20letter-12363502.pdf?response-content-disposition=attachment%3B%20filename%3D%22signed%2520offer%2520letter.pdf%22&X-Amz-Content-Sha256=UNSIGNED-PAYLOAD&X-Amz-Algorithm=AWS4-HMAC-SHA256&X-Amz-Credential=AKIAYUBLFC5TP3LJIQ5H%2F20251003%2Fus-east-1%2Fs3%2Faws4_request&X-Amz-Date=20251003T135121Z&X-Amz-SignedHeaders=host&X-Amz-Expires=28800&X-Amz-Signature=a4496a3030fe76e24c49cf1cdff648af0dc25f758b00500a4e6ecba8181ad300', 'name': 'signed offer letter.pdf'}, {'file_id': 8777515, 's3_link': 'https://loandisk-loans.s3.amazonaws.com/ValuationsReport-F-99575-20250621_100705-12363503.pdf?response-content-disposition=attachment%3B%20filename%3D%22ValuationsReport-F-99575-20250621_100705.pdf%22&X-Amz-Content-Sha256=UNSIGNED-PAYLOAD&X-Amz-Algorithm=AWS4-HMAC-SHA256&X-Amz-Credential=AKIAYUBLFC5TP3LJIQ5H%2F20251003%2Fus-east-1%2Fs3%2Faws4_request&X-Amz-Date=20251003T135121Z&X-Amz-SignedHeaders=host&X-Amz-Expires=28800&X-Amz-Signature=a47ce267dda9207256410747681cd7f95472854de5cd9872b58cdbf63ac664b0', 'name': 'ValuationsReport-F-99575-20250621_100705.pdf'}]",Sarah Wambui Mbuu,,75350
8718895,36800,6574324,1000007,27996,400000.00,384000.00,27/06/2025,flat_rate,percentage,Month,4.0000,Months,24,3,24,0.00,round_off_to_two_decimal,,,,,,,,,,,,,,,,,,,,,,,,,,,,857500.03,36166.369999999995,166.67,36333.03999999999,16666.670000000006,16000.0,2833.0200000000004,833.3499999999999,6,366666.66000000003,352000.0,65833.02,833.35,[],785333.03,27/06/2027,72167.00,5,,0,,0,,0,,0,,0,,0,,0,,0,,0,,0,,0,distribute_fees_evenly,72000.00,0,0,0,0,0,0,0,0,0,0,0,0.00,1,,,,"[{'id': 'custom_field_23347', 'name': 'Sales Person'}, {'id': 'custom_field_23167', 'name': 'National ID'}, {'id': 'custom_field_23348', 'name': 'Sales Person(Agent/TL/RO)'}]",KE,DORIS,MUTHONI,Commercial farmer,1000005,Female,3,0743775660,dorisgitije@gmail.com,11/09/1969,1028-60200,meru,meru,,,,,,,,[97617],9854260,Newton Wanjohi,"[{'file_id': 8417116, 's3_link': 'https://loandisk-borrowers.s3.amazonaws.com/_ABSA_CONTRACTORS_LIMITED_260620251701_Full_Bank_Report%20%282%29-11831794.pdf?response-content-disposition=attachment%3B%20filename%3D%22_ABSA_CONTRACTORS_LIMITED_260620251701_Full_Bank_Report%2520%25282%2529.pdf%22&X-Amz-Content-Sha256=UNSIGNED-PAYLOAD&X-Amz-Algorithm=AWS4-HMAC-SHA256&X-Amz-Credential=AKIAYUBLFC5TP3LJIQ5H%2F20251003%2Fus-east-1%2Fs3%2Faws4_request&X-Amz-Date=20251003T135121Z&X-Amz-SignedHeaders=host&X-Amz-Expires=28800&X-Amz-Signature=e84a7f4b40cc5989091521037ce58afcb7ae8eea4918700ccee2e49df0aa4162', 'name': '_ABSA_CONTRACTORS_LIMITED_260620251701_Full_Bank_Report (2).pdf'}, {'file_id': 8417117, 's3_link': 'https://loandisk-borrowers.s3.amazonaws.com/Absa%20statement%2020157R0710-11831820.pdf?response-content-disposition=attachment%3B%20filename%3D%22Absa%2520statement%252020157R0710.pdf%22&X-Amz-Content-Sha256=UNSIGNED-PAYLOAD&X-Amz-Algorithm=AWS4-HMAC-SHA256&X-Amz-Credential=AKIAYUBLFC5TP3LJIQ5H%2F20251003%2Fus-east-1%2Fs3%2Faws4_request&X-Amz-Date=20251003T135121Z&X-Amz-SignedHeaders=host&X-Amz-Expires=28800&X-Amz-Signature=da38346637a7259137bb1f7cd58cd0d7bf8acfe8a1443371467e4ae951c9a127', 'name': 'Absa statement 20157R0710.pdf'}, {'file_id': 8417118, 's3_link': 'https://loandisk-borrowers.s3.amazonaws.com/Doris%20appraisal%20calculator-11831825.xlsx?response-content-disposition=attachment%3B%20filename%3D%22Doris%2520appraisal%2520calculator.xlsx%22&X-Amz-Content-Sha256=UNSIGNED-PAYLOAD&X-Amz-Algorithm=AWS4-HMAC-SHA256&X-Amz-Credential=AKIAYUBLFC5TP3LJIQ5H%2F20251003%2Fus-east-1%2Fs3%2Faws4_request&X-Amz-Date=20251003T135121Z&X-Amz-SignedHeaders=host&X-Amz-Expires=28800&X-Amz-Signature=66b9e1a3b90978bf044f827df3e09b58cbc79528c02f11b376e99a5c8fb9df22', 'name': 'Doris appraisal calculator.xlsx'}, {'file_id': 8417119, 's3_link': 'https://loandisk-borrowers.s3.amazonaws.com/ValuationsReport-F-99616-20250623_130530-11831831.pdf?response-content-disposition=attachment%3B%20filename%3D%22ValuationsReport-F-99616-20250623_130530.pdf%22&X-Amz-Content-Sha256=UNSIGNED-PAYLOAD&X-Amz-Algorithm=AWS4-HMAC-SHA256&X-Amz-Credential=AKIAYUBLFC5TP3LJIQ5H%2F20251003%2Fus-east-1%2Fs3%2Faws4_request&X-Amz-Date=20251003T135121Z&X-Amz-SignedHeaders=host&X-Amz-Expires=28800&X-Amz-Signature=101d1f0d44eaa48d7ed96d05e4828c6b0d2e35928f98625adc70c526c62a367b', 'name': 'ValuationsReport-F-99616-20250623_130530.pdf'}, {'file_id': 8417120, 's3_link': 'https://loandisk-borrowers.s3.amazonaws.com/mpesa%20statement%20code%20935138-11831838.pdf?response-content-disposition=attachment%3B%20filename%3D%22mpesa%2520statement%2520code%2520935138.pdf%22&X-Amz-Content-Sha256=UNSIGNED-PAYLOAD&X-Amz-Algorithm=AWS4-HMAC-SHA256&X-Amz-Credential=AKIAYUBLFC5TP3LJIQ5H%2F20251003%2Fus-east-1%2Fs3%2Faws4_request&X-Amz-Date=20251003T135121Z&X-Amz-SignedHeaders=host&X-Amz-Expires=28800&X-Amz-Signature=25e2aac0639fe4c2569f38e597873cce323bf81612659a428b2f440bab425a84', 'name': 'mpesa statement code 935138.pdf'}, {'file_id': 8417121, 's3_link': 'https://loandisk-borrowers.s3.amazonaws.com/Application%20form-11831843.pdf?response-content-disposition=attachment%3B%20filename%3D%22Application%2520form.pdf%22&X-Amz-Content-Sha256=UNSIGNED-PAYLOAD&X-Amz-Algorithm=AWS4-HMAC-SHA256&X-Amz-Credential=AKIAYUBLFC5TP3LJIQ5H%2F20251003%2Fus-east-1%2Fs3%2Faws4_request&X-Amz-Date=20251003T135121Z&X-Amz-SignedHeaders=host&X-Amz-Expires=28800&X-Amz-Signature=06399cb0545a115f008071d5b343103854b303871afbcc82b51b1b54745eff2a', 'name': 'Application form.pdf'}, {'file_id': 8417122, 's3_link': 'https://loandisk-borrowers.s3.amazonaws.com/data%20protection-11831846.pdf?response-content-disposition=attachment%3B%20filename%3D%22data%2520protection.pdf%22&X-Amz-Content-Sha256=UNSIGNED-PAYLOAD&X-Amz-Algorithm=AWS4-HMAC-SHA256&X-Amz-Credential=AKIAYUBLFC5TP3LJIQ5H%2F20251003%2Fus-east-1%2Fs3%2Faws4_request&X-Amz-Date=20251003T135121Z&X-Amz-SignedHeaders=host&X-Amz-Expires=28800&X-Amz-Signature=253af3f8994fc12cbb74c6983823202781d8aecfaa41bae3d25166411bcba123', 'name': 'data protection.pdf'}, {'file_id': 8417123, 's3_link': 'https://loandisk-borrowers.s3.amazonaws.com/Doris%20docs016-11831852.pdf?response-content-disposition=attachment%3B%20filename%3D%22Doris%2520docs016.pdf%22&X-Amz-Content-Sha256=UNSIGNED-PAYLOAD&X-Amz-Algorithm=AWS4-HMAC-SHA256&X-Amz-Credential=AKIAYUBLFC5TP3LJIQ5H%2F20251003%2Fus-east-1%2Fs3%2Faws4_request&X-Amz-Date=20251003T135121Z&X-Amz-SignedHeaders=host&X-Amz-Expires=28800&X-Amz-Signature=2c45be7d9e6fc07a9c1ad8d5d31c3703435cd8e8160034251db251e058cdc027', 'name': 'Doris docs016.pdf'}, {'file_id': 8417124, 's3_link': 'https://loandisk-borrowers.s3.amazonaws.com/RESPONSE%20LETTER%20AG6079128%20Dorris-11831860.pdf?response-content-disposition=attachment%3B%20filename%3D%22RESPONSE%2520LETTER%2520AG6079128%2520Dorris.pdf%22&X-Amz-Content-Sha256=UNSIGNED-PAYLOAD&X-Amz-Algorithm=AWS4-HMAC-SHA256&X-Amz-Credential=AKIAYUBLFC5TP3LJIQ5H%2F20251003%2Fus-east-1%2Fs3%2Faws4_request&X-Amz-Date=20251003T135121Z&X-Amz-SignedHeaders=host&X-Amz-Expires=28800&X-Amz-Signature=ea28d529cf40bf4bc4a76d052c19576075e32ae5fe3da41214f8cbad67da475d', 'name': 'RESPONSE LETTER AG6079128 Dorris.pdf'}]",,,Hellen muthoni mwai,,75350
8719275,240139,6574324,1000008,27999,45556.00,9110.00,27/06/2025,flat_rate,percentage,Month,2.0000,Months,10,3,10,0.00,round_off_to_integer,,0.0,0.0,0.0,,0.00,0.00,,0.00,0.0,charge_interest_normally,charge_principal_normally,0.00,0.0,0.0,0.0,0.0,0.0,,0.0,0.0000,0.0,,,0.0,0.0,,55666.00,0,5168.0,5168.0,4556.0,612.0,0.0,0.0,6,36444.0,6989.0,700.0,0.0,[],44133.00,27/04/2026,11533.00,16,,0,,0,,0,distribute_fees_evenly,1000.00,,0,,0,,0,,0,,0,,0,,0,,0,0,0,0,0,0,0,0,0,0,0,0,0.00,1,0.0,,,"[{'id': 'custom_field_23347', 'name': 'Sales Person'}, {'id': 'custom_field_23167', 'name': 'National ID'}, {'id': 'custom_field_23348', 'name': 'Sales Person(Agent/TL/RO)'}]",KE,DORIS,MUTHONI,Commercial farmer,1000005,Female,3,0743775660,dorisgitije@gmail.com,11/09/1969,1028-60200,meru,meru,,,,,,,,[97617],9854260,Newton Wanjohi,"[{'file_id': 8417116, 's3_link': 'https://loandisk-borrowers.s3.amazonaws.com/_ABSA_CONTRACTORS_LIMITED_260620251701_Full_Bank_Report%20%282%29-11831794.pdf?response-content-disposition=attachment%3B%20filename%3D%22_ABSA_CONTRACTORS_LIMITED_260620251701_Full_Bank_Report%2520%25282%2529.pdf%22&X-Amz-Content-Sha256=UNSIGNED-PAYLOAD&X-Amz-Algorithm=AWS4-HMAC-SHA256&X-Amz-Credential=AKIAYUBLFC5TP3LJIQ5H%2F20251003%2Fus-east-1%2Fs3%2Faws4_request&X-Amz-Date=20251003T135121Z&X-Amz-SignedHeaders=host&X-Amz-Expires=28800&X-Amz-Signature=e84a7f4b40cc5989091521037ce58afcb7ae8eea4918700ccee2e49df0aa4162', 'name': '_ABSA_CONTRACTORS_LIMITED_260620251701_Full_Bank_Report (2).pdf'}, {'file_id': 8417117, 's3_link': 'https://loandisk-borrowers.s3.amazonaws.com/Absa%20statement%2020157R0710-11831820.pdf?response-content-disposition=attachment%3B%20filename%3D%22Absa%2520statement%252020157R0710.pdf%22&X-Amz-Content-Sha256=UNSIGNED-PAYLOAD&X-Amz-Algorithm=AWS4-HMAC-SHA256&X-Amz-Credential=AKIAYUBLFC5TP3LJIQ5H%2F20251003%2Fus-east-1%2Fs3%2Faws4_request&X-Amz-Date=20251003T135121Z&X-Amz-SignedHeaders=host&X-Amz-Expires=28800&X-Amz-Signature=da38346637a7259137bb1f7cd58cd0d7bf8acfe8a1443371467e4ae951c9a127', 'name': 'Absa statement 20157R0710.pdf'}, {'file_id': 8417118, 's3_link': 'https://loandisk-borrowers.s3.amazonaws.com/Doris%20appraisal%20calculator-11831825.xlsx?response-content-disposition=attachment%3B%20filename%3D%22Doris%2520appraisal%2520calculator.xlsx%22&X-Amz-Content-Sha256=UNSIGNED-PAYLOAD&X-Amz-Algorithm=AWS4-HMAC-SHA256&X-Amz-Credential=AKIAYUBLFC5TP3LJIQ5H%2F20251003%2Fus-east-1%2Fs3%2Faws4_request&X-Amz-Date=20251003T135121Z&X-Amz-SignedHeaders=host&X-Amz-Expires=28800&X-Amz-Signature=66b9e1a3b90978bf044f827df3e09b58cbc79528c02f11b376e99a5c8fb9df22', 'name': 'Doris appraisal calculator.xlsx'}, {'file_id': 8417119, 's3_link': 'https://loandisk-borrowers.s3.amazonaws.com/ValuationsReport-F-99616-20250623_130530-11831831.pdf?response-content-disposition=attachment%3B%20filename%3D%22ValuationsReport-F-99616-20250623_130530.pdf%22&X-Amz-Content-Sha256=UNSIGNED-PAYLOAD&X-Amz-Algorithm=AWS4-HMAC-SHA256&X-Amz-Credential=AKIAYUBLFC5TP3LJIQ5H%2F20251003%2Fus-east-1%2Fs3%2Faws4_request&X-Amz-Date=20251003T135121Z&X-Amz-SignedHeaders=host&X-Amz-Expires=28800&X-Amz-Signature=101d1f0d44eaa48d7ed96d05e4828c6b0d2e35928f98625adc70c526c62a367b', 'name': 'ValuationsReport-F-99616-20250623_130530.pdf'}, {'file_id': 8417120, 's3_link': 'https://loandisk-borrowers.s3.amazonaws.com/mpesa%20statement%20code%20935138-11831838.pdf?response-content-disposition=attachment%3B%20filename%3D%22mpesa%2520statement%2520code%2520935138.pdf%22&X-Amz-Content-Sha256=UNSIGNED-PAYLOAD&X-Amz-Algorithm=AWS4-HMAC-SHA256&X-Amz-Credential=AKIAYUBLFC5TP3LJIQ5H%2F20251003%2Fus-east-1%2Fs3%2Faws4_request&X-Amz-Date=20251003T135121Z&X-Amz-SignedHeaders=host&X-Amz-Expires=28800&X-Amz-Signature=25e2aac0639fe4c2569f38e597873cce323bf81612659a428b2f440bab425a84', 'name': 'mpesa statement code 935138.pdf'}, {'file_id': 8417121, 's3_link': 'https://loandisk-borrowers.s3.amazonaws.com/Application%20form-11831843.pdf?response-content-disposition=attachment%3B%20filename%3D%22Application%2520form.pdf%22&X-Amz-Content-Sha256=UNSIGNED-PAYLOAD&X-Amz-Algorithm=AWS4-HMAC-SHA256&X-Amz-Credential=AKIAYUBLFC5TP3LJIQ5H%2F20251003%2Fus-east-1%2Fs3%2Faws4_request&X-Amz-Date=20251003T135121Z&X-Amz-SignedHeaders=host&X-Amz-Expires=28800&X-Amz-Signature=06399cb0545a115f008071d5b343103854b303871afbcc82b51b1b54745eff2a', 'name': 'Application form.pdf'}, {'file_id': 8417122, 's3_link': 'https://loandisk-borrowers.s3.amazonaws.com/data%20protection-11831846.pdf?response-content-disposition=attachment%3B%20filename%3D%22data%2520protection.pdf%22&X-Amz-Content-Sha256=UNSIGNED-PAYLOAD&X-Amz-Algorithm=AWS4-HMAC-SHA256&X-Amz-Credential=AKIAYUBLFC5TP3LJIQ5H%2F20251003%2Fus-east-1%2Fs3%2Faws4_request&X-Amz-Date=20251003T135121Z&X-Amz-SignedHeaders=host&X-Amz-Expires=28800&X-Amz-Signature=253af3f8994fc12cbb74c6983823202781d8aecfaa41bae3d25166411bcba123', 'name': 'data protection.pdf'}, {'file_id': 8417123, 's3_link': 'https://loandisk-borrowers.s3.amazonaws.com/Doris%20docs016-11831852.pdf?response-content-disposition=attachment%3B%20filename%3D%22Doris%2520docs016.pdf%22&X-Amz-Content-Sha256=UNSIGNED-PAYLOAD&X-Amz-Algorithm=AWS4-HMAC-SHA256&X-Amz-Credential=AKIAYUBLFC5TP3LJIQ5H%2F20251003%2Fus-east-1%2Fs3%2Faws4_request&X-Amz-Date=20251003T135121Z&X-Amz-SignedHeaders=host&X-Amz-Expires=28800&X-Amz-Signature=2c45be7d9e6fc07a9c1ad8d5d31c3703435cd8e8160034251db251e058cdc027', 'name': 'Doris docs016.pdf'}, {'file_id': 8417124, 's3_link': 'https://loandisk-borrowers.s3.amazonaws.com/RESPONSE%20LETTER%20AG6079128%20Dorris-11831860.pdf?response-content-disposition=attachment%3B%20filename%3D%22RESPONSE%2520LETTER%2520AG6079128%2520Dorris.pdf%22&X-Amz-Content-Sha256=UNSIGNED-PAYLOAD&X-Amz-Algorithm=AWS4-HMAC-SHA256&X-Amz-Credential=AKIAYUBLFC5TP3LJIQ5H%2F20251003%2Fus-east-1%2Fs3%2Faws4_request&X-Amz-Date=20251003T135121Z&X-Amz-SignedHeaders=host&X-Amz-Expires=28800&X-Amz-Signature=ea28d529cf40bf4bc4a76d052c19576075e32ae5fe3da41214f8cbad67da475d', 'name': 'RESPONSE LETTER AG6079128 Dorris.pdf'}]",,,Hellen muthoni mwai,,75350
8776745,36800,6616297,1000012,27996,200000.00,45000.00,09/07/2025,flat_rate,percentage,Month,7.5000,Months,3,3,3,0.00,round_off_to_two_decimal,,,,,,,,,,,,,,,,,,,,,,,,,,,,304666.69,218666.70,1333.33,220000.03,133333.34,30000.0,6000.0,50666.69,55,200000.0,45000.0,9000.0,50666.69,[],304666.69,09/10/2025,0.00,5,,0,,0,,0,,0,,0,,0,,0,,0,,0,,0,,0,distribute_fees_evenly,9000.00,0,0,0,0,0,0,0,0,0,0,0,0.00,1,,,,"[{'id': 'custom_field_23347', 'name': 'Sales Person'}, {'id': 'custom_field_23167', 'name': 'National ID'}, {'id': 'custom_field_23348', 'name': 'Sales Person(Agent/TL/RO)'}]",KE,Lydia,Mokeira,Mokeira,1000008,Female,2,0724501945,lydiadmagwa55@gmail.com,01/01/1996,684-50200,Bungoma,Bungoma,,0724501945,Private Sector Employee,,686e6bc37547a-11959590.jpeg,,,[97617],33487671,Aznath Gesare Nyabuto,"[{'file_id': 8499914, 's3_link': 'https://loandisk-borrowers.s3.amazonaws.com/application%20form-11959394.pdf?response-content-disposition=attachment%3B%20filename%3D%22application%2520form.pdf%22&X-Amz-Content-Sha256=UNSIGNED-PAYLOAD&X-Amz-Algorithm=AWS4-HMAC-SHA256&X-Amz-Credential=AKIAYUBLFC5TP3LJIQ5H%2F20251003%2Fus-east-1%2Fs3%2Faws4_request&X-Amz-Date=20251003T135121Z&X-Amz-SignedHeaders=host&X-Amz-Expires=28800&X-Amz-Signature=f4d82e4643500f749780324af8fa8186f1e8a69ce4ed429a3116f31f20cc1a7e', 'name': 'application form.pdf'}, {'file_id': 8499915, 's3_link': 'https://loandisk-borrowers.s3.amazonaws.com/Calculator-11959397.xlsx?response-content-disposition=attachment%3B%20filename%3D%22Calculator.xlsx%22&X-Amz-Content-Sha256=UNSIGNED-PAYLOAD&X-Amz-Algorithm=AWS4-HMAC-SHA256&X-Amz-Credential=AKIAYUBLFC5TP3LJIQ5H%2F20251003%2Fus-east-1%2Fs3%2Faws4_request&X-Amz-Date=20251003T135121Z&X-Amz-SignedHeaders=host&X-Amz-Expires=28800&X-Amz-Signature=29253847da58bdce52cca249fd9fe54f3c67d5e15403d0ba51cadcd5011ab871', 'name': 'Calculator.xlsx'}, {'file_id': 8499916, 's3_link': 'https://loandisk-borrowers.s3.amazonaws.com/Id%20front-11959402.jpeg?response-content-disposition=attachment%3B%20filename%3D%22Id%2520front.jpeg%22&X-Amz-Content-Sha256=UNSIGNED-PAYLOAD&X-Amz-Algorithm=AWS4-HMAC-SHA256&X-Amz-Credential=AKIAYUBLFC5TP3LJIQ5H%2F20251003%2Fus-east-1%2Fs3%2Faws4_request&X-Amz-Date=20251003T135121Z&X-Amz-SignedHeaders=host&X-Amz-Expires=28800&X-Amz-Signature=e6324435f2423ae9ccefc660012672074d74f3a627f10ca7777a11f6118c047b', 'name': 'Id front.jpeg'}, {'file_id': 8499917, 's3_link': 'https://loandisk-borrowers.s3.amazonaws.com/Id%20back-11959406.jpeg?response-content-disposition=attachment%3B%20filename%3D%22Id%2520back.jpeg%22&X-Amz-Content-Sha256=UNSIGNED-PAYLOAD&X-Amz-Algorithm=AWS4-HMAC-SHA256&X-Amz-Credential=AKIAYUBLFC5TP3LJIQ5H%2F20251003%2Fus-east-1%2Fs3%2Faws4_request&X-Amz-Date=20251003T135121Z&X-Amz-SignedHeaders=host&X-Amz-Expires=28800&X-Amz-Signature=5860a2ae33991dbae766687ff14f2773f017d0ecb6186144b7df93ad437ce843', 'name': 'Id back.jpeg'}, {'file_id': 8499918, 's3_link': 'https://loandisk-borrowers.s3.amazonaws.com/logbook-11959410.jpeg?response-content-disposition=attachment%3B%20filename%3D%22logbook.jpeg%22&X-Amz-Content-Sha256=UNSIGNED-PAYLOAD&X-Amz-Algorithm=AWS4-HMAC-SHA256&X-Amz-Credential=AKIAYUBLFC5TP3LJIQ5H%2F20251003%2Fus-east-1%2Fs3%2Faws4_request&X-Amz-Date=20251003T135121Z&X-Amz-SignedHeaders=host&X-Amz-Expires=28800&X-Amz-Signature=aab55016fdc8287d3c14e4cd22a18b02acb8176fd3675e8e120022b3de6aa0d6', 'name': 'logbook.jpeg'}, {'file_id': 8499919, 's3_link': 'https://loandisk-borrowers.s3.amazonaws.com/offer%20letter-11959414.pdf?response-content-disposition=attachment%3B%20filename%3D%22offer%2520letter.pdf%22&X-Amz-Content-Sha256=UNSIGNED-PAYLOAD&X-Amz-Algorithm=AWS4-HMAC-SHA256&X-Amz-Credential=AKIAYUBLFC5TP3LJIQ5H%2F20251003%2Fus-east-1%2Fs3%2Faws4_request&X-Amz-Date=20251003T135121Z&X-Amz-SignedHeaders=host&X-Amz-Expires=28800&X-Amz-Signature=c83b02ea539fecab714d86e50a5cd4b34fbb02d067052a8bd9c26dc5b9485d69', 'name': 'offer letter.pdf'}, {'file_id': 8499920, 's3_link': 'https://loandisk-borrowers.s3.amazonaws.com/ValuationsReport-F-100062-20250705_150807%20%281%29-11959416.pdf?response-content-disposition=attachment%3B%20filename%3D%22ValuationsReport-F-100062-20250705_150807%2520%25281%2529.pdf%22&X-Amz-Content-Sha256=UNSIGNED-PAYLOAD&X-Amz-Algorithm=AWS4-HMAC-SHA256&X-Amz-Credential=AKIAYUBLFC5TP3LJIQ5H%2F20251003%2Fus-east-1%2Fs3%2Faws4_request&X-Amz-Date=20251003T135121Z&X-Amz-SignedHeaders=host&X-Amz-Expires=28800&X-Amz-Signature=6a2a6c85044e469cfc8b2a63d60d6a0455849f9abe8046dda8828e95122c155f', 'name': 'ValuationsReport-F-100062-20250705_150807 (1).pdf'}, {'file_id': 8499921, 's3_link': 'https://loandisk-borrowers.s3.amazonaws.com/KRA-11959417.jpeg?response-content-disposition=attachment%3B%20filename%3D%22KRA.jpeg%22&X-Amz-Content-Sha256=UNSIGNED-PAYLOAD&X-Amz-Algorithm=AWS4-HMAC-SHA256&X-Amz-Credential=AKIAYUBLFC5TP3LJIQ5H%2F20251003%2Fus-east-1%2Fs3%2Faws4_request&X-Amz-Date=20251003T135121Z&X-Amz-SignedHeaders=host&X-Amz-Expires=28800&X-Amz-Signature=b3d978c1d5c5bac2d3245aa345f9ea2f08c79640a52cf85b15af0deb60f6c8dc', 'name': 'KRA.jpeg'}]",https://loandisk-borrowers-photo-thumbnails.s3.amazonaws.com/686e6bc37547a-11959590.jpeg?X-Amz-Content-Sha256=UNSIGNED-PAYLOAD&X-Amz-Algorithm=AWS4-HMAC-SHA256&X-Amz-Credential=AKIAYUBLFC5TP3LJIQ5H%2F20251003%2Fus-east-1%2Fs3%2Faws4_request&X-Amz-Date=20251003T135121Z&X-Amz-SignedHeaders=host&X-Amz-Expires=28800&X-Amz-Signature=184be12e60b54efc982be8d8246a141f7eb6c83e522f4211083f72e4cc3bdb07,"[{'file_id': 8734444, 's3_link': 'https://loandisk-loans.s3.amazonaws.com/application%20form-12300984.pdf?response-content-disposition=attachment%3B%20filename%3D%22application%2520form.pdf%22&X-Amz-Content-Sha256=UNSIGNED-PAYLOAD&X-Amz-Algorithm=AWS4-HMAC-SHA256&X-Amz-Credential=AKIAYUBLFC5TP3LJIQ5H%2F20251003%2Fus-east-1%2Fs3%2Faws4_request&X-Amz-Date=20251003T135121Z&X-Amz-SignedHeaders=host&X-Amz-Expires=28800&X-Amz-Signature=b77b1b4a52cdd61365de20ba39f2858ba32c950abd1d27601d61c6176c432c56', 'name': 'application form.pdf'}, {'file_id': 8734445, 's3_link': 'https://loandisk-loans.s3.amazonaws.com/customer%20data-12300987.pdf?response-content-disposition=attachment%3B%20filename%3D%22customer%2520data.pdf%22&X-Amz-Content-Sha256=UNSIGNED-PAYLOAD&X-Amz-Algorithm=AWS4-HMAC-SHA256&X-Amz-Credential=AKIAYUBLFC5TP3LJIQ5H%2F20251003%2Fus-east-1%2Fs3%2Faws4_request&X-Amz-Date=20251003T135121Z&X-Amz-SignedHeaders=host&X-Amz-Expires=28800&X-Amz-Signature=29ff55157e599d9edc95c5a27b940ece7d3f7152dc1d2fa5368a66a22cd22095', 'name': 'customer data.pdf'}, {'file_id': 8734446, 's3_link': 'https://loandisk-loans.s3.amazonaws.com/offer%20letter-12300988.pdf?response-content-disposition=attachment%3B%20filename%3D%22offer%2520letter.pdf%22&X-Amz-Content-Sha256=UNSIGNED-PAYLOAD&X-Amz-Algorithm=AWS4-HMAC-SHA256&X-Amz-Credential=AKIAYUBLFC5TP3LJIQ5H%2F20251003%2Fus-east-1%2Fs3%2Faws4_request&X-Amz-Date=20251003T135121Z&X-Amz-SignedHeaders=host&X-Amz-Expires=28800&X-Amz-Signature=17889a59be7ee240f51b6de14af3ebdf52e8226f275df1f0fe9e1eed449a0794', 'name': 'offer letter.pdf'}, {'file_id': 8734447, 's3_link': 'https://loandisk-loans.s3.amazonaws.com/logbook-12300990.jpeg?response-content-disposition=attachment%3B%20filename%3D%22logbook.jpeg%22&X-Amz-Content-Sha256=UNSIGNED-PAYLOAD&X-Amz-Algorithm=AWS4-HMAC-SHA256&X-Amz-Credential=AKIAYUBLFC5TP3LJIQ5H%2F20251003%2Fus-east-1%2Fs3%2Faws4_request&X-Amz-Date=20251003T135121Z&X-Amz-SignedHeaders=host&X-Amz-Expires=28800&X-Amz-Signature=531f3990183281cbb29e2ff70f384998e44cacc15bb92fdaebb32f56942b3418', 'name': 'logbook.jpeg'}]",Chris Konzi Mbinda,,75350
8875273,36800,6732089,1000013,27996,700000.00,672000.00,24/07/2025,flat_rate,percentage,Month,4.0000,Months,24,3,24,0.00,round_off_to_two_decimal,,,,,,,,,,,,,,,,,,,,,,,,,,,,1457416.74,133166.75,583.33,133750.08,58333.34,56000.0,6000.0,13416.74,40,700000.0,672000.0,72000.0,13416.74,[],1457416.74,24/07/2027,0.00,5,,0,,0,,0,,0,,0,,0,,0,,0,,0,,0,,0,distribute_fees_evenly,72000.00,0,0,0,0,0,0,0,0,0,0,0,0.00,1,,,,"[{'id': 'custom_field_23347', 'name': 'Sales Person'}, {'id': 'custom_field_23167', 'name': 'National ID'}, {'id': 'custom_field_23348', 'name': 'Sales Person(Agent/TL/RO)'}]",KE,FELIX,MURIITHI KIRAI,TRANSPORT,1000009,Male,1,0793000915,muriithifelix2019@gmail.com,11/07/1982,1863,meru,,,,,,,,,[97472],22927980,samuel karutha,"[{'file_id': 8606203, 's3_link': 'https://loandisk-borrowers.s3.amazonaws.com/Disbursment%20%20cal%20new%20Felix%20Muriithi-12110381.xlsx?response-content-disposition=attachment%3B%20filename%3D%22Disbursment%2520%2520cal%2520new%2520Felix%2520Muriithi.xlsx%22&X-Amz-Content-Sha256=UNSIGNED-PAYLOAD&X-Amz-Algorithm=AWS4-HMAC-SHA256&X-Amz-Credential=AKIAYUBLFC5TP3LJIQ5H%2F20251003%2Fus-east-1%2Fs3%2Faws4_request&X-Amz-Date=20251003T135121Z&X-Amz-SignedHeaders=host&X-Amz-Expires=28800&X-Amz-Signature=3c5b011a2b290a51cbc850ba572010ee61c78c1e675fb8069101a57d10798535', 'name': 'Disbursment  cal new Felix Muriithi.xlsx'}]",,,TERESIA NYAMBURA,,75350
8875290,240139,6732089,1000014,27999,60421.00,12080.00,24/07/2025,flat_rate,percentage,Month,2.0000,Months,10,3,10,0.00,round_off_to_integer,,0.0,0.0,0.0,,0.00,0.00,,0.00,0.0,charge_interest_normally,charge_principal_normally,0.00,0.0,0.0,0.0,0.0,0.0,,0.0,0.0000,0.0,,,0.0,0.0,,73501.00,7350,7350.0,14700.0,12084.0,2416.0,200.0,0.0,40,60421.0,12080.0,1000.0,0.0,[],73501.00,24/05/2026,0.00,5,,0,,0,,0,distribute_fees_evenly,1000.00,,0,,0,,0,,0,,0,,0,,0,,0,0,0,0,0,0,0,0,0,0,0,0,0.00,1,0.0,,,"[{'id': 'custom_field_23347', 'name': 'Sales Person'}, {'id': 'custom_field_23167', 'name': 'National ID'}, {'id': 'custom_field_23348', 'name': 'Sales Person(Agent/TL/RO)'}]",KE,FELIX,MURIITHI KIRAI,TRANSPORT,1000009,Male,1,0793000915,muriithifelix2019@gmail.com,11/07/1982,1863,meru,,,,,,,,,[97472],22927980,samuel karutha,"[{'file_id': 8606203, 's3_link': 'https://loandisk-borrowers.s3.amazonaws.com/Disbursment%20%20cal%20new%20Felix%20Muriithi-12110381.xlsx?response-content-disposition=attachment%3B%20filename%3D%22Disbursment%2520%2520cal%2520new%2520Felix%2520Muriithi.xlsx%22&X-Amz-Content-Sha256=UNSIGNED-PAYLOAD&X-Amz-Algorithm=AWS4-HMAC-SHA256&X-Amz-Credential=AKIAYUBLFC5TP3LJIQ5H%2F20251003%2Fus-east-1%2Fs3%2Faws4_request&X-Amz-Date=20251003T135121Z&X-Amz-SignedHeaders=host&X-Amz-Expires=28800&X-Amz-Signature=3c5b011a2b290a51cbc850ba572010ee61c78c1e675fb8069101a57d10798535', 'name': 'Disbursment  cal new Felix Muriithi.xlsx'}]",,"[{'file_id': 8734206, 's3_link': 'https://loandisk-loans.s3.amazonaws.com/Data%20portability-12300702.pdf?response-content-disposition=attachment%3B%20filename%3D%22Data%2520portability.pdf%22&X-Amz-Content-Sha256=UNSIGNED-PAYLOAD&X-Amz-Algorithm=AWS4-HMAC-SHA256&X-Amz-Credential=AKIAYUBLFC5TP3LJIQ5H%2F20251003%2Fus-east-1%2Fs3%2Faws4_request&X-Amz-Date=20251003T135121Z&X-Amz-SignedHeaders=host&X-Amz-Expires=28800&X-Amz-Signature=1e2f18df7dd5407502b74b5d49ccc95bebc29a2d56af93af1e9beaf3a03661f4', 'name': 'Data portability.pdf'}, {'file_id': 8734207, 's3_link': 'https://loandisk-loans.s3.amazonaws.com/Data%20subject-12300703.pdf?response-content-disposition=attachment%3B%20filename%3D%22Data%2520subject.pdf%22&X-Amz-Content-Sha256=UNSIGNED-PAYLOAD&X-Amz-Algorithm=AWS4-HMAC-SHA256&X-Amz-Credential=AKIAYUBLFC5TP3LJIQ5H%2F20251003%2Fus-east-1%2Fs3%2Faws4_request&X-Amz-Date=20251003T135121Z&X-Amz-SignedHeaders=host&X-Amz-Expires=28800&X-Amz-Signature=3c7325701482931f90863f39f1a37d2745366c290f0eba9d3386133f7f5d3b28', 'name': 'Data subject.pdf'}, {'file_id': 8734208, 's3_link': 'https://loandisk-loans.s3.amazonaws.com/Disbursment%20%20cal%20new-12300704.xlsx?response-content-disposition=attachment%3B%20filename%3D%22Disbursment%2520%2520cal%2520new.xlsx%22&X-Amz-Content-Sha256=UNSIGNED-PAYLOAD&X-Amz-Algorithm=AWS4-HMAC-SHA256&X-Amz-Credential=AKIAYUBLFC5TP3LJIQ5H%2F20251003%2Fus-east-1%2Fs3%2Faws4_request&X-Amz-Date=20251003T135121Z&X-Amz-SignedHeaders=host&X-Amz-Expires=28800&X-Amz-Signature=0d9ffda4dd786aa4d17611c74e0813a7283a0922ff3413bf930ae66509a4d12d', 'name': 'Disbursment  cal new.xlsx'}, {'file_id': 8734209, 's3_link': 'https://loandisk-loans.s3.amazonaws.com/img136_merged-12300705.pdf?response-content-disposition=attachment%3B%20filename%3D%22img136_merged.pdf%22&X-Amz-Content-Sha256=UNSIGNED-PAYLOAD&X-Amz-Algorithm=AWS4-HMAC-SHA256&X-Amz-Credential=AKIAYUBLFC5TP3LJIQ5H%2F20251003%2Fus-east-1%2Fs3%2Faws4_request&X-Amz-Date=20251003T135121Z&X-Amz-SignedHeaders=host&X-Amz-Expires=28800&X-Amz-Signature=f9a2b3e1f214d1c3cb7688674907f5e98fe4a56c8f40207e6637c36099933d28', 'name': 'img136_merged.pdf'}, {'file_id': 8734210, 's3_link': 'https://loandisk-loans.s3.amazonaws.com/Offer%20letter-12300706.docx?response-content-disposition=attachment%3B%20filename%3D%22Offer%2520letter.docx%22&X-Amz-Content-Sha256=UNSIGNED-PAYLOAD&X-Amz-Algorithm=AWS4-HMAC-SHA256&X-Amz-Credential=AKIAYUBLFC5TP3LJIQ5H%2F20251003%2Fus-east-1%2Fs3%2Faws4_request&X-Amz-Date=20251003T135121Z&X-Amz-SignedHeaders=host&X-Amz-Expires=28800&X-Amz-Signature=3f791e5531690f8b3d91f5f79104416a1410b4864969825e6f08795e5a3157bd', 'name': 'Offer letter.docx'}]",TERESIA NYAMBURA,,75350
8926755,237706,6809592,1000015,27999,480000.00,172800.00,31/07/2025,flat_rate,percentage,Month,3.0000,Months,12,3,12,0.00,round_off_to_two_decimal,,,,,,,,,,,,,,,,,,,,,,,,,,,,703200.00,0,57400.0,57400.0,40000.0,14400.0,3000.0,0.0,3,440000.0,158400.0,33000.0,0.0,[],645800.00,31/07/2026,57400.00,5,,0,,0,,0,,0,,0,dont_include,3.0000,,0,,0,,0,,0,,0,distribute_fees_evenly,36000.00,0,0,0,0,0,0,0,0,0,0,0,0.00,1,,,,"[{'id': 'custom_field_23347', 'name': 'Sales Person'}, {'id': 'custom_field_23167', 'name': 'National ID'}, {'id': 'custom_field_23348', 'name': 'Sales Person(Agent/TL/RO)'}]",KE,ROBERT GERSHOM,MARANGA MATU,FORTIS KENYA LTD,1000010,Male,1,0722363384,robertmatu@yahoo.com,28/02/1975,22084,,NAIROBI,00400,0721586301,,,,,,[97472],13406319,Hellen Muthoni,,,"[{'file_id': 8734219, 's3_link': 'https://loandisk-loans.s3.amazonaws.com/Assesment%20Report-12300710.pdf?response-content-disposition=attachment%3B%20filename%3D%22Assesment%2520Report.pdf%22&X-Amz-Content-Sha256=UNSIGNED-PAYLOAD&X-Amz-Algorithm=AWS4-HMAC-SHA256&X-Amz-Credential=AKIAYUBLFC5TP3LJIQ5H%2F20251003%2Fus-east-1%2Fs3%2Faws4_request&X-Amz-Date=20251003T135122Z&X-Amz-SignedHeaders=host&X-Amz-Expires=28800&X-Amz-Signature=f24eefbce3a557fba48a28123b5c0e707bcf83d3a699d182c861d2825ba11a4b', 'name': 'Assesment Report.pdf'}, {'file_id': 8734220, 's3_link': 'https://loandisk-loans.s3.amazonaws.com/Auto%20garage%20permit-12300712.pdf?response-content-disposition=attachment%3B%20filename%3D%22Auto%2520garage%2520permit.pdf%22&X-Amz-Content-Sha256=UNSIGNED-PAYLOAD&X-Amz-Algorithm=AWS4-HMAC-SHA256&X-Amz-Credential=AKIAYUBLFC5TP3LJIQ5H%2F20251003%2Fus-east-1%2Fs3%2Faws4_request&X-Amz-Date=20251003T135122Z&X-Amz-SignedHeaders=host&X-Amz-Expires=28800&X-Amz-Signature=7b9ccca0dc5967c0980da25ff49234a477ad787d1640376e86309d1b9ad9fc6d', 'name': 'Auto garage permit.pdf'}, {'file_id': 8734221, 's3_link': 'https://loandisk-loans.s3.amazonaws.com/Certificate%20of%20Inc-12300713.pdf?response-content-disposition=attachment%3B%20filename%3D%22Certificate%2520of%2520Inc.pdf%22&X-Amz-Content-Sha256=UNSIGNED-PAYLOAD&X-Amz-Algorithm=AWS4-HMAC-SHA256&X-Amz-Credential=AKIAYUBLFC5TP3LJIQ5H%2F20251003%2Fus-east-1%2Fs3%2Faws4_request&X-Amz-Date=20251003T135122Z&X-Amz-SignedHeaders=host&X-Amz-Expires=28800&X-Amz-Signature=0ecf85db75d3b3a6ec91d2300738f1204d18967eb6e5dc3cc7837ef384dfdbc7', 'name': 'Certificate of Inc.pdf'}, {'file_id': 8734222, 's3_link': 'https://loandisk-loans.s3.amazonaws.com/Disbursment%20%20cal-12300716.xlsx?response-content-disposition=attachment%3B%20filename%3D%22Disbursment%2520%2520cal.xlsx%22&X-Amz-Content-Sha256=UNSIGNED-PAYLOAD&X-Amz-Algorithm=AWS4-HMAC-SHA256&X-Amz-Credential=AKIAYUBLFC5TP3LJIQ5H%2F20251003%2Fus-east-1%2Fs3%2Faws4_request&X-Amz-Date=20251003T135122Z&X-Amz-SignedHeaders=host&X-Amz-Expires=28800&X-Amz-Signature=c00235bf03e5fb93a378c1c33248452e11b665f046f32b5c654dc997978e8def', 'name': 'Disbursment  cal.xlsx'}, {'file_id': 8734223, 's3_link': 'https://loandisk-loans.s3.amazonaws.com/KDH148F_1752131556_valuation%20%281%29-12300717.pdf?response-content-disposition=attachment%3B%20filename%3D%22KDH148F_1752131556_valuation%2520%25281%2529.pdf%22&X-Amz-Content-Sha256=UNSIGNED-PAYLOAD&X-Amz-Algorithm=AWS4-HMAC-SHA256&X-Amz-Credential=AKIAYUBLFC5TP3LJIQ5H%2F20251003%2Fus-east-1%2Fs3%2Faws4_request&X-Amz-Date=20251003T135122Z&X-Amz-SignedHeaders=host&X-Amz-Expires=28800&X-Amz-Signature=168ee75e9fe4e8c2bdbbf173cf80214ab8cc9e890ca13a41d366050bb785f023', 'name': 'KDH148F_1752131556_valuation (1).pdf'}, {'file_id': 8734224, 's3_link': 'https://loandisk-loans.s3.amazonaws.com/offer%20letter%20directors%20signature-12300718.pdf?response-content-disposition=attachment%3B%20filename%3D%22offer%2520letter%2520directors%2520signature.pdf%22&X-Amz-Content-Sha256=UNSIGNED-PAYLOAD&X-Amz-Algorithm=AWS4-HMAC-SHA256&X-Amz-Credential=AKIAYUBLFC5TP3LJIQ5H%2F20251003%2Fus-east-1%2Fs3%2Faws4_request&X-Amz-Date=20251003T135122Z&X-Amz-SignedHeaders=host&X-Amz-Expires=28800&X-Amz-Signature=218a364d46e44200feba0d79fa722f9888b990e107d76146838aa8b6311899de', 'name': 'offer letter directors signature.pdf'}, {'file_id': 8734225, 's3_link': 'https://loandisk-loans.s3.amazonaws.com/Offer%20letter-12300723.docx?response-content-disposition=attachment%3B%20filename%3D%22Offer%2520letter.docx%22&X-Amz-Content-Sha256=UNSIGNED-PAYLOAD&X-Amz-Algorithm=AWS4-HMAC-SHA256&X-Amz-Credential=AKIAYUBLFC5TP3LJIQ5H%2F20251003%2Fus-east-1%2Fs3%2Faws4_request&X-Amz-Date=20251003T135122Z&X-Amz-SignedHeaders=host&X-Amz-Expires=28800&X-Amz-Signature=bbcaa7b9e68caa038ac7c754b13c673f5ba829776188221149a71bdb03208b5d', 'name': 'Offer letter.docx'}, {'file_id': 8734226, 's3_link': 'https://loandisk-loans.s3.amazonaws.com/PHOENIX%20CAPITAL%20CORPORATE%20PARTNERSHIP%20AGREEMENT%20WITH%20YARDS-12300725.docx?response-content-disposition=attachment%3B%20filename%3D%22PHOENIX%2520CAPITAL%2520CORPORATE%2520PARTNERSHIP%2520AGREEMENT%2520WITH%2520YARDS.docx%22&X-Amz-Content-Sha256=UNSIGNED-PAYLOAD&X-Amz-Algorithm=AWS4-HMAC-SHA256&X-Amz-Credential=AKIAYUBLFC5TP3LJIQ5H%2F20251003%2Fus-east-1%2Fs3%2Faws4_request&X-Amz-Date=20251003T135122Z&X-Amz-SignedHeaders=host&X-Amz-Expires=28800&X-Amz-Signature=638816a5d2c10bfe4e5bd3617c12aad225ac124eadc03ee60d2c842fc2e2a00c', 'name': 'PHOENIX CAPITAL CORPORATE PARTNERSHIP AGREEMENT WITH YARDS.docx'}, {'file_id': 8734227, 's3_link': 'https://loandisk-loans.s3.amazonaws.com/SERVICE%20LEVEL%20AGREEMENT-12300726.pdf?response-content-disposition=attachment%3B%20filename%3D%22SERVICE%2520LEVEL%2520AGREEMENT.pdf%22&X-Amz-Content-Sha256=UNSIGNED-PAYLOAD&X-Amz-Algorithm=AWS4-HMAC-SHA256&X-Amz-Credential=AKIAYUBLFC5TP3LJIQ5H%2F20251003%2Fus-east-1%2Fs3%2Faws4_request&X-Amz-Date=20251003T135122Z&X-Amz-SignedHeaders=host&X-Amz-Expires=28800&X-Amz-Signature=f5d3cc9ff7db971d55de71ae677fbe0acbf77300cd6412337997c9a76edf2d91', 'name': 'SERVICE LEVEL AGREEMENT.pdf'}]",Hellen Muthoni,,75350
9060512,237706,6858748,1000021,27999,768000.00,276480.00,21/08/2025,flat_rate,percentage,Month,3.0000,Months,12,3,12,0.00,round_off_to_two_decimal,,,,,,,,,,,,,,,,,,,,,,,,,,,,1103520.00,0,45020.0,45020.0,45020.0,0.0,0.0,0.0,12,749020.0,253440.0,33000.0,0.0,[],1058500.00,21/08/2026,45020.00,16,,0,,0,,0,,0,,0,dont_include,3.0000,,0,,0,,0,,0,,0,distribute_fees_evenly,36000.00,0,0,0,0,0,0,0,0,0,0,0,0.00,1,,,,"[{'id': 'custom_field_23347', 'name': 'Sales Person'}, {'id': 'custom_field_23167', 'name': 'National ID'}, {'id': 'custom_field_23348', 'name': 'Sales Person(Agent/TL/RO)'}]",KE,Lilian Rahab,Kabui Kirathe,Business lady,1000014,Female,2,0728888831,lkirathe@yahoo.com,01/03/1982,00502-1589,Nairobi west  langata,Nairobi,,,,808/900,,,,[97472],22287738,Samuel Karutha,"[{'file_id': 8787085, 's3_link': 'https://loandisk-borrowers.s3.amazonaws.com/LILIAN%20ID-12375902.pdf?response-content-disposition=attachment%3B%20filename%3D%22LILIAN%2520ID.pdf%22&X-Amz-Content-Sha256=UNSIGNED-PAYLOAD&X-Amz-Algorithm=AWS4-HMAC-SHA256&X-Amz-Credential=AKIAYUBLFC5TP3LJIQ5H%2F20251003%2Fus-east-1%2Fs3%2Faws4_request&X-Amz-Date=20251003T135122Z&X-Amz-SignedHeaders=host&X-Amz-Expires=28800&X-Amz-Signature=d6747c28716d84862691ef9c6585a93d59ab7c256aad59b1e17d192e8d90e093', 'name': 'LILIAN ID.pdf'}, {'file_id': 8787086, 's3_link': 'https://loandisk-borrowers.s3.amazonaws.com/spinned%20mpesa%20statement-12375903.pdf?response-content-disposition=attachment%3B%20filename%3D%22spinned%2520mpesa%2520statement.pdf%22&X-Amz-Content-Sha256=UNSIGNED-PAYLOAD&X-Amz-Algorithm=AWS4-HMAC-SHA256&X-Amz-Credential=AKIAYUBLFC5TP3LJIQ5H%2F20251003%2Fus-east-1%2Fs3%2Faws4_request&X-Amz-Date=20251003T135122Z&X-Amz-SignedHeaders=host&X-Amz-Expires=28800&X-Amz-Signature=b59a95d6e3ef2155e7fdf1f7a1f7b76ded3fa215420f1daea12d8c8364beee09', 'name': 'spinned mpesa statement.pdf'}, {'file_id': 8787087, 's3_link': 'https://loandisk-borrowers.s3.amazonaws.com/WhatsApp%20Image%202025-08-16%20at%2010.57.03-12375905.jpeg?response-content-disposition=attachment%3B%20filename%3D%22WhatsApp%2520Image%25202025-08-16%2520at%252010.57.03.jpeg%22&X-Amz-Content-Sha256=UNSIGNED-PAYLOAD&X-Amz-Algorithm=AWS4-HMAC-SHA256&X-Amz-Credential=AKIAYUBLFC5TP3LJIQ5H%2F20251003%2Fus-east-1%2Fs3%2Faws4_request&X-Amz-Date=20251003T135122Z&X-Amz-SignedHeaders=host&X-Amz-Expires=28800&X-Amz-Signature=2f3c3c2354a51934bb3749f59877fdb4de86245a403723880556db65b7f80710', 'name': 'WhatsApp Image 2025-08-16 at 10.57.03.jpeg'}, {'file_id': 8787088, 's3_link': 'https://loandisk-borrowers.s3.amazonaws.com/ValuationsReport-F-101546-20250816_094412%20%281%29-12375906.pdf?response-content-disposition=attachment%3B%20filename%3D%22ValuationsReport-F-101546-20250816_094412%2520%25281%2529.pdf%22&X-Amz-Content-Sha256=UNSIGNED-PAYLOAD&X-Amz-Algorithm=AWS4-HMAC-SHA256&X-Amz-Credential=AKIAYUBLFC5TP3LJIQ5H%2F20251003%2Fus-east-1%2Fs3%2Faws4_request&X-Amz-Date=20251003T135122Z&X-Amz-SignedHeaders=host&X-Amz-Expires=28800&X-Amz-Signature=866653ac69998de0a1e3516c1b3256e735f51e5ea93d4c0419b26097b3ed277a', 'name': 'ValuationsReport-F-101546-20250816_094412 (1).pdf'}, {'file_id': 8787113, 's3_link': 'https://loandisk-borrowers.s3.amazonaws.com/QT-000173-12375929.pdf?response-content-disposition=attachment%3B%20filename%3D%22QT-000173.pdf%22&X-Amz-Content-Sha256=UNSIGNED-PAYLOAD&X-Amz-Algorithm=AWS4-HMAC-SHA256&X-Amz-Credential=AKIAYUBLFC5TP3LJIQ5H%2F20251003%2Fus-east-1%2Fs3%2Faws4_request&X-Amz-Date=20251003T135122Z&X-Amz-SignedHeaders=host&X-Amz-Expires=28800&X-Amz-Signature=a0df4489db549c364d5bd49856c998f85762088d7d9a0d2f00f0edab2c019ea7', 'name': 'QT-000173.pdf'}]",,,Hellen muthoni mwai,,75350
4895882,36826,4370971,56650,27999,200000.00,216000.00,08/08/2023,flat_rate,percentage,Month,6.0000,Months,18,3,18,0.00,round_off_to_two_decimal,,,,,,,,,,,,,,,,,,,,,,,,,,,,533294.18,41209.17999999996,0.0,41209.17999999996,13109.660000000003,4239.320000000007,0.0,23860.199999999997,237,13109.660000000003,4239.320000000007,0.0,23860.2,[],41209.18,08/02/2025,492085.00,6,,0,,0,,0,,0,,0,,0,,0,,0,,0,,0,,0,distribute_fees_evenly,36000.00,0,0,0,0,0,0,0,0,0,0,0,0.00,1,,,,"[{'id': 'custom_field_23167', 'name': 'National ID'}, {'id': 'custom_field_23348', 'name': 'Sales Person(Agent/TL/RO)'}]",KE,Adan,Guyo Mamo,,6451650,Male,1,0722607918,adanguyo2009@gmail.com,31/12/1978,South C,Nairobi,Nairobi,,0714804066,,,64d32e94e076d-5973460.jpeg,,,[97469],21981990,-julius kamau,"[{'file_id': 4381897, 's3_link': 'https://loandisk-borrowers.s3.amazonaws.com/20230809081147952-5973455.pdf?response-content-disposition=attachment%3B%20filename%3D%2220230809081147952.pdf%22&X-Amz-Content-Sha256=UNSIGNED-PAYLOAD&X-Amz-Algorithm=AWS4-HMAC-SHA256&X-Amz-Credential=AKIAYUBLFC5TP3LJIQ5H%2F20251003%2Fus-east-1%2Fs3%2Faws4_request&X-Amz-Date=20251003T135125Z&X-Amz-SignedHeaders=host&X-Amz-Expires=28800&X-Amz-Signature=3610bd61c4ff71ebcce377bde0217fe7a329757cb6e95c02fdd1d534bbb888fc', 'name': '20230809081147952.pdf'}, {'file_id': 4381898, 's3_link': 'https://loandisk-borrowers.s3.amazonaws.com/20230809081334839-5973456.pdf?response-content-disposition=attachment%3B%20filename%3D%2220230809081334839.pdf%22&X-Amz-Content-Sha256=UNSIGNED-PAYLOAD&X-Amz-Algorithm=AWS4-HMAC-SHA256&X-Amz-Credential=AKIAYUBLFC5TP3LJIQ5H%2F20251003%2Fus-east-1%2Fs3%2Faws4_request&X-Amz-Date=20251003T135125Z&X-Amz-SignedHeaders=host&X-Amz-Expires=28800&X-Amz-Signature=b6dccad46e2c76f61d79a65876205502ef9b253b9b63993fbf79716a311de9d2', 'name': '20230809081334839.pdf'}, {'file_id': 4381899, 's3_link': 'https://loandisk-borrowers.s3.amazonaws.com/20230809081504938-5973458.pdf?response-content-disposition=attachment%3B%20filename%3D%2220230809081504938.pdf%22&X-Amz-Content-Sha256=UNSIGNED-PAYLOAD&X-Amz-Algorithm=AWS4-HMAC-SHA256&X-Amz-Credential=AKIAYUBLFC5TP3LJIQ5H%2F20251003%2Fus-east-1%2Fs3%2Faws4_request&X-Amz-Date=20251003T135125Z&X-Amz-SignedHeaders=host&X-Amz-Expires=28800&X-Amz-Signature=73778d358b088e3ed2f7c8c2f24409a8d0cd1d16ddd72ff4f4277380c3ea27c2', 'name': '20230809081504938.pdf'}]",https://loandisk-borrowers-photo-thumbnails.s3.amazonaws.com/64d32e94e076d-5973460.jpeg?X-Amz-Content-Sha256=UNSIGNED-PAYLOAD&X-Amz-Algorithm=AWS4-HMAC-SHA256&X-Amz-Credential=AKIAYUBLFC5TP3LJIQ5H%2F20251003%2Fus-east-1%2Fs3%2Faws4_request&X-Amz-Date=20251003T135125Z&X-Amz-SignedHeaders=host&X-Amz-Expires=28800&X-Amz-Signature=9e563677d68cff0479148e5089179b413d42edd9cb4f6523673ede91be879076,"[{'file_id': 4381911, 's3_link': 'https://loandisk-loans.s3.amazonaws.com/20230809081147952-5973467.pdf?response-content-disposition=attachment%3B%20filename%3D%2220230809081147952.pdf%22&X-Amz-Content-Sha256=UNSIGNED-PAYLOAD&X-Amz-Algorithm=AWS4-HMAC-SHA256&X-Amz-Credential=AKIAYUBLFC5TP3LJIQ5H%2F20251003%2Fus-east-1%2Fs3%2Faws4_request&X-Amz-Date=20251003T135125Z&X-Amz-SignedHeaders=host&X-Amz-Expires=28800&X-Amz-Signature=a6cdc371d2162478115ca8084c0aad9d220d41748d7ea262a6f2c8911cc5e24b', 'name': '20230809081147952.pdf'}, {'file_id': 4381912, 's3_link': 'https://loandisk-loans.s3.amazonaws.com/20230809081334839-5973468.pdf?response-content-disposition=attachment%3B%20filename%3D%2220230809081334839.pdf%22&X-Amz-Content-Sha256=UNSIGNED-PAYLOAD&X-Amz-Algorithm=AWS4-HMAC-SHA256&X-Amz-Credential=AKIAYUBLFC5TP3LJIQ5H%2F20251003%2Fus-east-1%2Fs3%2Faws4_request&X-Amz-Date=20251003T135125Z&X-Amz-SignedHeaders=host&X-Amz-Expires=28800&X-Amz-Signature=63eb84b93786dccaee5064be5e8e23e9edd204d3d8bfe931b052b5fada85e9fd', 'name': '20230809081334839.pdf'}, {'file_id': 4381913, 's3_link': 'https://loandisk-loans.s3.amazonaws.com/20230809081504938-5973473.pdf?response-content-disposition=attachment%3B%20filename%3D%2220230809081504938.pdf%22&X-Amz-Content-Sha256=UNSIGNED-PAYLOAD&X-Amz-Algorithm=AWS4-HMAC-SHA256&X-Amz-Credential=AKIAYUBLFC5TP3LJIQ5H%2F20251003%2Fus-east-1%2Fs3%2Faws4_request&X-Amz-Date=20251003T135125Z&X-Amz-SignedHeaders=host&X-Amz-Expires=28800&X-Amz-Signature=b58503139c8f757ffe6596973c8229444f958c8f148c658de2acb85aa9393a10', 'name': '20230809081504938.pdf'}, {'file_id': 6774757, 's3_link': 'https://loandisk-loans.s3.amazonaws.com/ADAN%20GUYO-%20DEMAND%20LETTER-9426623.pdf?response-content-disposition=attachment%3B%20filename%3D%22ADAN%2520GUYO-%2520DEMAND%2520LETTER.pdf%22&X-Amz-Content-Sha256=UNSIGNED-PAYLOAD&X-Amz-Algorithm=AWS4-HMAC-SHA256&X-Amz-Credential=AKIAYUBLFC5TP3LJIQ5H%2F20251003%2Fus-east-1%2Fs3%2Faws4_request&X-Amz-Date=20251003T135125Z&X-Amz-SignedHeaders=host&X-Amz-Expires=28800&X-Amz-Signature=0e41ad586f9493e39fd623704a0715b0946310b8c3bf0e3a34badf10eb198a61', 'name': 'ADAN GUYO- DEMAND LETTER.pdf'}, {'file_id': 6851133, 's3_link': 'https://loandisk-loans.s3.amazonaws.com/20241030201855644-9538685.pdf?response-content-disposition=attachment%3B%20filename%3D%2220241030201855644.pdf%22&X-Amz-Content-Sha256=UNSIGNED-PAYLOAD&X-Amz-Algorithm=AWS4-HMAC-SHA256&X-Amz-Credential=AKIAYUBLFC5TP3LJIQ5H%2F20251003%2Fus-east-1%2Fs3%2Faws4_request&X-Amz-Date=20251003T135125Z&X-Amz-SignedHeaders=host&X-Amz-Expires=28800&X-Amz-Signature=5d8425d5cd0f4fde2868a9c66e16d26b5ab366c0ddb727d92e1b2aa6d7009f60', 'name': '20241030201855644.pdf'}, {'file_id': 7137471, 's3_link': 'https://loandisk-loans.s3.amazonaws.com/20241213000147494-9954058.pdf?response-content-disposition=attachment%3B%20filename%3D%2220241213000147494.pdf%22&X-Amz-Content-Sha256=UNSIGNED-PAYLOAD&X-Amz-Algorithm=AWS4-HMAC-SHA256&X-Amz-Credential=AKIAYUBLFC5TP3LJIQ5H%2F20251003%2Fus-east-1%2Fs3%2Faws4_request&X-Amz-Date=20251003T135125Z&X-Amz-SignedHeaders=host&X-Amz-Expires=28800&X-Amz-Signature=d5f0e81f0a83565f7c78efb66f503154a0221b0ad223d42802e4f1326e9c489b', 'name': '20241213000147494.pdf'}]",,,8550
5470802,36826,3778711,57297,94825,369200.00,531648.00,24/11/2023,flat_rate,percentage,Month,6.0000,Months,24,3,24,0.00,round_off_to_two_decimal,,,,,,,,,,,,,,,,,,,,,,,,,,,,1030878.37,127245.77000000002,536.08,127781.85000000002,53607.669999999984,54144.95000000001,4000.0,16029.230000000001,71,84374.40999999997,98448.95000000001,8000.0,16029.230000000003,[],206852.59,24/11/2025,824025.78,16,,0,,0,,0,,0,,0,,0,,0,,0,,0,,0,,0,distribute_fees_evenly,48000.00,0,0,0,0,0,0,0,0,0,0,0,0.00,1,,,,"[{'id': 'custom_field_23167', 'name': 'National ID'}, {'id': 'custom_field_23348', 'name': 'Sales Person(Agent/TL/RO)'}]",KE,Mark,Mbogo Okul,,6451613,Male,1,0717146316,mckokul2010@gmail.com,12/02/1993,"Greatwall Garden,Mombasa Rd",Nairobi,Nairobi,,0705574994,,,6475f7c082186-5393687.jpg,,,[23914],29749382,Maureen Chemelel,"[{'file_id': 3996727, 's3_link': 'https://loandisk-borrowers.s3.amazonaws.com/20230530151804707-5393682.pdf?response-content-disposition=attachment%3B%20filename%3D%2220230530151804707.pdf%22&X-Amz-Content-Sha256=UNSIGNED-PAYLOAD&X-Amz-Algorithm=AWS4-HMAC-SHA256&X-Amz-Credential=AKIAYUBLFC5TP3LJIQ5H%2F20251003%2Fus-east-1%2Fs3%2Faws4_request&X-Amz-Date=20251003T135125Z&X-Amz-SignedHeaders=host&X-Amz-Expires=28800&X-Amz-Signature=ed8f6545d9ad765e28d97d47ebcf7538da844860b1cd631053995bee64cf47c6', 'name': '20230530151804707.pdf'}, {'file_id': 3996728, 's3_link': 'https://loandisk-borrowers.s3.amazonaws.com/20230530151906869-5393686.pdf?response-content-disposition=attachment%3B%20filename%3D%2220230530151906869.pdf%22&X-Amz-Content-Sha256=UNSIGNED-PAYLOAD&X-Amz-Algorithm=AWS4-HMAC-SHA256&X-Amz-Credential=AKIAYUBLFC5TP3LJIQ5H%2F20251003%2Fus-east-1%2Fs3%2Faws4_request&X-Amz-Date=20251003T135125Z&X-Amz-SignedHeaders=host&X-Amz-Expires=28800&X-Amz-Signature=022cfee518e1c48260b07763e37fad88de75a374572618177247f55fe5fd00df', 'name': '20230530151906869.pdf'}]",https://loandisk-borrowers-photo-thumbnails.s3.amazonaws.com/6475f7c082186-5393687.jpg?X-Amz-Content-Sha256=UNSIGNED-PAYLOAD&X-Amz-Algorithm=AWS4-HMAC-SHA256&X-Amz-Credential=AKIAYUBLFC5TP3LJIQ5H%2F20251003%2Fus-east-1%2Fs3%2Faws4_request&X-Amz-Date=20251003T135125Z&X-Amz-SignedHeaders=host&X-Amz-Expires=28800&X-Amz-Signature=eaa90aa7d61142b954939cd834eb4816611af2f1e8b9dc3aa4c19c9ff228c6ed,,,,8550
5517825,253137,4736680,57340,27999,150000.00,15000.00,04/12/2023,flat_rate,percentage,Month,10.0000,Months,1,3,1,0.00,round_off_to_two_decimal,,,,,,,,,,,,,,,,,,,,,,,,,,,,1114500.00,934500.0,0.0,934500.0,150000.0,15000.0,0.0,769500.0,622,150000.0,15000.0,0.0,769500.0,[],934500.00,04/01/2024,180000.00,6,,0,,0,,0,,0,,0,,0,,0,,0,,0,,0,,0,,0,0,0,0,0,0,0,0,0,0,0,0,0.00,1,,,,"[{'id': 'custom_field_23347', 'name': 'Sales Person'}, {'id': 'custom_field_23167', 'name': 'National ID'}, {'id': 'custom_field_23348', 'name': 'Sales Person(Agent/TL/RO)'}]",KE,Joyce,Mwende Makewa,,6451690,Female,4,0700405356,joymakewa@gmail.com,22/09/1987,Dennis Pritt Rd,Nairobi,Nairobi,,0722822287,,,65424caf882b0-6642693.jpeg,,,[97469],25448571,-julius kamau,"[{'file_id': 4827337, 's3_link': 'https://loandisk-borrowers.s3.amazonaws.com/Joyce%20Mwende%20Makewa20231101_15240217-6642679.pdf?response-content-disposition=attachment%3B%20filename%3D%22Joyce%2520Mwende%2520Makewa20231101_15240217.pdf%22&X-Amz-Content-Sha256=UNSIGNED-PAYLOAD&X-Amz-Algorithm=AWS4-HMAC-SHA256&X-Amz-Credential=AKIAYUBLFC5TP3LJIQ5H%2F20251003%2Fus-east-1%2Fs3%2Faws4_request&X-Amz-Date=20251003T135125Z&X-Amz-SignedHeaders=host&X-Amz-Expires=28800&X-Amz-Signature=e17e8cfcb9c841c0e631dbb94e0e65975804e3279bf7cd2001f117c9ff2047ad', 'name': 'Joyce Mwende Makewa20231101_15240217.pdf'}, {'file_id': 4827338, 's3_link': 'https://loandisk-borrowers.s3.amazonaws.com/Joyce%20Mwende%20Makewa20231101_15435689-6642680.pdf?response-content-disposition=attachment%3B%20filename%3D%22Joyce%2520Mwende%2520Makewa20231101_15435689.pdf%22&X-Amz-Content-Sha256=UNSIGNED-PAYLOAD&X-Amz-Algorithm=AWS4-HMAC-SHA256&X-Amz-Credential=AKIAYUBLFC5TP3LJIQ5H%2F20251003%2Fus-east-1%2Fs3%2Faws4_request&X-Amz-Date=20251003T135125Z&X-Amz-SignedHeaders=host&X-Amz-Expires=28800&X-Amz-Signature=7b1ca3095eb4fafc14a6b0f8960503f0b0412e437bea4abeea353b493bcb619b', 'name': 'Joyce Mwende Makewa20231101_15435689.pdf'}]",https://loandisk-borrowers-photo-thumbnails.s3.amazonaws.com/65424caf882b0-6642693.jpeg?X-Amz-Content-Sha256=UNSIGNED-PAYLOAD&X-Amz-Algorithm=AWS4-HMAC-SHA256&X-Amz-Credential=AKIAYUBLFC5TP3LJIQ5H%2F20251003%2Fus-east-1%2Fs3%2Faws4_request&X-Amz-Date=20251003T135125Z&X-Amz-SignedHeaders=host&X-Amz-Expires=28800&X-Amz-Signature=d0412856c637b7406dfafc0f4c37c69dd2fec5421d9efd77961ee080b4e06f56,,Edward Magero,,8550
5663293,36826,4296121,57520,27999,100000.00,26621.07,04/01/2024,reducing_rate_equal_installments,percentage,Month,5.0000,Months,9,3,9,0.00,round_off_to_two_decimal,,,,,,,,,,,,,,,,,,,,,,,,,,,,126621.07,88481.07,0.0,88481.07,81408.53,7072.54,0.0,0.0,547,81408.53,7072.540000000001,0.0,0.0,[],88481.07,04/10/2024,38140.00,6,,0,,0,,0,,0,,0,,0,,0,,0,,0,,0,,0,,0,0,0,0,0,0,0,0,0,0,0,1,0.00,1,,,,"[{'id': 'custom_field_23167', 'name': 'National ID'}, {'id': 'custom_field_23348', 'name': 'Sales Person(Agent/TL/RO)'}]",KE,Shilton,Getari Wawire,,6451643,Male,1,,,20/11/1990,,,,,,,,,,,[97469],37452424,-,,,,,,8550
5693012,36826,4969298,57547,27999,230000.00,82800.00,12/01/2024,flat_rate,percentage,Month,6.0000,Months,6,3,6,0.00,round_off_to_two_decimal,,,,,,,,,,,,,,,,,,,,,,,,,,,,324800.00,69166.00000000003,0.0,69166.00000000003,69166.0,0.0,0.0,0.0,478,69166.0,0.0,0.0,0.0,[],69166.00,12/07/2024,255634.00,6,,0,,0,,0,,0,,0,,0,,0,,0,,0,,0,,0,distribute_fees_evenly,12000.00,0,0,0,0,0,0,0,0,0,0,1,0.00,1,,,,"[{'id': 'custom_field_23167', 'name': 'National ID'}, {'id': 'custom_field_23348', 'name': 'Sales Person(Agent/TL/RO)'}]",KE,Charles,Wambugu Gichuru,,6451735,Male,1,0700921452,charleswambogo6@gmail.com,01/12/1994,Kabiria,Nairobi,Nairobi,,0728161694,,,65a0edabf1923-7100942.jpeg,,,[97469],31987610,-,"[{'file_id': 5144809, 's3_link': 'https://loandisk-borrowers.s3.amazonaws.com/CHARLES%20WAMBUGU20240112_10174559-7100939.pdf?response-content-disposition=attachment%3B%20filename%3D%22CHARLES%2520WAMBUGU20240112_10174559.pdf%22&X-Amz-Content-Sha256=UNSIGNED-PAYLOAD&X-Amz-Algorithm=AWS4-HMAC-SHA256&X-Amz-Credential=AKIAYUBLFC5TP3LJIQ5H%2F20251003%2Fus-east-1%2Fs3%2Faws4_request&X-Amz-Date=20251003T135125Z&X-Amz-SignedHeaders=host&X-Amz-Expires=28800&X-Amz-Signature=8001ed3c14000b6ac8387974a54a1f30e4a298561818e3f1e74c75d65455f7e1', 'name': 'CHARLES WAMBUGU20240112_10174559.pdf'}]",https://loandisk-borrowers-photo-thumbnails.s3.amazonaws.com/65a0edabf1923-7100942.jpeg?X-Amz-Content-Sha256=UNSIGNED-PAYLOAD&X-Amz-Algorithm=AWS4-HMAC-SHA256&X-Amz-Credential=AKIAYUBLFC5TP3LJIQ5H%2F20251003%2Fus-east-1%2Fs3%2Faws4_request&X-Amz-Date=20251003T135125Z&X-Amz-SignedHeaders=host&X-Amz-Expires=28800&X-Amz-Signature=c5d040ec388751617c8494e4300e3d5bb8e187719290977a0e725c175a466a0a,"[{'file_id': 5144817, 's3_link': 'https://loandisk-loans.s3.amazonaws.com/CHARLES%20WAMBUGU20240112_10174559-7100948.pdf?response-content-disposition=attachment%3B%20filename%3D%22CHARLES%2520WAMBUGU20240112_10174559.pdf%22&X-Amz-Content-Sha256=UNSIGNED-PAYLOAD&X-Amz-Algorithm=AWS4-HMAC-SHA256&X-Amz-Credential=AKIAYUBLFC5TP3LJIQ5H%2F20251003%2Fus-east-1%2Fs3%2Faws4_request&X-Amz-Date=20251003T135125Z&X-Amz-SignedHeaders=host&X-Amz-Expires=28800&X-Amz-Signature=e2311ddf03aa006435775f39df4eda72191fdd48c93e6ecb566a25b64bfe85ad', 'name': 'CHARLES WAMBUGU20240112_10174559.pdf'}]",,,8550
5712053,253137,4981277,57566,27999,280000.00,42000.00,15/01/2024,flat_rate,percentage,Month,15.0000,Months,1,3,1,0.00,round_off_to_two_decimal,,,,,,,,,,,,,,,,,,,,,,,,,,,,322000.00,122000.0,0.0,122000.0,122000.0,0.0,0.0,0.0,596,122000.0,0.0,0.0,0.0,[],122000.00,15/02/2024,200000.00,6,,0,,0,,0,,0,,0,,0,,0,,0,,0,,0,,0,distribute_fees_evenly,0.00,0,0,0,0,0,0,0,0,0,0,1,0.00,1,,,,"[{'id': 'custom_field_23347', 'name': 'Sales Person'}, {'id': 'custom_field_23167', 'name': 'National ID'}, {'id': 'custom_field_23348', 'name': 'Sales Person(Agent/TL/RO)'}]",KE,Isaac,Mwangi Kamote Waciama,,6451738,Male,1,0722227955,kamotewaciama@gmail.com,15/02/1966,"Mukangu,Kangema",Murang'a,Central,,0706541487,,,65a78f2b1a531-7131471.jpeg,,,[97469],8023872,Edward Magero,"[{'file_id': 5165995, 's3_link': 'https://loandisk-borrowers.s3.amazonaws.com/ISAAC%20KAMOTE20240117_11133460-7131468.pdf?response-content-disposition=attachment%3B%20filename%3D%22ISAAC%2520KAMOTE20240117_11133460.pdf%22&X-Amz-Content-Sha256=UNSIGNED-PAYLOAD&X-Amz-Algorithm=AWS4-HMAC-SHA256&X-Amz-Credential=AKIAYUBLFC5TP3LJIQ5H%2F20251003%2Fus-east-1%2Fs3%2Faws4_request&X-Amz-Date=20251003T135126Z&X-Amz-SignedHeaders=host&X-Amz-Expires=28800&X-Amz-Signature=a13982789804f7232837a70778a75f95e3e38331cc99a91eff6759de7a0c43c3', 'name': 'ISAAC KAMOTE20240117_11133460.pdf'}]",https://loandisk-borrowers-photo-thumbnails.s3.amazonaws.com/65a78f2b1a531-7131471.jpeg?X-Amz-Content-Sha256=UNSIGNED-PAYLOAD&X-Amz-Algorithm=AWS4-HMAC-SHA256&X-Amz-Credential=AKIAYUBLFC5TP3LJIQ5H%2F20251003%2Fus-east-1%2Fs3%2Faws4_request&X-Amz-Date=20251003T135126Z&X-Amz-SignedHeaders=host&X-Amz-Expires=28800&X-Amz-Signature=157cab9f222fbe7f6e7bed842dbbbf09eb39070884d886ac498741c0c59522a4,"[{'file_id': 5166002, 's3_link': 'https://loandisk-loans.s3.amazonaws.com/ISAAC%20KAMOTE20240117_11133460-7131476.pdf?response-content-disposition=attachment%3B%20filename%3D%22ISAAC%2520KAMOTE20240117_11133460.pdf%22&X-Amz-Content-Sha256=UNSIGNED-PAYLOAD&X-Amz-Algorithm=AWS4-HMAC-SHA256&X-Amz-Credential=AKIAYUBLFC5TP3LJIQ5H%2F20251003%2Fus-east-1%2Fs3%2Faws4_request&X-Amz-Date=20251003T135126Z&X-Amz-SignedHeaders=host&X-Amz-Expires=28800&X-Amz-Signature=9406d07630ad8110bb739ad118c0d3af5e013a69419e982433fe02fa9ed09beb', 'name': 'ISAAC KAMOTE20240117_11133460.pdf'}]",Edward Magero,,8550
5889657,37047,2969452,57739,27999,160000.00,47207.32,16/02/2024,reducing_rate_equal_installments,percentage,Month,5.0000,Months,10,3,10,0.00,round_off_to_two_decimal,,,,,,,,,,,,,,,,,,,,,,,,,,,,207207.32,136486.32,0.0,136486.32,117333.98999999999,19152.329999999998,0.0,0.0,474,117333.98999999999,19152.329999999998,0.0,0.0,[],136486.32,16/12/2024,70721.00,6,,0,,0,,0,,0,,0,,0,,0,,0,,0,,0,,0,,0,0,0,0,0,0,0,0,0,0,0,1,0.00,1,,,,"[{'id': 'custom_field_23347', 'name': 'Sales Person'}, {'id': 'custom_field_23167', 'name': 'National ID'}, {'id': 'custom_field_23348', 'name': 'Sales Person(Agent/TL/RO)'}]",KE,Maureen,Jebiwot Chemelil,,6451522,Female,4,0712026176,,,,,,,,,,,,,[97469],27506191,-,,,,Maureen,,8550
5928402,36826,2570048,57793,27996,392833.97,31426.72,24/02/2024,flat_rate,percentage,Month,4.0000,Months,24,3,24,0.00,round_off_to_two_decimal,,,,,,,,,,,,,,,,,,,,,,,,,,,,428260.69,116014.69,0.0,116014.69,116014.68999999999,0.0,0.0,0.0,527,116014.68999999994,0.0,0.0,0.0,"[{'loan_id': 5449774}, {'loan_id': 5404318}, {'loan_id': 5238178}, {'loan_id': 5086170}]",116014.69,24/04/2024,312246.00,6,,0,,0,,0,,0,,0,,0,,0,,0,,0,,0,,0,distribute_fees_evenly,48000.00,0,0,0,0,0,0,0,0,0,0,1,0.00,1,,,,"[{'id': 'custom_field_23167', 'name': 'National ID'}, {'id': 'custom_field_23348', 'name': 'Sales Person(Agent/TL/RO)'}]",KE,Samwel,Kanyoro Macharia,,5308957,Male,1,0724863405,ssmacharia@gmail.com,01/01/1967,"Umoja II,Moi Drive",Nairobi,Nairobi,,0721472119,,,629073efba008-2973595.jpg,,,[97469],9669244,-julius kamau,"[{'file_id': 2281273, 's3_link': 'https://loandisk-borrowers.s3.amazonaws.com/20220527083358107-2973554.pdf?response-content-disposition=attachment%3B%20filename%3D%2220220527083358107.pdf%22&X-Amz-Content-Sha256=UNSIGNED-PAYLOAD&X-Amz-Algorithm=AWS4-HMAC-SHA256&X-Amz-Credential=AKIAYUBLFC5TP3LJIQ5H%2F20251003%2Fus-east-1%2Fs3%2Faws4_request&X-Amz-Date=20251003T135126Z&X-Amz-SignedHeaders=host&X-Amz-Expires=28800&X-Amz-Signature=22dcff393c79f6d3661ce3195451e8cdffb3feae6e02c2e57ace81c9de2bf441', 'name': '20220527083358107.pdf'}, {'file_id': 2281274, 's3_link': 'https://loandisk-borrowers.s3.amazonaws.com/20220527083801127-2973559.pdf?response-content-disposition=attachment%3B%20filename%3D%2220220527083801127.pdf%22&X-Amz-Content-Sha256=UNSIGNED-PAYLOAD&X-Amz-Algorithm=AWS4-HMAC-SHA256&X-Amz-Credential=AKIAYUBLFC5TP3LJIQ5H%2F20251003%2Fus-east-1%2Fs3%2Faws4_request&X-Amz-Date=20251003T135126Z&X-Amz-SignedHeaders=host&X-Amz-Expires=28800&X-Amz-Signature=76b1ff4c8cb165f2c1b20f8491c36eab2ed8fbd7741085b1c5dba0e21961e4b7', 'name': '20220527083801127.pdf'}, {'file_id': 2281275, 's3_link': 'https://loandisk-borrowers.s3.amazonaws.com/20220527083923551-2973563.pdf?response-content-disposition=attachment%3B%20filename%3D%2220220527083923551.pdf%22&X-Amz-Content-Sha256=UNSIGNED-PAYLOAD&X-Amz-Algorithm=AWS4-HMAC-SHA256&X-Amz-Credential=AKIAYUBLFC5TP3LJIQ5H%2F20251003%2Fus-east-1%2Fs3%2Faws4_request&X-Amz-Date=20251003T135126Z&X-Amz-SignedHeaders=host&X-Amz-Expires=28800&X-Amz-Signature=f0a0c7c0348fb8b6217920d4b369ee2ce59c76999e9b391497eb0d070e696918', 'name': '20220527083923551.pdf'}, {'file_id': 2281276, 's3_link': 'https://loandisk-borrowers.s3.amazonaws.com/20220527084059026-2973573.pdf?response-content-disposition=attachment%3B%20filename%3D%2220220527084059026.pdf%22&X-Amz-Content-Sha256=UNSIGNED-PAYLOAD&X-Amz-Algorithm=AWS4-HMAC-SHA256&X-Amz-Credential=AKIAYUBLFC5TP3LJIQ5H%2F20251003%2Fus-east-1%2Fs3%2Faws4_request&X-Amz-Date=20251003T135126Z&X-Amz-SignedHeaders=host&X-Amz-Expires=28800&X-Amz-Signature=a4377da48367422fc65934c86aa04cc8f102e9ccc28f59f1e487763402ae3d49', 'name': '20220527084059026.pdf'}]",https://loandisk-borrowers-photo-thumbnails.s3.amazonaws.com/629073efba008-2973595.jpg?X-Amz-Content-Sha256=UNSIGNED-PAYLOAD&X-Amz-Algorithm=AWS4-HMAC-SHA256&X-Amz-Credential=AKIAYUBLFC5TP3LJIQ5H%2F20251003%2Fus-east-1%2Fs3%2Faws4_request&X-Amz-Date=20251003T135126Z&X-Amz-SignedHeaders=host&X-Amz-Expires=28800&X-Amz-Signature=c41ba43ab15190aed3738d7937663da394fdc959111c1003f072425438673ee1,,,,8550
6540515,36800,5480143,58411,27996,600000.00,27096.77,21/06/2024,flat_rate,percentage,Month,4.0000,Months,12,3,12,0.00,round_off_to_two_decimal,,,,,,,,,,,,,,,,,,,,,,,,,,,,637693.54,637693.54,0.0,637693.54,600000.0,27096.77,9596.77,1000.0,439,600000.0,27096.77,9596.77,1000.0,[],637693.54,25/07/2024,0.00,6,,0,,0,,0,distribute_fees_evenly,30000.00,,0,,0,,0,,0,,0,distribute_fees_evenly,72000.00,,0,,0,0,0,0,0,0,0,0,0,0,0,0,0.00,1,,,,"[{'id': 'custom_field_23167', 'name': 'National ID'}, {'id': 'custom_field_23348', 'name': 'Sales Person(Agent/TL/RO)'}]",KE,Samuel,Macharia Kimani,,6451796,Male,1,0721208847,marshnrs@gmail.com,01/01/1977,"-0.730057, 36.448985",Nairobi,Nairobi,,0721938037,,,667d21f635b5a-8355614.jpeg,,,[97469],20469892,Omae Jared,"[{'file_id': 6041248, 's3_link': 'https://loandisk-borrowers.s3.amazonaws.com/20240627000051509-8355611.pdf?response-content-disposition=attachment%3B%20filename%3D%2220240627000051509.pdf%22&X-Amz-Content-Sha256=UNSIGNED-PAYLOAD&X-Amz-Algorithm=AWS4-HMAC-SHA256&X-Amz-Credential=AKIAYUBLFC5TP3LJIQ5H%2F20251003%2Fus-east-1%2Fs3%2Faws4_request&X-Amz-Date=20251003T135126Z&X-Amz-SignedHeaders=host&X-Amz-Expires=28800&X-Amz-Signature=63ba0e34f190aeb1f6c73fe060d75733c4a6f2a1eb7390f00595865750e29196', 'name': '20240627000051509.pdf'}, {'file_id': 6041249, 's3_link': 'https://loandisk-borrowers.s3.amazonaws.com/20240627000001232-8355613.pdf?response-content-disposition=attachment%3B%20filename%3D%2220240627000001232.pdf%22&X-Amz-Content-Sha256=UNSIGNED-PAYLOAD&X-Amz-Algorithm=AWS4-HMAC-SHA256&X-Amz-Credential=AKIAYUBLFC5TP3LJIQ5H%2F20251003%2Fus-east-1%2Fs3%2Faws4_request&X-Amz-Date=20251003T135126Z&X-Amz-SignedHeaders=host&X-Amz-Expires=28800&X-Amz-Signature=fb813c60e6dcab282749633ac885e8378d3dc053638782eac6d18d6e733879cf', 'name': '20240627000001232.pdf'}]",https://loandisk-borrowers-photo-thumbnails.s3.amazonaws.com/667d21f635b5a-8355614.jpeg?X-Amz-Content-Sha256=UNSIGNED-PAYLOAD&X-Amz-Algorithm=AWS4-HMAC-SHA256&X-Amz-Credential=AKIAYUBLFC5TP3LJIQ5H%2F20251003%2Fus-east-1%2Fs3%2Faws4_request&X-Amz-Date=20251003T135126Z&X-Amz-SignedHeaders=host&X-Amz-Expires=28800&X-Amz-Signature=b2fa83b0038471a2eb0f7418813c649ed34cd37c695d43f857a3812cfb865738,"[{'file_id': 6041253, 's3_link': 'https://loandisk-loans.s3.amazonaws.com/20240627000001232-8355621.pdf?response-content-disposition=attachment%3B%20filename%3D%2220240627000001232.pdf%22&X-Amz-Content-Sha256=UNSIGNED-PAYLOAD&X-Amz-Algorithm=AWS4-HMAC-SHA256&X-Amz-Credential=AKIAYUBLFC5TP3LJIQ5H%2F20251003%2Fus-east-1%2Fs3%2Faws4_request&X-Amz-Date=20251003T135126Z&X-Amz-SignedHeaders=host&X-Amz-Expires=28800&X-Amz-Signature=08292093faac37ac107471cd577be5eb5c95697f6534c03d6b2621af56122edb', 'name': '20240627000001232.pdf'}, {'file_id': 6041254, 's3_link': 'https://loandisk-loans.s3.amazonaws.com/20240627000051509-8355624.pdf?response-content-disposition=attachment%3B%20filename%3D%2220240627000051509.pdf%22&X-Amz-Content-Sha256=UNSIGNED-PAYLOAD&X-Amz-Algorithm=AWS4-HMAC-SHA256&X-Amz-Credential=AKIAYUBLFC5TP3LJIQ5H%2F20251003%2Fus-east-1%2Fs3%2Faws4_request&X-Amz-Date=20251003T135126Z&X-Amz-SignedHeaders=host&X-Amz-Expires=28800&X-Amz-Signature=1578005095ed334cd7ae047e332bd82c3a87c205126e7adbae484fb583172fb3', 'name': '20240627000051509.pdf'}]",,,8550
6784997,36800,5644393,58648,27996,30167.00,6033.40,09/08/2024,flat_rate,percentage,Month,2.0000,Months,10,3,10,0.00,round_off_to_two_decimal,,,,,,,,,,,,,,,,,,,,,,,,,,,,37200.40,7004.400000000001,0.0,7004.400000000001,6033.4,871.0000000000008,100.0,0.0,147,6033.4000000000015,871.0,100.0,0.0,[],7004.40,09/06/2025,30196.00,6,,0,,0,,0,distribute_fees_evenly,1000.00,,0,,0,,0,,0,,0,,0,,0,,0,0,0,0,0,0,0,0,0,0,0,1,0.00,1,,,,"[{'id': 'custom_field_23347', 'name': 'Sales Person'}, {'id': 'custom_field_23167', 'name': 'National ID'}, {'id': 'custom_field_23348', 'name': 'Sales Person(Agent/TL/RO)'}]",KE,FRIDAN,NDANU MUKULU,,6451812,Female,2,0790540053,fridanmukulu@gmail.com,21/08/1998,"-1.315558, 36.848549",Nairobi,Nairobi,,0717303291,,,66ba0896ce27d-8787029.jpeg,,,[97469],35692192,-,"[{'file_id': 6335760, 's3_link': 'https://loandisk-borrowers.s3.amazonaws.com/20240812023748239-8785899.pdf?response-content-disposition=attachment%3B%20filename%3D%2220240812023748239.pdf%22&X-Amz-Content-Sha256=UNSIGNED-PAYLOAD&X-Amz-Algorithm=AWS4-HMAC-SHA256&X-Amz-Credential=AKIAYUBLFC5TP3LJIQ5H%2F20251003%2Fus-east-1%2Fs3%2Faws4_request&X-Amz-Date=20251003T135126Z&X-Amz-SignedHeaders=host&X-Amz-Expires=28800&X-Amz-Signature=534b55b8f7ae5fc1fece31326d9d53bc002fb40b19d63501a7330dacd0efd57f', 'name': '20240812023748239.pdf'}, {'file_id': 6335761, 's3_link': 'https://loandisk-borrowers.s3.amazonaws.com/20240812023850654-8785900.pdf?response-content-disposition=attachment%3B%20filename%3D%2220240812023850654.pdf%22&X-Amz-Content-Sha256=UNSIGNED-PAYLOAD&X-Amz-Algorithm=AWS4-HMAC-SHA256&X-Amz-Credential=AKIAYUBLFC5TP3LJIQ5H%2F20251003%2Fus-east-1%2Fs3%2Faws4_request&X-Amz-Date=20251003T135126Z&X-Amz-SignedHeaders=host&X-Amz-Expires=28800&X-Amz-Signature=6c9d3131b58376bdadf1c55088f8214f40881ad97acc2e4ecd4cabe1d736b3b9', 'name': '20240812023850654.pdf'}]",https://loandisk-borrowers-photo-thumbnails.s3.amazonaws.com/66ba0896ce27d-8787029.jpeg?X-Amz-Content-Sha256=UNSIGNED-PAYLOAD&X-Amz-Algorithm=AWS4-HMAC-SHA256&X-Amz-Credential=AKIAYUBLFC5TP3LJIQ5H%2F20251003%2Fus-east-1%2Fs3%2Faws4_request&X-Amz-Date=20251003T135126Z&X-Amz-SignedHeaders=host&X-Amz-Expires=28800&X-Amz-Signature=fdfc46aff29a3201b321665dc76ecf6ff5017af99c851a2869cdc3949fa5fd3c,,Jared Omae,,8550
6866577,36800,5684830,58721,27996,250000.00,180000.00,23/08/2024,flat_rate,percentage,Month,4.0000,Months,18,3,18,0.00,round_off_to_two_decimal,,,,,,,,,,,,,,,,,,,,,,,,,,,,533965.75,181133.88,694.44,181828.32,69444.45000000001,50000.0,14744.689999999999,47639.18,133,138888.88,100000.0,29744.69,47639.18,[],316272.75,23/02/2026,217693.00,5,,0,,0,,0,,0,,0,,0,,0,,0,,0,,0,,0,distribute_fees_evenly,54000.00,0,0,0,0,0,0,0,0,0,0,0,0.00,1,,,,"[{'id': 'custom_field_23167', 'name': 'National ID'}, {'id': 'custom_field_23348', 'name': 'Sales Person(Agent/TL/RO)'}]",KE,jane,nyokabi kinyua,,6451817,Female,4,0757080505,janenyokabikinyua@yahoo.com,01/01/1967,,,,,,,,66c884c968d98-8898109.jpeg,,,[97469],9117471,Joab Simiyu,"[{'file_id': 6412211, 's3_link': 'https://loandisk-borrowers.s3.amazonaws.com/20240823040432207-8898100.pdf?response-content-disposition=attachment%3B%20filename%3D%2220240823040432207.pdf%22&X-Amz-Content-Sha256=UNSIGNED-PAYLOAD&X-Amz-Algorithm=AWS4-HMAC-SHA256&X-Amz-Credential=AKIAYUBLFC5TP3LJIQ5H%2F20251003%2Fus-east-1%2Fs3%2Faws4_request&X-Amz-Date=20251003T135126Z&X-Amz-SignedHeaders=host&X-Amz-Expires=28800&X-Amz-Signature=309d602980d1a5c162d83b3e5685903faaecfd7bd7ac16a206fc0964bd564595', 'name': '20240823040432207.pdf'}, {'file_id': 6412212, 's3_link': 'https://loandisk-borrowers.s3.amazonaws.com/kbk%20585vv-8898105.pdf?response-content-disposition=attachment%3B%20filename%3D%22kbk%2520585vv.pdf%22&X-Amz-Content-Sha256=UNSIGNED-PAYLOAD&X-Amz-Algorithm=AWS4-HMAC-SHA256&X-Amz-Credential=AKIAYUBLFC5TP3LJIQ5H%2F20251003%2Fus-east-1%2Fs3%2Faws4_request&X-Amz-Date=20251003T135126Z&X-Amz-SignedHeaders=host&X-Amz-Expires=28800&X-Amz-Signature=fcc1f5198e6b543abfaf171b087ca6551f9c0ce07c547daaa3ac118412d5622f', 'name': 'kbk 585vv.pdf'}, {'file_id': 8023797, 's3_link': 'https://loandisk-borrowers.s3.amazonaws.com/Jane%20Nyokabi%20Kiinyua-11265209.pdf?response-content-disposition=attachment%3B%20filename%3D%22Jane%2520Nyokabi%2520Kiinyua.pdf%22&X-Amz-Content-Sha256=UNSIGNED-PAYLOAD&X-Amz-Algorithm=AWS4-HMAC-SHA256&X-Amz-Credential=AKIAYUBLFC5TP3LJIQ5H%2F20251003%2Fus-east-1%2Fs3%2Faws4_request&X-Amz-Date=20251003T135126Z&X-Amz-SignedHeaders=host&X-Amz-Expires=28800&X-Amz-Signature=f409759e008d4549371c952c642b76c06b8463ea05827a608e813d25259eabac', 'name': 'Jane Nyokabi Kiinyua.pdf'}]",https://loandisk-borrowers-photo-thumbnails.s3.amazonaws.com/66c884c968d98-8898109.jpeg?X-Amz-Content-Sha256=UNSIGNED-PAYLOAD&X-Amz-Algorithm=AWS4-HMAC-SHA256&X-Amz-Credential=AKIAYUBLFC5TP3LJIQ5H%2F20251003%2Fus-east-1%2Fs3%2Faws4_request&X-Amz-Date=20251003T135126Z&X-Amz-SignedHeaders=host&X-Amz-Expires=28800&X-Amz-Signature=dd9509cade6692eb31334c33346b1afaaaf218bc72b5fe8b69d192aabb9e87df,"[{'file_id': 6412088, 's3_link': 'https://loandisk-loans.s3.amazonaws.com/20240823040432207-8897921.pdf?response-content-disposition=attachment%3B%20filename%3D%2220240823040432207.pdf%22&X-Amz-Content-Sha256=UNSIGNED-PAYLOAD&X-Amz-Algorithm=AWS4-HMAC-SHA256&X-Amz-Credential=AKIAYUBLFC5TP3LJIQ5H%2F20251003%2Fus-east-1%2Fs3%2Faws4_request&X-Amz-Date=20251003T135126Z&X-Amz-SignedHeaders=host&X-Amz-Expires=28800&X-Amz-Signature=f26628096ee0cc69571c1fc25b4b38c57000b906937c0a2bd6b86c84ea75cd36', 'name': '20240823040432207.pdf'}, {'file_id': 6412091, 's3_link': 'https://loandisk-loans.s3.amazonaws.com/kbk%20585vv-8897925.pdf?response-content-disposition=attachment%3B%20filename%3D%22kbk%2520585vv.pdf%22&X-Amz-Content-Sha256=UNSIGNED-PAYLOAD&X-Amz-Algorithm=AWS4-HMAC-SHA256&X-Amz-Credential=AKIAYUBLFC5TP3LJIQ5H%2F20251003%2Fus-east-1%2Fs3%2Faws4_request&X-Amz-Date=20251003T135126Z&X-Amz-SignedHeaders=host&X-Amz-Expires=28800&X-Amz-Signature=c95d72ca8dd5167c3a90c34e19e5a61218c1beaf9a2966112ebfc92bcdd15da6', 'name': 'kbk 585vv.pdf'}]",,,8550
6866592,36800,5684830,58722,27996,42462.00,8492.40,23/08/2024,flat_rate,percentage,Month,2.0000,Months,10,3,10,0.00,round_off_to_two_decimal,,,,,,,,,,,,,,,,,,,,,,,,,,,,96980.22,54508.22,0.0,54508.22,8492.4,1698.4799999999996,199.38,44117.96,133,8492.400000000001,1698.4799999999996,199.38,44117.96,[],54508.22,23/06/2025,42472.00,6,,0,,0,,0,distribute_fees_evenly,1000.00,,0,,0,,0,,0,,0,,0,,0,,0,0,0,0,0,0,0,0,0,0,0,0,0.00,1,,,,"[{'id': 'custom_field_23167', 'name': 'National ID'}, {'id': 'custom_field_23348', 'name': 'Sales Person(Agent/TL/RO)'}]",KE,jane,nyokabi kinyua,,6451817,Female,4,0757080505,janenyokabikinyua@yahoo.com,01/01/1967,,,,,,,,66c884c968d98-8898109.jpeg,,,[97469],9117471,Joab Simiyu,"[{'file_id': 6412211, 's3_link': 'https://loandisk-borrowers.s3.amazonaws.com/20240823040432207-8898100.pdf?response-content-disposition=attachment%3B%20filename%3D%2220240823040432207.pdf%22&X-Amz-Content-Sha256=UNSIGNED-PAYLOAD&X-Amz-Algorithm=AWS4-HMAC-SHA256&X-Amz-Credential=AKIAYUBLFC5TP3LJIQ5H%2F20251003%2Fus-east-1%2Fs3%2Faws4_request&X-Amz-Date=20251003T135127Z&X-Amz-SignedHeaders=host&X-Amz-Expires=28800&X-Amz-Signature=8d5ea4039930c6debd3a729cb8317c4646a50a717d9299da417a43222d9b1843', 'name': '20240823040432207.pdf'}, {'file_id': 6412212, 's3_link': 'https://loandisk-borrowers.s3.amazonaws.com/kbk%20585vv-8898105.pdf?response-content-disposition=attachment%3B%20filename%3D%22kbk%2520585vv.pdf%22&X-Amz-Content-Sha256=UNSIGNED-PAYLOAD&X-Amz-Algorithm=AWS4-HMAC-SHA256&X-Amz-Credential=AKIAYUBLFC5TP3LJIQ5H%2F20251003%2Fus-east-1%2Fs3%2Faws4_request&X-Amz-Date=20251003T135127Z&X-Amz-SignedHeaders=host&X-Amz-Expires=28800&X-Amz-Signature=3adaf1e363026a4eaf9959bed610ea42205bdc0fa899a9589cf45f23777c54d5', 'name': 'kbk 585vv.pdf'}, {'file_id': 8023797, 's3_link': 'https://loandisk-borrowers.s3.amazonaws.com/Jane%20Nyokabi%20Kiinyua-11265209.pdf?response-content-disposition=attachment%3B%20filename%3D%22Jane%2520Nyokabi%2520Kiinyua.pdf%22&X-Amz-Content-Sha256=UNSIGNED-PAYLOAD&X-Amz-Algorithm=AWS4-HMAC-SHA256&X-Amz-Credential=AKIAYUBLFC5TP3LJIQ5H%2F20251003%2Fus-east-1%2Fs3%2Faws4_request&X-Amz-Date=20251003T135127Z&X-Amz-SignedHeaders=host&X-Amz-Expires=28800&X-Amz-Signature=8c03895c480debe3f3979ec64ca8c3b3aafaa30492e8c28b643dc8187243a6c0', 'name': 'Jane Nyokabi Kiinyua.pdf'}]",https://loandisk-borrowers-photo-thumbnails.s3.amazonaws.com/66c884c968d98-8898109.jpeg?X-Amz-Content-Sha256=UNSIGNED-PAYLOAD&X-Amz-Algorithm=AWS4-HMAC-SHA256&X-Amz-Credential=AKIAYUBLFC5TP3LJIQ5H%2F20251003%2Fus-east-1%2Fs3%2Faws4_request&X-Amz-Date=20251003T135127Z&X-Amz-SignedHeaders=host&X-Amz-Expires=28800&X-Amz-Signature=f8c6c86431a952ff57848cf6a5820b89665b0daeab5fe83a84556a217ec34e46,,,,8550
7224459,36800,5840784,58991,27996,59871.00,11974.20,24/10/2024,flat_rate,percentage,Month,2.0000,Months,10,3,10,0.00,round_off_to_two_decimal,,,,,,,,,,,,,,,,,,,,,,,,,,,,103394.02,54535.02,0.0,54535.02,20154.54,3592.26,300.0,30488.22,132,20154.54,3592.26,300.0,30488.22,[],54535.02,24/08/2025,48859.00,6,,0,,0,,0,distribute_fees_evenly,1000.00,,0,,0,,0,,0,,0,,0,,0,,0,0,0,0,0,0,0,0,0,0,0,0,0.00,1,,,,"[{'id': 'custom_field_23167', 'name': 'National ID'}, {'id': 'custom_field_23348', 'name': 'Sales Person(Agent/TL/RO)'}]",KE,DOUGLAS,KARIUKI WACEKE,,6451835,Male,1,0722497216,dagshakes@yahoo.com,01/09/1987,,"Ruaka,Nairobi",Nairobi,,0722436247,,,,,,[97469],27230525,Edward Magero,"[{'file_id': 6728200, 's3_link': 'https://loandisk-borrowers.s3.amazonaws.com/20241011000453004-9360933.pdf?response-content-disposition=attachment%3B%20filename%3D%2220241011000453004.pdf%22&X-Amz-Content-Sha256=UNSIGNED-PAYLOAD&X-Amz-Algorithm=AWS4-HMAC-SHA256&X-Amz-Credential=AKIAYUBLFC5TP3LJIQ5H%2F20251003%2Fus-east-1%2Fs3%2Faws4_request&X-Amz-Date=20251003T135127Z&X-Amz-SignedHeaders=host&X-Amz-Expires=28800&X-Amz-Signature=ee61c109a4c4cda7c9eedfe1fd43fbbd8751e6826bd68856b589b5a8932b13b6', 'name': '20241011000453004.pdf'}, {'file_id': 6802408, 's3_link': 'https://loandisk-borrowers.s3.amazonaws.com/PHOENIX%20%282%29-9467098.pdf?response-content-disposition=attachment%3B%20filename%3D%22PHOENIX%2520%25282%2529.pdf%22&X-Amz-Content-Sha256=UNSIGNED-PAYLOAD&X-Amz-Algorithm=AWS4-HMAC-SHA256&X-Amz-Credential=AKIAYUBLFC5TP3LJIQ5H%2F20251003%2Fus-east-1%2Fs3%2Faws4_request&X-Amz-Date=20251003T135127Z&X-Amz-SignedHeaders=host&X-Amz-Expires=28800&X-Amz-Signature=b3a90011e6d6c85ac77f16ca0dfc62d6bb95b99a0be9ddc0f2a5c5a9e711c750', 'name': 'PHOENIX (2).pdf'}]",,,,,8550
7454313,253137,3142286,59167,27996,246979.65,0.00,28/08/2024,flat_rate,percentage,Month,0.0000,Months,1,3,1,0.00,round_off_to_two_decimal,,,,,,,,,,,,,,,,,,,,,,,,,,,,1148456.65,1138456.6500000001,0.0,1138456.6500000001,246979.65,0.0,0.0,891477.0,370,246979.65,0.0,0.0,891477.0,"[{'loan_id': 6768906}, {'loan_id': 6593013}, {'loan_id': 5073536}, {'loan_id': 4690474}, {'loan_id': 4329201}, {'loan_id': 4329185}, {'loan_id': 3985612}]",1138456.65,28/09/2024,10000.00,6,,0,,0,,0,,0,,0,,0,,0,,0,,0,,0,,0,,0,0,0,0,0,0,0,0,0,0,0,0,0.00,1,,,,"[{'id': 'custom_field_23347', 'name': 'Sales Person'}, {'id': 'custom_field_23167', 'name': 'National ID'}, {'id': 'custom_field_23348', 'name': 'Sales Person(Agent/TL/RO)'}]",KE,Joram,Ouma Ogola,,6451565,Male,1,0722975248,oumajoram2@gmail.com,01/01/1975,"Kariobangi,Kamunde Rd",Nairobi,Nairobi,,0721693976,,,63cab1fc81445-4419716.jpg,,,[97469],13388478,Edward Magero,"[{'file_id': 3352734, 's3_link': 'https://loandisk-borrowers.s3.amazonaws.com/20230120162251980-4419711.pdf?response-content-disposition=attachment%3B%20filename%3D%2220230120162251980.pdf%22&X-Amz-Content-Sha256=UNSIGNED-PAYLOAD&X-Amz-Algorithm=AWS4-HMAC-SHA256&X-Amz-Credential=AKIAYUBLFC5TP3LJIQ5H%2F20251003%2Fus-east-1%2Fs3%2Faws4_request&X-Amz-Date=20251003T135127Z&X-Amz-SignedHeaders=host&X-Amz-Expires=28800&X-Amz-Signature=4041bc45aaba042586858e514c95cab5167ef7a82c7bbef12150c3971692b645', 'name': '20230120162251980.pdf'}, {'file_id': 3352735, 's3_link': 'https://loandisk-borrowers.s3.amazonaws.com/20230120162151354-4419713.pdf?response-content-disposition=attachment%3B%20filename%3D%2220230120162151354.pdf%22&X-Amz-Content-Sha256=UNSIGNED-PAYLOAD&X-Amz-Algorithm=AWS4-HMAC-SHA256&X-Amz-Credential=AKIAYUBLFC5TP3LJIQ5H%2F20251003%2Fus-east-1%2Fs3%2Faws4_request&X-Amz-Date=20251003T135127Z&X-Amz-SignedHeaders=host&X-Amz-Expires=28800&X-Amz-Signature=29e2fc3f35b383ddb0c0e6387a8d3eb5310400060e85fda3aae17790c8a8d399', 'name': '20230120162151354.pdf'}, {'file_id': 3352736, 's3_link': 'https://loandisk-borrowers.s3.amazonaws.com/20230120162012500-4419715.pdf?response-content-disposition=attachment%3B%20filename%3D%2220230120162012500.pdf%22&X-Amz-Content-Sha256=UNSIGNED-PAYLOAD&X-Amz-Algorithm=AWS4-HMAC-SHA256&X-Amz-Credential=AKIAYUBLFC5TP3LJIQ5H%2F20251003%2Fus-east-1%2Fs3%2Faws4_request&X-Amz-Date=20251003T135127Z&X-Amz-SignedHeaders=host&X-Amz-Expires=28800&X-Amz-Signature=483d60ec35026891cdcd40d327cc5a851d782fbb5e8b51f9c9f1ef5355bf6df6', 'name': '20230120162012500.pdf'}, {'file_id': 8531097, 's3_link': 'https://loandisk-borrowers.s3.amazonaws.com/Jorum%20Ouma%20Ogola%20Logbook-12004779.pdf?response-content-disposition=attachment%3B%20filename%3D%22Jorum%2520Ouma%2520Ogola%2520Logbook.pdf%22&X-Amz-Content-Sha256=UNSIGNED-PAYLOAD&X-Amz-Algorithm=AWS4-HMAC-SHA256&X-Amz-Credential=AKIAYUBLFC5TP3LJIQ5H%2F20251003%2Fus-east-1%2Fs3%2Faws4_request&X-Amz-Date=20251003T135127Z&X-Amz-SignedHeaders=host&X-Amz-Expires=28800&X-Amz-Signature=10ba1b9cfe221412d4d995422b27e5e910af534092e77343fb7b2423b9f179d8', 'name': 'Jorum Ouma Ogola Logbook.pdf'}]",https://loandisk-borrowers-photo-thumbnails.s3.amazonaws.com/63cab1fc81445-4419716.jpg?X-Amz-Content-Sha256=UNSIGNED-PAYLOAD&X-Amz-Algorithm=AWS4-HMAC-SHA256&X-Amz-Credential=AKIAYUBLFC5TP3LJIQ5H%2F20251003%2Fus-east-1%2Fs3%2Faws4_request&X-Amz-Date=20251003T135127Z&X-Amz-SignedHeaders=host&X-Amz-Expires=28800&X-Amz-Signature=22262021e1421c0bb4372e1610357caeebed07b52eae5a8b8b1dfaa79837cfab,,Edward Magero,,8550
7456949,36800,3279806,59168,27996,1200000.00,144000.00,29/11/2024,flat_rate,percentage,Month,12.0000,Months,1,3,1,0.00,round_off_to_two_decimal,,,,,,,,,,,,,,,,,,,,,,,,,,,,1344000.00,494000.0,0.0,494000.0,494000.0,0.0,0.0,0.0,278,494000.0,0.0,0.0,0.0,"[{'loan_id': 7266265}, {'loan_id': 7115172}, {'loan_id': 6903039}]",494000.00,29/12/2024,850000.00,6,,0,,0,,0,,0,,0,,0,,0,,0,,0,,0,,0,,0,0,0,0,0,0,0,0,0,0,0,1,0.00,1,,,,"[{'id': 'custom_field_23347', 'name': 'Sales Person'}, {'id': 'custom_field_23167', 'name': 'National ID'}, {'id': 'custom_field_23348', 'name': 'Sales Person(Agent/TL/RO)'}]",KE,Emily,Mandala,Evisa Construction Company,6451578,Female,2,0722731690,evisaconstructions@gmail.com,16/08/1972,"Kilimani Estate,Rose Avenue Rd",Nairobi,Nairobi,,,,,63ef2e7c6c564-4618807.jpg,,,[97469],11200477,Edward Magero,"[{'file_id': 3491331, 's3_link': 'https://loandisk-borrowers.s3.amazonaws.com/20230217083604867-4618790.pdf?response-content-disposition=attachment%3B%20filename%3D%2220230217083604867.pdf%22&X-Amz-Content-Sha256=UNSIGNED-PAYLOAD&X-Amz-Algorithm=AWS4-HMAC-SHA256&X-Amz-Credential=AKIAYUBLFC5TP3LJIQ5H%2F20251003%2Fus-east-1%2Fs3%2Faws4_request&X-Amz-Date=20251003T135127Z&X-Amz-SignedHeaders=host&X-Amz-Expires=28800&X-Amz-Signature=eb7b8b6e80533e35f2b05052a522bc286da83eb1e5f75194453155fe3092369a', 'name': '20230217083604867.pdf'}, {'file_id': 3491332, 's3_link': 'https://loandisk-borrowers.s3.amazonaws.com/20230217083445547-4618795.pdf?response-content-disposition=attachment%3B%20filename%3D%2220230217083445547.pdf%22&X-Amz-Content-Sha256=UNSIGNED-PAYLOAD&X-Amz-Algorithm=AWS4-HMAC-SHA256&X-Amz-Credential=AKIAYUBLFC5TP3LJIQ5H%2F20251003%2Fus-east-1%2Fs3%2Faws4_request&X-Amz-Date=20251003T135127Z&X-Amz-SignedHeaders=host&X-Amz-Expires=28800&X-Amz-Signature=9b0336b1341227e23c713957eb78750c88f619433919f01c92d07c3f5bd9de4f', 'name': '20230217083445547.pdf'}]",https://loandisk-borrowers-photo-thumbnails.s3.amazonaws.com/63ef2e7c6c564-4618807.jpg?X-Amz-Content-Sha256=UNSIGNED-PAYLOAD&X-Amz-Algorithm=AWS4-HMAC-SHA256&X-Amz-Credential=AKIAYUBLFC5TP3LJIQ5H%2F20251003%2Fus-east-1%2Fs3%2Faws4_request&X-Amz-Date=20251003T135127Z&X-Amz-SignedHeaders=host&X-Amz-Expires=28800&X-Amz-Signature=0bc9a9d103ba30a25851d47c894274c70930e85475764e91748ed688329bc270,"[{'file_id': 7137520, 's3_link': 'https://loandisk-loans.s3.amazonaws.com/20241213000155224-9954099.pdf?response-content-disposition=attachment%3B%20filename%3D%2220241213000155224.pdf%22&X-Amz-Content-Sha256=UNSIGNED-PAYLOAD&X-Amz-Algorithm=AWS4-HMAC-SHA256&X-Amz-Credential=AKIAYUBLFC5TP3LJIQ5H%2F20251003%2Fus-east-1%2Fs3%2Faws4_request&X-Amz-Date=20251003T135127Z&X-Amz-SignedHeaders=host&X-Amz-Expires=28800&X-Amz-Signature=f611178b48c38b1680313d47209e679084c31de1abb547a780292ddbfa0583c9', 'name': '20241213000155224.pdf'}]",Brian,,8550
7456952,253137,3279806,59169,27996,1000000.00,100000.00,09/11/2024,flat_rate,percentage,Month,10.0000,Months,1,3,1,0.00,round_off_to_two_decimal,,,,,,,,,,,,,,,,,,,,,,,,,,,,1100000.00,500000.0,0.0,500000.0,500000.0,0.0,0.0,0.0,298,500000.0,0.0,0.0,0.0,"[{'loan_id': 7167800}, {'loan_id': 7057666}, {'loan_id': 6785177}]",500000.00,09/12/2024,600000.00,6,,0,,0,,0,,0,,0,,0,,0,,0,,0,,0,,0,,0,0,0,0,0,0,0,0,0,0,0,1,0.00,1,,,,"[{'id': 'custom_field_23347', 'name': 'Sales Person'}, {'id': 'custom_field_23167', 'name': 'National ID'}, {'id': 'custom_field_23348', 'name': 'Sales Person(Agent/TL/RO)'}]",KE,Emily,Mandala,Evisa Construction Company,6451578,Female,2,0722731690,evisaconstructions@gmail.com,16/08/1972,"Kilimani Estate,Rose Avenue Rd",Nairobi,Nairobi,,,,,63ef2e7c6c564-4618807.jpg,,,[97469],11200477,Edward Magero,"[{'file_id': 3491331, 's3_link': 'https://loandisk-borrowers.s3.amazonaws.com/20230217083604867-4618790.pdf?response-content-disposition=attachment%3B%20filename%3D%2220230217083604867.pdf%22&X-Amz-Content-Sha256=UNSIGNED-PAYLOAD&X-Amz-Algorithm=AWS4-HMAC-SHA256&X-Amz-Credential=AKIAYUBLFC5TP3LJIQ5H%2F20251003%2Fus-east-1%2Fs3%2Faws4_request&X-Amz-Date=20251003T135127Z&X-Amz-SignedHeaders=host&X-Amz-Expires=28800&X-Amz-Signature=eb7b8b6e80533e35f2b05052a522bc286da83eb1e5f75194453155fe3092369a', 'name': '20230217083604867.pdf'}, {'file_id': 3491332, 's3_link': 'https://loandisk-borrowers.s3.amazonaws.com/20230217083445547-4618795.pdf?response-content-disposition=attachment%3B%20filename%3D%2220230217083445547.pdf%22&X-Amz-Content-Sha256=UNSIGNED-PAYLOAD&X-Amz-Algorithm=AWS4-HMAC-SHA256&X-Amz-Credential=AKIAYUBLFC5TP3LJIQ5H%2F20251003%2Fus-east-1%2Fs3%2Faws4_request&X-Amz-Date=20251003T135127Z&X-Amz-SignedHeaders=host&X-Amz-Expires=28800&X-Amz-Signature=9b0336b1341227e23c713957eb78750c88f619433919f01c92d07c3f5bd9de4f', 'name': '20230217083445547.pdf'}]",https://loandisk-borrowers-photo-thumbnails.s3.amazonaws.com/63ef2e7c6c564-4618807.jpg?X-Amz-Content-Sha256=UNSIGNED-PAYLOAD&X-Amz-Algorithm=AWS4-HMAC-SHA256&X-Amz-Credential=AKIAYUBLFC5TP3LJIQ5H%2F20251003%2Fus-east-1%2Fs3%2Faws4_request&X-Amz-Date=20251003T135127Z&X-Amz-SignedHeaders=host&X-Amz-Expires=28800&X-Amz-Signature=0bc9a9d103ba30a25851d47c894274c70930e85475764e91748ed688329bc270,,Brian,,8550
7500624,253137,1903295,59206,27996,29000.00,3770.00,04/12/2024,flat_rate,percentage,Month,13.0000,Months,1,3,1,0.00,round_off_to_two_decimal,,,,,,,,,,,,,,,,,,,,,,,,,,,,110200.00,110200.0,0.0,110200.0,29000.0,3770.0,0.0,77430.0,272,29000.0,3770.0,0.0,77430.0,"[{'loan_id': 7454255}, {'loan_id': 7454233}, {'loan_id': 7002260}, {'loan_id': 6781685}, {'loan_id': 6648086}, {'loan_id': 6499753}, {'loan_id': 6306145}, {'loan_id': 6298011}, {'loan_id': 5996375}, {'loan_id': 5856101}, {'loan_id': 5664388}]",110200.00,04/01/2025,0.00,6,,0,,0,,0,,0,,0,,0,,0,,0,,0,,0,,0,,0,0,0,0,0,0,0,0,0,0,0,0,0.00,1,,,,"[{'id': 'custom_field_23347', 'name': 'Sales Person'}, {'id': 'custom_field_23167', 'name': 'National ID'}, {'id': 'custom_field_23348', 'name': 'Sales Person(Agent/TL/RO)'}]",KE,Jacinta,Awino Ogolla,,8621905,Female,2,0722530519,ogollajessy@gmail.com,28/03/1980,Imara Daima,Nairobi,Nairobi,,,,,,,,[97469],22664870,-julius kamau,"[{'file_id': 1996612, 's3_link': 'https://loandisk-borrowers.s3.amazonaws.com/img20220316_17190476-2584316.pdf?response-content-disposition=attachment%3B%20filename%3D%22img20220316_17190476.pdf%22&X-Amz-Content-Sha256=UNSIGNED-PAYLOAD&X-Amz-Algorithm=AWS4-HMAC-SHA256&X-Amz-Credential=AKIAYUBLFC5TP3LJIQ5H%2F20251003%2Fus-east-1%2Fs3%2Faws4_request&X-Amz-Date=20251003T135127Z&X-Amz-SignedHeaders=host&X-Amz-Expires=28800&X-Amz-Signature=216baaff7133c2d7974c21bd0fd4ea9fd2371e733082ec402b726f249999c406', 'name': 'img20220316_17190476.pdf'}]",,,Edward Magero,,8550
7571416,253137,731980,59266,27996,75490.00,0.00,12/10/2024,flat_rate,percentage,Month,0.0000,Months,1,3,1,0.00,round_off_to_two_decimal,,,,,,,,,,,,,,,,,,,,,,,,,,,,317058.00,303058.0,0.0,303058.0,75490.0,0.0,0.0,227568.0,325,75490.0,0.0,0.0,227568.0,"[{'loan_id': 7404953}, {'loan_id': 6813429}, {'loan_id': 6664150}, {'loan_id': 6507720}, {'loan_id': 6345438}, {'loan_id': 6182725}, {'loan_id': 6020582}, {'loan_id': 5858352}, {'loan_id': 5695861}]",303058.00,12/11/2024,14000.00,6,,0,,0,,0,,0,,0,,0,,0,,0,,0,,0,,0,,0,0,0,0,0,0,0,0,0,0,0,0,0.00,1,,,,"[{'id': 'custom_field_23347', 'name': 'Sales Person'}, {'id': 'custom_field_23167', 'name': 'National ID'}, {'id': 'custom_field_23348', 'name': 'Sales Person(Agent/TL/RO)'}]",KE,Alex,Otieno,Exotic Computech,24721890,Male,1,0724879156,alexotic05@yahoo.com,15/12/1985,9006,Nairobi,Githurai 45,00200,,Owner,,,,,[97469],24721890,-julius kamau,"[{'file_id': 89769, 's3_link': 'https://loandisk-borrowers.s3.amazonaws.com/001-96884.jpg?response-content-disposition=attachment%3B%20filename%3D%22001.jpg%22&X-Amz-Content-Sha256=UNSIGNED-PAYLOAD&X-Amz-Algorithm=AWS4-HMAC-SHA256&X-Amz-Credential=AKIAYUBLFC5TP3LJIQ5H%2F20251003%2Fus-east-1%2Fs3%2Faws4_request&X-Amz-Date=20251003T135127Z&X-Amz-SignedHeaders=host&X-Amz-Expires=28800&X-Amz-Signature=f263f6f7603cf04f4c5fc3eaa1b0e9e20d6657db8dbf0582c2368c8a32ac6d1e', 'name': '001.jpg'}, {'file_id': 1875888, 's3_link': 'https://loandisk-borrowers.s3.amazonaws.com/img20220218_09482619-2418608.pdf?response-content-disposition=attachment%3B%20filename%3D%22img20220218_09482619.pdf%22&X-Amz-Content-Sha256=UNSIGNED-PAYLOAD&X-Amz-Algorithm=AWS4-HMAC-SHA256&X-Amz-Credential=AKIAYUBLFC5TP3LJIQ5H%2F20251003%2Fus-east-1%2Fs3%2Faws4_request&X-Amz-Date=20251003T135127Z&X-Amz-SignedHeaders=host&X-Amz-Expires=28800&X-Amz-Signature=c06b6b364dd06e70554ac26b1b66ef5f875fcac8011cbf2b7ec97ccf6a949e53', 'name': 'img20220218_09482619.pdf'}]",,,Edward Magero,,8550
7587393,36800,5099769,59278,27996,200000.00,30000.00,19/12/2024,flat_rate,percentage,Month,15.0000,Months,1,3,1,0.00,round_off_to_two_decimal,,,,,,,,,,,,,,,,,,,,,,,,,,,,742000.00,542000.0,0.0,542000.0,200000.0,30000.0,0.0,312000.0,257,200000.0,30000.0,0.0,312000.0,"[{'loan_id': 7414935}, {'loan_id': 7247270}, {'loan_id': 7051043}, {'loan_id': 6838126}]",542000.00,19/01/2025,200000.00,6,,0,,0,,0,,0,,0,,0,,0,,0,,0,,0,,0,,0,0,0,0,0,0,0,0,0,0,0,0,0.00,1,,,,"[{'id': 'custom_field_23167', 'name': 'National ID'}, {'id': 'custom_field_23348', 'name': 'Sales Person(Agent/TL/RO)'}]",KE,Jackson,Muleke Anakadi,,6451755,Male,1,0723481008,anakadij@gmail.com,24/03/1971,Donholm,Nairobi,Nairobi,,0721340884,,,65d879a5ab1c1-7406074.jpeg,,,[97469],10884102,Edward Magero,"[{'file_id': 5362056, 's3_link': 'https://loandisk-borrowers.s3.amazonaws.com/JACKSON%20MULEKE20240223_13160725-7406034.pdf?response-content-disposition=attachment%3B%20filename%3D%22JACKSON%2520MULEKE20240223_13160725.pdf%22&X-Amz-Content-Sha256=UNSIGNED-PAYLOAD&X-Amz-Algorithm=AWS4-HMAC-SHA256&X-Amz-Credential=AKIAYUBLFC5TP3LJIQ5H%2F20251003%2Fus-east-1%2Fs3%2Faws4_request&X-Amz-Date=20251003T135128Z&X-Amz-SignedHeaders=host&X-Amz-Expires=28800&X-Amz-Signature=2b5973f4c984d6f5bf3a49b873399af9ee492bd13df190bd88eb18f5a26b3bd4', 'name': 'JACKSON MULEKE20240223_13160725.pdf'}, {'file_id': 5362057, 's3_link': 'https://loandisk-borrowers.s3.amazonaws.com/JACKSON%20MULEKE20240223_13160725-7406037.pdf?response-content-disposition=attachment%3B%20filename%3D%22JACKSON%2520MULEKE20240223_13160725.pdf%22&X-Amz-Content-Sha256=UNSIGNED-PAYLOAD&X-Amz-Algorithm=AWS4-HMAC-SHA256&X-Amz-Credential=AKIAYUBLFC5TP3LJIQ5H%2F20251003%2Fus-east-1%2Fs3%2Faws4_request&X-Amz-Date=20251003T135128Z&X-Amz-SignedHeaders=host&X-Amz-Expires=28800&X-Amz-Signature=c3ae378afacdef9137ba88970859df1235a13075fa6761b504d384b1762a12a7', 'name': 'JACKSON MULEKE20240223_13160725.pdf'}, {'file_id': 5362058, 's3_link': 'https://loandisk-borrowers.s3.amazonaws.com/JACKSON%20MULEKE20240223_13362799-7406038.pdf?response-content-disposition=attachment%3B%20filename%3D%22JACKSON%2520MULEKE20240223_13362799.pdf%22&X-Amz-Content-Sha256=UNSIGNED-PAYLOAD&X-Amz-Algorithm=AWS4-HMAC-SHA256&X-Amz-Credential=AKIAYUBLFC5TP3LJIQ5H%2F20251003%2Fus-east-1%2Fs3%2Faws4_request&X-Amz-Date=20251003T135128Z&X-Amz-SignedHeaders=host&X-Amz-Expires=28800&X-Amz-Signature=780c0b5b963f32708c5a85ae83f0fe84b8db01f48b57814c60d8addc2c50202e', 'name': 'JACKSON MULEKE20240223_13362799.pdf'}, {'file_id': 7360134, 's3_link': 'https://loandisk-borrowers.s3.amazonaws.com/20250124022039687-10280345.pdf?response-content-disposition=attachment%3B%20filename%3D%2220250124022039687.pdf%22&X-Amz-Content-Sha256=UNSIGNED-PAYLOAD&X-Amz-Algorithm=AWS4-HMAC-SHA256&X-Amz-Credential=AKIAYUBLFC5TP3LJIQ5H%2F20251003%2Fus-east-1%2Fs3%2Faws4_request&X-Amz-Date=20251003T135128Z&X-Amz-SignedHeaders=host&X-Amz-Expires=28800&X-Amz-Signature=8c9ce3b8acf47a8a6c9590ac508e291ee7c281299dae71af27fbd147e6985ba8', 'name': '20250124022039687.pdf'}]",https://loandisk-borrowers-photo-thumbnails.s3.amazonaws.com/65d879a5ab1c1-7406074.jpeg?X-Amz-Content-Sha256=UNSIGNED-PAYLOAD&X-Amz-Algorithm=AWS4-HMAC-SHA256&X-Amz-Credential=AKIAYUBLFC5TP3LJIQ5H%2F20251003%2Fus-east-1%2Fs3%2Faws4_request&X-Amz-Date=20251003T135128Z&X-Amz-SignedHeaders=host&X-Amz-Expires=28800&X-Amz-Signature=88d3d73b9f6330aef16f2ff637d553dba24ffaeeaf329b19be8b7e14e4a432bf,,,,8550
7658111,240139,6127466,59343,27999,28961.00,5790.00,09/01/2025,flat_rate,percentage,Month,2.0000,Months,10,3,10,0.00,round_off_to_integer,,0.0,0.0,0.0,,0.00,0.00,,0.00,0.0,charge_interest_normally,charge_principal_normally,0.00,0.0,0.0,0.0,0.0,0.0,,0.0,0.0000,0.0,,,0.0,0.0,,35751.00,21862.0,3575.0,25437.0,22042.0,2895.0,500.0,0.0,236,27835.0,4053.0,700.0,0.0,[],32588.00,09/11/2025,3163.00,5,,0,,0,,0,distribute_fees_evenly,1000.00,,0,,0,,0,,0,,0,,0,,0,,0,0,0,0,0,0,0,0,0,0,0,0,0.00,1,0.0,,,"[{'id': 'custom_field_23167', 'name': 'National ID'}, {'id': 'custom_field_23348', 'name': 'Sales Person(Agent/TL/RO)'}]",KE,JOSHUA,MAMBO KYALO,,6451872,Male,1,0757259146,johnkyalo917@gmail.com,20/08/2001,Machakos,Machakos,Eastern,,0710847326,,,6780f743e5f9e-10142841.jpeg,,,[97469],40280100,IRENE AWUOR,"[{'file_id': 7265148, 's3_link': 'https://loandisk-borrowers.s3.amazonaws.com/20250110012039544-10142829.pdf?response-content-disposition=attachment%3B%20filename%3D%2220250110012039544.pdf%22&X-Amz-Content-Sha256=UNSIGNED-PAYLOAD&X-Amz-Algorithm=AWS4-HMAC-SHA256&X-Amz-Credential=AKIAYUBLFC5TP3LJIQ5H%2F20251003%2Fus-east-1%2Fs3%2Faws4_request&X-Amz-Date=20251003T135128Z&X-Amz-SignedHeaders=host&X-Amz-Expires=28800&X-Amz-Signature=d6165291eaf7a99d4980ab8941321202afcda8f2242201fbc6504c53e3d6b293', 'name': '20250110012039544.pdf'}]",https://loandisk-borrowers-photo-thumbnails.s3.amazonaws.com/6780f743e5f9e-10142841.jpeg?X-Amz-Content-Sha256=UNSIGNED-PAYLOAD&X-Amz-Algorithm=AWS4-HMAC-SHA256&X-Amz-Credential=AKIAYUBLFC5TP3LJIQ5H%2F20251003%2Fus-east-1%2Fs3%2Faws4_request&X-Amz-Date=20251003T135128Z&X-Amz-SignedHeaders=host&X-Amz-Expires=28800&X-Amz-Signature=41f3d9b8c74a2601fa42c3cfdde1724bf3ef4fe31d1039b5c6d8425cf9b84495,,,,8550
7686381,253137,6139271,59363,27996,200000.00,30000.00,14/01/2025,flat_rate,percentage,Month,15.0000,Months,1,3,1,0.00,round_off_to_two_decimal,,,,,,,,,,,,,,,,,,,,,,,,,,,,451200.00,11200.0,0.0,11200.0,11200.0,0.0,0.0,0.0,142,11200.0,0.0,0.0,0.0,[],101200.00,14/02/2025,350000.00,6,,0,,0,,0,,0,,0,,0,,0,,0,,0,,0,,0,,0,0,0,0,0,0,0,0,0,0,0,1,90000.00,1,,,,"[{'id': 'custom_field_23347', 'name': 'Sales Person'}, {'id': 'custom_field_23167', 'name': 'National ID'}, {'id': 'custom_field_23348', 'name': 'Sales Person(Agent/TL/RO)'}]",KE,CAROL,WANGUI MUCHAI,,6451877,Female,3,0796678764,cmuchai60@gmail.com,09/12/1997,Riara Center,,,,0725503870,Employee,,678a49f40be2f-10210977.jpeg,,,[97469],34717020,Irene Awuor,"[{'file_id': 7317247, 's3_link': 'https://loandisk-borrowers.s3.amazonaws.com/20250118003737474_0001-10219043.jpg?response-content-disposition=attachment%3B%20filename%3D%2220250118003737474_0001.jpg%22&X-Amz-Content-Sha256=UNSIGNED-PAYLOAD&X-Amz-Algorithm=AWS4-HMAC-SHA256&X-Amz-Credential=AKIAYUBLFC5TP3LJIQ5H%2F20251003%2Fus-east-1%2Fs3%2Faws4_request&X-Amz-Date=20251003T135128Z&X-Amz-SignedHeaders=host&X-Amz-Expires=28800&X-Amz-Signature=0f0a8521019e74d4403be22e36ac1ea60324f213b5e3c3ac834b4bf72087f6a0', 'name': '20250118003737474_0001.jpg'}, {'file_id': 7317249, 's3_link': 'https://loandisk-borrowers.s3.amazonaws.com/20250118003620678-10219042.pdf?response-content-disposition=attachment%3B%20filename%3D%2220250118003620678.pdf%22&X-Amz-Content-Sha256=UNSIGNED-PAYLOAD&X-Amz-Algorithm=AWS4-HMAC-SHA256&X-Amz-Credential=AKIAYUBLFC5TP3LJIQ5H%2F20251003%2Fus-east-1%2Fs3%2Faws4_request&X-Amz-Date=20251003T135128Z&X-Amz-SignedHeaders=host&X-Amz-Expires=28800&X-Amz-Signature=d318393e14466138688bef9f0d8178db786249334ed89082364e7c52ff07c4ad', 'name': '20250118003620678.pdf'}]",https://loandisk-borrowers-photo-thumbnails.s3.amazonaws.com/678a49f40be2f-10210977.jpeg?X-Amz-Content-Sha256=UNSIGNED-PAYLOAD&X-Amz-Algorithm=AWS4-HMAC-SHA256&X-Amz-Credential=AKIAYUBLFC5TP3LJIQ5H%2F20251003%2Fus-east-1%2Fs3%2Faws4_request&X-Amz-Date=20251003T135128Z&X-Amz-SignedHeaders=host&X-Amz-Expires=28800&X-Amz-Signature=630691aafcf9cb605da846c7b412c764d09b9dcdca7c8847d4dec6aa7f00047e,"[{'file_id': 7317253, 's3_link': 'https://loandisk-loans.s3.amazonaws.com/20250118003620678-10219049.pdf?response-content-disposition=attachment%3B%20filename%3D%2220250118003620678.pdf%22&X-Amz-Content-Sha256=UNSIGNED-PAYLOAD&X-Amz-Algorithm=AWS4-HMAC-SHA256&X-Amz-Credential=AKIAYUBLFC5TP3LJIQ5H%2F20251003%2Fus-east-1%2Fs3%2Faws4_request&X-Amz-Date=20251003T135128Z&X-Amz-SignedHeaders=host&X-Amz-Expires=28800&X-Amz-Signature=18c144fc5d967a53e2d27dde74f8a30433c35f22c4c65a2ce4ca9f51a7c8771d', 'name': '20250118003620678.pdf'}]",Irene Awuor,,8550
7768068,36826,5385601,59439,27996,90000.00,20250.00,28/01/2025,flat_rate,percentage,Month,7.5000,Months,3,3,3,0.00,round_off_to_two_decimal,,,,,,,,,,,,,,,,,,,,,,,,,,,,177328.55,51928.54999999999,0.0,51928.54999999999,33243.79,0.0,0.0,18684.76,154,33243.79,0.0,0.0,18684.760000000002,[],51928.55,28/04/2025,125400.00,6,,0,,0,,0,,0,,0,,0,,0,,0,,0,,0,,0,distribute_fees_evenly,9000.00,0,0,0,0,0,0,0,0,0,0,0,0.00,1,,,,"[{'id': 'custom_field_23167', 'name': 'National ID'}, {'id': 'custom_field_23348', 'name': 'Sales Person(Agent/TL/RO)'}]",KE,Koki,Mukiti,,6451781,Female,2,0716510686,kokimukiti@yahoo.com,01/01/1965,"-1.063336, 37.129748,Thika Barracks",Nairobi,Nairobi,,0725749121,,,664b1b7ac982b-8040803.jpeg,,,[97469],4636290,Edward Magero,"[{'file_id': 5818461, 's3_link': 'https://loandisk-borrowers.s3.amazonaws.com/20240520013120856-8040796.pdf?response-content-disposition=attachment%3B%20filename%3D%2220240520013120856.pdf%22&X-Amz-Content-Sha256=UNSIGNED-PAYLOAD&X-Amz-Algorithm=AWS4-HMAC-SHA256&X-Amz-Credential=AKIAYUBLFC5TP3LJIQ5H%2F20251003%2Fus-east-1%2Fs3%2Faws4_request&X-Amz-Date=20251003T135128Z&X-Amz-SignedHeaders=host&X-Amz-Expires=28800&X-Amz-Signature=62b92d553e41ded683d6d6b4bf78e949da804edec24e607907ecda95df1d3cbf', 'name': '20240520013120856.pdf'}, {'file_id': 5818462, 's3_link': 'https://loandisk-borrowers.s3.amazonaws.com/20240520012641145-8040797.pdf?response-content-disposition=attachment%3B%20filename%3D%2220240520012641145.pdf%22&X-Amz-Content-Sha256=UNSIGNED-PAYLOAD&X-Amz-Algorithm=AWS4-HMAC-SHA256&X-Amz-Credential=AKIAYUBLFC5TP3LJIQ5H%2F20251003%2Fus-east-1%2Fs3%2Faws4_request&X-Amz-Date=20251003T135128Z&X-Amz-SignedHeaders=host&X-Amz-Expires=28800&X-Amz-Signature=7084a977e3b1564ab1d389570755997cd9fabff7f0ce647ee78321a7579c70b7', 'name': '20240520012641145.pdf'}, {'file_id': 7393587, 's3_link': 'https://loandisk-borrowers.s3.amazonaws.com/20250129003650286-10328622.pdf?response-content-disposition=attachment%3B%20filename%3D%2220250129003650286.pdf%22&X-Amz-Content-Sha256=UNSIGNED-PAYLOAD&X-Amz-Algorithm=AWS4-HMAC-SHA256&X-Amz-Credential=AKIAYUBLFC5TP3LJIQ5H%2F20251003%2Fus-east-1%2Fs3%2Faws4_request&X-Amz-Date=20251003T135128Z&X-Amz-SignedHeaders=host&X-Amz-Expires=28800&X-Amz-Signature=fe0f58239b826feb07a69e46c6e16865a87a9a77af77dad98118eb6f29fb0338', 'name': '20250129003650286.pdf'}]",https://loandisk-borrowers-photo-thumbnails.s3.amazonaws.com/664b1b7ac982b-8040803.jpeg?X-Amz-Content-Sha256=UNSIGNED-PAYLOAD&X-Amz-Algorithm=AWS4-HMAC-SHA256&X-Amz-Credential=AKIAYUBLFC5TP3LJIQ5H%2F20251003%2Fus-east-1%2Fs3%2Faws4_request&X-Amz-Date=20251003T135128Z&X-Amz-SignedHeaders=host&X-Amz-Expires=28800&X-Amz-Signature=9b0fb7b3fb2f4ac5c8ff3a0b37bf09ffecd261a3451edd1cacb9b8b51377befd,"[{'file_id': 7393585, 's3_link': 'https://loandisk-loans.s3.amazonaws.com/20250129003650286-10328620.pdf?response-content-disposition=attachment%3B%20filename%3D%2220250129003650286.pdf%22&X-Amz-Content-Sha256=UNSIGNED-PAYLOAD&X-Amz-Algorithm=AWS4-HMAC-SHA256&X-Amz-Credential=AKIAYUBLFC5TP3LJIQ5H%2F20251003%2Fus-east-1%2Fs3%2Faws4_request&X-Amz-Date=20251003T135128Z&X-Amz-SignedHeaders=host&X-Amz-Expires=28800&X-Amz-Signature=f88339d2515dd6c66e0d3f9981535bcccea73c5931004669bc6956ed6eb13768', 'name': '20250129003650286.pdf'}]",,,8550
7959562,253137,5033534,59610,27996,81793.32,49075.99,28/02/2025,flat_rate,percentage,Month,15.0000,Months,4,3,4,0.00,round_off_to_two_decimal,,,,,,,,,,,,,,,,,,,,,,,,,,,,242995.85,230725.85,0.0,230725.85,81793.32,42122.47,6000.0,100810.06,189,81793.32,42122.47,6000.0,100810.06,"[{'loan_id': 7906205}, {'loan_id': 7900871}, {'loan_id': 7494255}, {'loan_id': 7286948}, {'loan_id': 7113944}, {'loan_id': 6904409}, {'loan_id': 6818767}, {'loan_id': 6600018}, {'loan_id': 6433652}, {'loan_id': 6433351}, {'loan_id': 6134328}, {'loan_id': 6024075}, {'loan_id': 5786163}]",230725.85,28/06/2025,12270.00,6,,0,,0,,0,,0,,0,,0,,0,,0,,0,,0,,0,charge_fees_on_last_repayment,6000.00,0,0,0,0,0,0,0,0,0,0,0,0.00,1,,,,"[{'id': 'custom_field_23347', 'name': 'Sales Person'}, {'id': 'custom_field_23167', 'name': 'National ID'}, {'id': 'custom_field_23348', 'name': 'Sales Person(Agent/TL/RO)'}]",KE,Martin,Munyanya,,6451747,Male,1,0720675880,mrtmunyanya@gmail.com,25/12/1981,"Roysambu,Lumumba Drive",Nairobi,Nairobi,,0759650781,,,65bb9f2623949-7247122.jpeg,,,[97469],22498376,Edward Magero,"[{'file_id': 5246176, 's3_link': 'https://loandisk-borrowers.s3.amazonaws.com/MARTIN%20MUNYANYA20240201_16274058-7247120.pdf?response-content-disposition=attachment%3B%20filename%3D%22MARTIN%2520MUNYANYA20240201_16274058.pdf%22&X-Amz-Content-Sha256=UNSIGNED-PAYLOAD&X-Amz-Algorithm=AWS4-HMAC-SHA256&X-Amz-Credential=AKIAYUBLFC5TP3LJIQ5H%2F20251003%2Fus-east-1%2Fs3%2Faws4_request&X-Amz-Date=20251003T135128Z&X-Amz-SignedHeaders=host&X-Amz-Expires=28800&X-Amz-Signature=21de960fa6b231a8cee726dc3935b8c05d312c84702b1fd51edd33b4c0e40655', 'name': 'MARTIN MUNYANYA20240201_16274058.pdf'}, {'file_id': 5246177, 's3_link': 'https://loandisk-borrowers.s3.amazonaws.com/MARTIN%20MUNYANYA20240201_16150314-7247121.pdf?response-content-disposition=attachment%3B%20filename%3D%22MARTIN%2520MUNYANYA20240201_16150314.pdf%22&X-Amz-Content-Sha256=UNSIGNED-PAYLOAD&X-Amz-Algorithm=AWS4-HMAC-SHA256&X-Amz-Credential=AKIAYUBLFC5TP3LJIQ5H%2F20251003%2Fus-east-1%2Fs3%2Faws4_request&X-Amz-Date=20251003T135128Z&X-Amz-SignedHeaders=host&X-Amz-Expires=28800&X-Amz-Signature=26fc592c90224d454ebfcdc28cbbd03d54543a506131923dffd94d8ad78e1172', 'name': 'MARTIN MUNYANYA20240201_16150314.pdf'}]",https://loandisk-borrowers-photo-thumbnails.s3.amazonaws.com/65bb9f2623949-7247122.jpeg?X-Amz-Content-Sha256=UNSIGNED-PAYLOAD&X-Amz-Algorithm=AWS4-HMAC-SHA256&X-Amz-Credential=AKIAYUBLFC5TP3LJIQ5H%2F20251003%2Fus-east-1%2Fs3%2Faws4_request&X-Amz-Date=20251003T135128Z&X-Amz-SignedHeaders=host&X-Amz-Expires=28800&X-Amz-Signature=f1bf8080933e24a99a32cc75975c99382575fae9b0c62db4dbad6f38fb50bb44,,Edward Magero,,8550
8093121,253137,4668509,59734,27996,500000.00,75000.00,19/03/2025,flat_rate,percentage,Month,15.0000,Months,1,3,1,0.00,round_off_to_two_decimal,,,,,,,,,,,,,,,,,,,,,,,,,,,,1385000.00,1385000.0,0.0,1385000.0,500000.0,75000.0,0.0,810000.0,167,500000.0,75000.0,0.0,810000.0,"[{'loan_id': 7919259}, {'loan_id': 7745572}, {'loan_id': 7678648}, {'loan_id': 7416438}, {'loan_id': 7199650}]",1385000.00,19/04/2025,0.00,6,,0,,0,,0,,0,,0,,0,,0,,0,,0,,0,,0,,0,0,0,0,0,0,0,0,0,0,0,0,0.00,1,,,,"[{'id': 'custom_field_23347', 'name': 'Sales Person'}, {'id': 'custom_field_23167', 'name': 'National ID'}, {'id': 'custom_field_23348', 'name': 'Sales Person(Agent/TL/RO)'}]",KE,Opondo,Isaac Ochieng,,6451678,Male,1,0722960163,isaac@agriline.co.ke,05/08/1979,Kilimani,Nairobi,Nairobi,,0722279158,,,65200dcabfad3-6460448.jpeg,,,[97469],22011254,Edward,"[{'file_id': 4702255, 's3_link': 'https://loandisk-borrowers.s3.amazonaws.com/20231006085604163-6460445.pdf?response-content-disposition=attachment%3B%20filename%3D%2220231006085604163.pdf%22&X-Amz-Content-Sha256=UNSIGNED-PAYLOAD&X-Amz-Algorithm=AWS4-HMAC-SHA256&X-Amz-Credential=AKIAYUBLFC5TP3LJIQ5H%2F20251003%2Fus-east-1%2Fs3%2Faws4_request&X-Amz-Date=20251003T135128Z&X-Amz-SignedHeaders=host&X-Amz-Expires=28800&X-Amz-Signature=1cda1b42b219f4bd15410e1778443f627e59d8eff6d1cd5002b16d3c00e133ad', 'name': '20231006085604163.pdf'}, {'file_id': 4702256, 's3_link': 'https://loandisk-borrowers.s3.amazonaws.com/20231006085438269-6460446.pdf?response-content-disposition=attachment%3B%20filename%3D%2220231006085438269.pdf%22&X-Amz-Content-Sha256=UNSIGNED-PAYLOAD&X-Amz-Algorithm=AWS4-HMAC-SHA256&X-Amz-Credential=AKIAYUBLFC5TP3LJIQ5H%2F20251003%2Fus-east-1%2Fs3%2Faws4_request&X-Amz-Date=20251003T135128Z&X-Amz-SignedHeaders=host&X-Amz-Expires=28800&X-Amz-Signature=d45a0e02b97f45c210043025d4c00b0421353453378c51a3a226219055004e25', 'name': '20231006085438269.pdf'}, {'file_id': 4702257, 's3_link': 'https://loandisk-borrowers.s3.amazonaws.com/20231006085218982-6460447.pdf?response-content-disposition=attachment%3B%20filename%3D%2220231006085218982.pdf%22&X-Amz-Content-Sha256=UNSIGNED-PAYLOAD&X-Amz-Algorithm=AWS4-HMAC-SHA256&X-Amz-Credential=AKIAYUBLFC5TP3LJIQ5H%2F20251003%2Fus-east-1%2Fs3%2Faws4_request&X-Amz-Date=20251003T135128Z&X-Amz-SignedHeaders=host&X-Amz-Expires=28800&X-Amz-Signature=9bdeb80116c3999d335fb847f8f6bee4e474c86d8a689d8852d137b158622a24', 'name': '20231006085218982.pdf'}]",https://loandisk-borrowers-photo-thumbnails.s3.amazonaws.com/65200dcabfad3-6460448.jpeg?X-Amz-Content-Sha256=UNSIGNED-PAYLOAD&X-Amz-Algorithm=AWS4-HMAC-SHA256&X-Amz-Credential=AKIAYUBLFC5TP3LJIQ5H%2F20251003%2Fus-east-1%2Fs3%2Faws4_request&X-Amz-Date=20251003T135128Z&X-Amz-SignedHeaders=host&X-Amz-Expires=28800&X-Amz-Signature=6a0d4191102d877b634e80ba149070893148e087df4dcb9330e8f65f1840261d,,Edward Magero,,8550
8239917,240139,6348953,59839,27999,32176.00,6440.00,11/04/2025,flat_rate,percentage,Month,2.0000,Months,10,3,10,0.00,round_off_to_integer,,0.0,0.0,0.0,,0.00,0.00,,0.00,0.0,charge_interest_normally,charge_principal_normally,0.00,0.0,0.0,0.0,0.0,0.0,,0.0,0.0000,0.0,,,0.0,0.0,,39616.00,10308.0,3962.0,14270.0,12038.0,1932.0,300.0,0.0,114,28124.0,5152.0,800.0,0.0,[],34076.00,11/02/2026,5540.00,5,,0,,0,,0,distribute_fees_evenly,1000.00,,0,,0,,0,,0,,0,,0,,0,,0,0,0,0,0,0,0,0,0,0,0,0,0.00,1,0.0,,,"[{'id': 'custom_field_23347', 'name': 'Sales Person'}, {'id': 'custom_field_23167', 'name': 'National ID'}, {'id': 'custom_field_23348', 'name': 'Sales Person(Agent/TL/RO)'}]",KE,ALI,MAALIM YAKUB,,6451898,Male,1,0729733663,alimaalim1977ke@gmail.com,01/01/1977,"30120 -1.487015, 36.957815",,,00100,0716226991,,,67ee9ae756392-10999810.jpeg,,,[97469],22536572,George Barasa,"[{'file_id': 7857046, 's3_link': 'https://loandisk-borrowers.s3.amazonaws.com/ALI%20MAALIM%20YAKUB-11020169.pdf?response-content-disposition=attachment%3B%20filename%3D%22ALI%2520MAALIM%2520YAKUB.pdf%22&X-Amz-Content-Sha256=UNSIGNED-PAYLOAD&X-Amz-Algorithm=AWS4-HMAC-SHA256&X-Amz-Credential=AKIAYUBLFC5TP3LJIQ5H%2F20251003%2Fus-east-1%2Fs3%2Faws4_request&X-Amz-Date=20251003T135128Z&X-Amz-SignedHeaders=host&X-Amz-Expires=28800&X-Amz-Signature=e4e51dbbad0ea717a746ad87e428a25877f224ef5849b447429c1031b233eb62', 'name': 'ALI MAALIM YAKUB.pdf'}]",https://loandisk-borrowers-photo-thumbnails.s3.amazonaws.com/67ee9ae756392-10999810.jpeg?X-Amz-Content-Sha256=UNSIGNED-PAYLOAD&X-Amz-Algorithm=AWS4-HMAC-SHA256&X-Amz-Credential=AKIAYUBLFC5TP3LJIQ5H%2F20251003%2Fus-east-1%2Fs3%2Faws4_request&X-Amz-Date=20251003T135128Z&X-Amz-SignedHeaders=host&X-Amz-Expires=28800&X-Amz-Signature=981afba01f8e0b398e08191923c56db63dec07c53b9d135aaad04b8a7a4af126,,George Barasa,,8550
8337378,36826,6437882,59919,27999,60000.00,14400.00,30/04/2025,flat_rate,percentage,Month,4.0000,Months,6,3,6,0.00,round_off_to_two_decimal,,,,,,,,,,,,,,,,,,,,,,,,,,,,75100.00,11478.0,100.0,11578.0,10000.0,1378.0,0.0,200.0,3,20000.0,3778.0,0.0,200.0,[],23978.00,30/10/2025,51122.00,16,,0,,0,,0,,0,,0,,0,,0,,0,,0,,0,,0,,0,0,0,0,0,0,0,0,0,0,0,0,0.00,1,,,,"[{'id': 'custom_field_23347', 'name': 'Sales Person'}, {'id': 'custom_field_23167', 'name': 'National ID'}, {'id': 'custom_field_23348', 'name': 'Sales Person(Agent/TL/RO)'}]",KE,Leonard,Muchangi Njeru,,6451911,Male,1,0721422304,ijahlem42@gmail.com,22/08/1985,,Nairobi,Nairobi,,0724167616,Owner,,6811bd612a421-11237401.jpeg,,,[72709],24073784,George Barasa,"[{'file_id': 8020225, 's3_link': 'https://loandisk-borrowers.s3.amazonaws.com/LEONARD%20MUCHANGI%20NJERU-11260403.pdf?response-content-disposition=attachment%3B%20filename%3D%22LEONARD%2520MUCHANGI%2520NJERU.pdf%22&X-Amz-Content-Sha256=UNSIGNED-PAYLOAD&X-Amz-Algorithm=AWS4-HMAC-SHA256&X-Amz-Credential=AKIAYUBLFC5TP3LJIQ5H%2F20251003%2Fus-east-1%2Fs3%2Faws4_request&X-Amz-Date=20251003T135128Z&X-Amz-SignedHeaders=host&X-Amz-Expires=28800&X-Amz-Signature=1dff7c109fa48b85643e6b4538f211111e95ff6fe209479374e74cb56f30f75e', 'name': 'LEONARD MUCHANGI NJERU.pdf'}, {'file_id': 8023710, 's3_link': 'https://loandisk-borrowers.s3.amazonaws.com/Leonard%20Muchangi%20Njeru-11265098.pdf?response-content-disposition=attachment%3B%20filename%3D%22Leonard%2520Muchangi%2520Njeru.pdf%22&X-Amz-Content-Sha256=UNSIGNED-PAYLOAD&X-Amz-Algorithm=AWS4-HMAC-SHA256&X-Amz-Credential=AKIAYUBLFC5TP3LJIQ5H%2F20251003%2Fus-east-1%2Fs3%2Faws4_request&X-Amz-Date=20251003T135128Z&X-Amz-SignedHeaders=host&X-Amz-Expires=28800&X-Amz-Signature=5cbea2782d775f748c20231885f8c935ea8561e6cd95bbc2e0922e181c9babcd', 'name': 'Leonard Muchangi Njeru.pdf'}, {'file_id': 8540122, 's3_link': 'https://loandisk-borrowers.s3.amazonaws.com/Leonard%20Muchangi%20Njeru-12017433.pdf?response-content-disposition=attachment%3B%20filename%3D%22Leonard%2520Muchangi%2520Njeru.pdf%22&X-Amz-Content-Sha256=UNSIGNED-PAYLOAD&X-Amz-Algorithm=AWS4-HMAC-SHA256&X-Amz-Credential=AKIAYUBLFC5TP3LJIQ5H%2F20251003%2Fus-east-1%2Fs3%2Faws4_request&X-Amz-Date=20251003T135128Z&X-Amz-SignedHeaders=host&X-Amz-Expires=28800&X-Amz-Signature=e8a434aa249d145ba5f1fcabbc549d077516c5c6bebfce0b0d9e7387cde8bff1', 'name': 'Leonard Muchangi Njeru.pdf'}, {'file_id': 8818818, 's3_link': 'https://loandisk-borrowers.s3.amazonaws.com/Leonard%20Muchangi%20Njeru-12420864.pdf?response-content-disposition=attachment%3B%20filename%3D%22Leonard%2520Muchangi%2520Njeru.pdf%22&X-Amz-Content-Sha256=UNSIGNED-PAYLOAD&X-Amz-Algorithm=AWS4-HMAC-SHA256&X-Amz-Credential=AKIAYUBLFC5TP3LJIQ5H%2F20251003%2Fus-east-1%2Fs3%2Faws4_request&X-Amz-Date=20251003T135129Z&X-Amz-SignedHeaders=host&X-Amz-Expires=28800&X-Amz-Signature=44f673db846a09c3729cf2b1759353b607fde662d0f45b17672ccebc32354d53', 'name': 'Leonard Muchangi Njeru.pdf'}, {'file_id': 8840738, 's3_link': 'https://loandisk-borrowers.s3.amazonaws.com/Leonard%20Muchangi%20Njeru-12452646.pdf?response-content-disposition=attachment%3B%20filename%3D%22Leonard%2520Muchangi%2520Njeru.pdf%22&X-Amz-Content-Sha256=UNSIGNED-PAYLOAD&X-Amz-Algorithm=AWS4-HMAC-SHA256&X-Amz-Credential=AKIAYUBLFC5TP3LJIQ5H%2F20251003%2Fus-east-1%2Fs3%2Faws4_request&X-Amz-Date=20251003T135129Z&X-Amz-SignedHeaders=host&X-Amz-Expires=28800&X-Amz-Signature=86e382a06b0bc6735897dffc626493e72be09ad7cd2b9defff19e45a0b5ad3d3', 'name': 'Leonard Muchangi Njeru.pdf'}, {'file_id': 9083751, 's3_link': 'https://loandisk-borrowers.s3.amazonaws.com/Leonard%20Muchangi%20NJERU-12809564.pdf?response-content-disposition=attachment%3B%20filename%3D%22Leonard%2520Muchangi%2520NJERU.pdf%22&X-Amz-Content-Sha256=UNSIGNED-PAYLOAD&X-Amz-Algorithm=AWS4-HMAC-SHA256&X-Amz-Credential=AKIAYUBLFC5TP3LJIQ5H%2F20251003%2Fus-east-1%2Fs3%2Faws4_request&X-Amz-Date=20251003T135129Z&X-Amz-SignedHeaders=host&X-Amz-Expires=28800&X-Amz-Signature=124c2d06492dbfa8c5cafaef534b61a3b8a04bff12833b9c4fea55d627b1ae8b', 'name': 'Leonard Muchangi NJERU.pdf'}, {'file_id': 9083825, 's3_link': 'https://loandisk-borrowers.s3.amazonaws.com/lEONARD%20Muchangi-12809654.pdf?response-content-disposition=attachment%3B%20filename%3D%22lEONARD%2520Muchangi.pdf%22&X-Amz-Content-Sha256=UNSIGNED-PAYLOAD&X-Amz-Algorithm=AWS4-HMAC-SHA256&X-Amz-Credential=AKIAYUBLFC5TP3LJIQ5H%2F20251003%2Fus-east-1%2Fs3%2Faws4_request&X-Amz-Date=20251003T135129Z&X-Amz-SignedHeaders=host&X-Amz-Expires=28800&X-Amz-Signature=4c26bea31260faeafca62f0e2353cd7969114f101631966b1bd21fb02efa95e9', 'name': 'lEONARD Muchangi.pdf'}]",https://loandisk-borrowers-photo-thumbnails.s3.amazonaws.com/6811bd612a421-11237401.jpeg?X-Amz-Content-Sha256=UNSIGNED-PAYLOAD&X-Amz-Algorithm=AWS4-HMAC-SHA256&X-Amz-Credential=AKIAYUBLFC5TP3LJIQ5H%2F20251003%2Fus-east-1%2Fs3%2Faws4_request&X-Amz-Date=20251003T135129Z&X-Amz-SignedHeaders=host&X-Amz-Expires=28800&X-Amz-Signature=46f43dcb691c2f034eaa94e64aeafa44f7a87341f31fc5f0b841ad341a5dffae,"[{'file_id': 8023709, 's3_link': 'https://loandisk-loans.s3.amazonaws.com/Leonard%20Muchangi%20Njeru-11265095.pdf?response-content-disposition=attachment%3B%20filename%3D%22Leonard%2520Muchangi%2520Njeru.pdf%22&X-Amz-Content-Sha256=UNSIGNED-PAYLOAD&X-Amz-Algorithm=AWS4-HMAC-SHA256&X-Amz-Credential=AKIAYUBLFC5TP3LJIQ5H%2F20251003%2Fus-east-1%2Fs3%2Faws4_request&X-Amz-Date=20251003T135128Z&X-Amz-SignedHeaders=host&X-Amz-Expires=28800&X-Amz-Signature=5ee00846f4a63b0b7d630f216d7f5f0e92bf064e68f59762f8dd387f733092fb', 'name': 'Leonard Muchangi Njeru.pdf'}]",Nelly Mukiri,,8550
8338113,253137,5684830,59920,27996,80000.00,12000.00,30/04/2025,flat_rate,percentage,Month,15.0000,Months,1,3,1,0.00,round_off_to_two_decimal,,,,,,,,,,,,,,,,,,,,,,,,,,,,188800.00,188800.0,0.0,188800.0,80000.0,12000.0,0.0,96800.0,126,80000.0,12000.0,0.0,96800.0,[],188800.00,30/05/2025,0.00,6,,0,,0,,0,,0,,0,,0,,0,,0,,0,,0,,0,,0,0,0,0,0,0,0,0,0,0,0,0,0.00,1,,,,"[{'id': 'custom_field_23347', 'name': 'Sales Person'}, {'id': 'custom_field_23167', 'name': 'National ID'}, {'id': 'custom_field_23348', 'name': 'Sales Person(Agent/TL/RO)'}]",KE,jane,nyokabi kinyua,,6451817,Female,4,0757080505,janenyokabikinyua@yahoo.com,01/01/1967,,,,,,,,66c884c968d98-8898109.jpeg,,,[97469],9117471,Joab Simiyu,"[{'file_id': 6412211, 's3_link': 'https://loandisk-borrowers.s3.amazonaws.com/20240823040432207-8898100.pdf?response-content-disposition=attachment%3B%20filename%3D%2220240823040432207.pdf%22&X-Amz-Content-Sha256=UNSIGNED-PAYLOAD&X-Amz-Algorithm=AWS4-HMAC-SHA256&X-Amz-Credential=AKIAYUBLFC5TP3LJIQ5H%2F20251003%2Fus-east-1%2Fs3%2Faws4_request&X-Amz-Date=20251003T135129Z&X-Amz-SignedHeaders=host&X-Amz-Expires=28800&X-Amz-Signature=dc18c93f4f19c5d944999dd9e3b9a83989698fcffb8357046b49f824fcb25c83', 'name': '20240823040432207.pdf'}, {'file_id': 6412212, 's3_link': 'https://loandisk-borrowers.s3.amazonaws.com/kbk%20585vv-8898105.pdf?response-content-disposition=attachment%3B%20filename%3D%22kbk%2520585vv.pdf%22&X-Amz-Content-Sha256=UNSIGNED-PAYLOAD&X-Amz-Algorithm=AWS4-HMAC-SHA256&X-Amz-Credential=AKIAYUBLFC5TP3LJIQ5H%2F20251003%2Fus-east-1%2Fs3%2Faws4_request&X-Amz-Date=20251003T135129Z&X-Amz-SignedHeaders=host&X-Amz-Expires=28800&X-Amz-Signature=cc3fd9a79df4a23697c0d2732401456abd5b57ab76d01c32047013c2027fd1fe', 'name': 'kbk 585vv.pdf'}, {'file_id': 8023797, 's3_link': 'https://loandisk-borrowers.s3.amazonaws.com/Jane%20Nyokabi%20Kiinyua-11265209.pdf?response-content-disposition=attachment%3B%20filename%3D%22Jane%2520Nyokabi%2520Kiinyua.pdf%22&X-Amz-Content-Sha256=UNSIGNED-PAYLOAD&X-Amz-Algorithm=AWS4-HMAC-SHA256&X-Amz-Credential=AKIAYUBLFC5TP3LJIQ5H%2F20251003%2Fus-east-1%2Fs3%2Faws4_request&X-Amz-Date=20251003T135129Z&X-Amz-SignedHeaders=host&X-Amz-Expires=28800&X-Amz-Signature=c23197a4089fad5610b34b3b09470f1282ccd6ec0cc28d643b8692679135f7d1', 'name': 'Jane Nyokabi Kiinyua.pdf'}]",https://loandisk-borrowers-photo-thumbnails.s3.amazonaws.com/66c884c968d98-8898109.jpeg?X-Amz-Content-Sha256=UNSIGNED-PAYLOAD&X-Amz-Algorithm=AWS4-HMAC-SHA256&X-Amz-Credential=AKIAYUBLFC5TP3LJIQ5H%2F20251003%2Fus-east-1%2Fs3%2Faws4_request&X-Amz-Date=20251003T135129Z&X-Amz-SignedHeaders=host&X-Amz-Expires=28800&X-Amz-Signature=8b51502b163353a52c37a1e8de2de466a4514e0ee981207758d049050de6cb01,"[{'file_id': 8023794, 's3_link': 'https://loandisk-loans.s3.amazonaws.com/Jane%20Nyokabi%20Kiinyua-11265206.pdf?response-content-disposition=attachment%3B%20filename%3D%22Jane%2520Nyokabi%2520Kiinyua.pdf%22&X-Amz-Content-Sha256=UNSIGNED-PAYLOAD&X-Amz-Algorithm=AWS4-HMAC-SHA256&X-Amz-Credential=AKIAYUBLFC5TP3LJIQ5H%2F20251003%2Fus-east-1%2Fs3%2Faws4_request&X-Amz-Date=20251003T135129Z&X-Amz-SignedHeaders=host&X-Amz-Expires=28800&X-Amz-Signature=68986e4bf9dd6797119638d31b7c742eec3436894d163cf316253a24d772298d', 'name': 'Jane Nyokabi Kiinyua.pdf'}]",Joab Simiyu,,8550
8339939,36826,6440605,59923,27999,200000.00,96000.00,30/04/2025,flat_rate,percentage,Month,4.0000,Months,12,3,12,0.00,round_off_to_two_decimal,,,,,,,,,,,,,,,,,,,,,,,,,,,,333170.16,27601.839999999997,166.67,27768.509999999995,16666.670000000013,8000.0,2768.5,333.3399999999999,3,133333.32,64000.0,23768.5,333.34000000000003,[],221435.16,30/04/2026,111735.00,16,,0,,0,,0,,0,,0,,0,,0,,0,,0,,0,,0,distribute_fees_evenly,36000.00,0,0,0,0,0,0,0,0,0,0,0,0.00,1,,,,"[{'id': 'custom_field_23347', 'name': 'Sales Person'}, {'id': 'custom_field_23167', 'name': 'National ID'}, {'id': 'custom_field_23348', 'name': 'Sales Person(Agent/TL/RO)'}]",KE,CHARLES,KAGIRI GICHUNGU,,6451912,Male,1,0716800440,kagirigichungu@gmail.com,30/06/1987,64123,KIAMBU,,00620,0722487669,Employee,,,,,[99851],24986584,Irene Awuor,"[{'file_id': 8023719, 's3_link': 'https://loandisk-borrowers.s3.amazonaws.com/Charles%20Kagiri%20Gichungu-11265106.jpg?response-content-disposition=attachment%3B%20filename%3D%22Charles%2520Kagiri%2520Gichungu.jpg%22&X-Amz-Content-Sha256=UNSIGNED-PAYLOAD&X-Amz-Algorithm=AWS4-HMAC-SHA256&X-Amz-Credential=AKIAYUBLFC5TP3LJIQ5H%2F20251003%2Fus-east-1%2Fs3%2Faws4_request&X-Amz-Date=20251003T135129Z&X-Amz-SignedHeaders=host&X-Amz-Expires=28800&X-Amz-Signature=394ff85507b060c55b2a3c11c89a4a091b2b9ac07aada5958653f1060932c421', 'name': 'Charles Kagiri Gichungu.jpg'}, {'file_id': 8023720, 's3_link': 'https://loandisk-borrowers.s3.amazonaws.com/Charles%20Kagiri%20Gichungu-11265107.pdf?response-content-disposition=attachment%3B%20filename%3D%22Charles%2520Kagiri%2520Gichungu.pdf%22&X-Amz-Content-Sha256=UNSIGNED-PAYLOAD&X-Amz-Algorithm=AWS4-HMAC-SHA256&X-Amz-Credential=AKIAYUBLFC5TP3LJIQ5H%2F20251003%2Fus-east-1%2Fs3%2Faws4_request&X-Amz-Date=20251003T135129Z&X-Amz-SignedHeaders=host&X-Amz-Expires=28800&X-Amz-Signature=f273d43525c1346752282b735ee38b2a710084e7fde3435987fed95569e1eb8c', 'name': 'Charles Kagiri Gichungu.pdf'}, {'file_id': 8941433, 's3_link': 'https://loandisk-borrowers.s3.amazonaws.com/Charles%20Kagiri-12602606.pdf?response-content-disposition=attachment%3B%20filename%3D%22Charles%2520Kagiri.pdf%22&X-Amz-Content-Sha256=UNSIGNED-PAYLOAD&X-Amz-Algorithm=AWS4-HMAC-SHA256&X-Amz-Credential=AKIAYUBLFC5TP3LJIQ5H%2F20251003%2Fus-east-1%2Fs3%2Faws4_request&X-Amz-Date=20251003T135129Z&X-Amz-SignedHeaders=host&X-Amz-Expires=28800&X-Amz-Signature=f18553f302815806ca28614481a3ce59c4b0d3d552bcfbaf061133395a0e3647', 'name': 'Charles Kagiri.pdf'}]",,"[{'file_id': 8023731, 's3_link': 'https://loandisk-loans.s3.amazonaws.com/Charles%20Kagiri%20Gichungu-11265117.jpg?response-content-disposition=attachment%3B%20filename%3D%22Charles%2520Kagiri%2520Gichungu.jpg%22&X-Amz-Content-Sha256=UNSIGNED-PAYLOAD&X-Amz-Algorithm=AWS4-HMAC-SHA256&X-Amz-Credential=AKIAYUBLFC5TP3LJIQ5H%2F20251003%2Fus-east-1%2Fs3%2Faws4_request&X-Amz-Date=20251003T135129Z&X-Amz-SignedHeaders=host&X-Amz-Expires=28800&X-Amz-Signature=f51c3ebd3b43eb346e6ea2cc06fc409e4a531548a27355213dd1aa4ee7817f54', 'name': 'Charles Kagiri Gichungu.jpg'}, {'file_id': 8023732, 's3_link': 'https://loandisk-loans.s3.amazonaws.com/Charles%20Kagiri%20Gichungu-11265118.pdf?response-content-disposition=attachment%3B%20filename%3D%22Charles%2520Kagiri%2520Gichungu.pdf%22&X-Amz-Content-Sha256=UNSIGNED-PAYLOAD&X-Amz-Algorithm=AWS4-HMAC-SHA256&X-Amz-Credential=AKIAYUBLFC5TP3LJIQ5H%2F20251003%2Fus-east-1%2Fs3%2Faws4_request&X-Amz-Date=20251003T135129Z&X-Amz-SignedHeaders=host&X-Amz-Expires=28800&X-Amz-Signature=655f803f546a6fb2728e6f42c334c1b8b07a7dbf4bbebfcf73baaef706a103e5', 'name': 'Charles Kagiri Gichungu.pdf'}]",Irene Awuor,,8550
8448892,253137,3974401,60019,27996,258147.93,38722.19,15/04/2025,flat_rate,percentage,Month,15.0000,Months,1,3,1,0.00,round_off_to_two_decimal,,,,,,,,,,,,,,,,,,,,,,,,,,,,647951.40,647951.4,0.0,647951.4,258147.93,38722.19,0.0,351081.27999999997,141,258147.93,38722.19,0.0,351081.28,"[{'loan_id': 8083199}, {'loan_id': 7952051}, {'loan_id': 7697198}, {'loan_id': 7561514}, {'loan_id': 7358152}]",647951.40,15/05/2025,0.00,6,,0,,0,,0,,0,,0,,0,,0,,0,,0,,0,,0,,0,0,0,0,0,0,0,0,0,0,0,0,0.00,1,,,,"[{'id': 'custom_field_23347', 'name': 'Sales Person'}, {'id': 'custom_field_23167', 'name': 'National ID'}, {'id': 'custom_field_23348', 'name': 'Sales Person(Agent/TL/RO)'}]",KE,Dennis,Mwenda Kaburu,,6451617,Male,1,0724834292,denniskaburu2016@yahoo.com,01/01/1982,"Morning Side Estate,USIU Rd",Nairobi,Nairobi,,0720872233,,,6481b31246258-5492783.jpg,,,[97469],23643993,Joab Simiyu,"[{'file_id': 4064810, 's3_link': 'https://loandisk-borrowers.s3.amazonaws.com/20230608121703850-5492778.pdf?response-content-disposition=attachment%3B%20filename%3D%2220230608121703850.pdf%22&X-Amz-Content-Sha256=UNSIGNED-PAYLOAD&X-Amz-Algorithm=AWS4-HMAC-SHA256&X-Amz-Credential=AKIAYUBLFC5TP3LJIQ5H%2F20251003%2Fus-east-1%2Fs3%2Faws4_request&X-Amz-Date=20251003T135129Z&X-Amz-SignedHeaders=host&X-Amz-Expires=28800&X-Amz-Signature=b6034de2ccbf9600db61892dff810cc05e6270a703c32c5040e4699c95973a97', 'name': '20230608121703850.pdf'}, {'file_id': 4064811, 's3_link': 'https://loandisk-borrowers.s3.amazonaws.com/20230608121805285-5492781.pdf?response-content-disposition=attachment%3B%20filename%3D%2220230608121805285.pdf%22&X-Amz-Content-Sha256=UNSIGNED-PAYLOAD&X-Amz-Algorithm=AWS4-HMAC-SHA256&X-Amz-Credential=AKIAYUBLFC5TP3LJIQ5H%2F20251003%2Fus-east-1%2Fs3%2Faws4_request&X-Amz-Date=20251003T135129Z&X-Amz-SignedHeaders=host&X-Amz-Expires=28800&X-Amz-Signature=87477e9a8e3d7aa69f603f5ad9a6613d1254f903fbe2b9ecbb2459b4eb36909b', 'name': '20230608121805285.pdf'}, {'file_id': 4064816, 's3_link': 'https://loandisk-borrowers.s3.amazonaws.com/20230608121908944-5492785.pdf?response-content-disposition=attachment%3B%20filename%3D%2220230608121908944.pdf%22&X-Amz-Content-Sha256=UNSIGNED-PAYLOAD&X-Amz-Algorithm=AWS4-HMAC-SHA256&X-Amz-Credential=AKIAYUBLFC5TP3LJIQ5H%2F20251003%2Fus-east-1%2Fs3%2Faws4_request&X-Amz-Date=20251003T135129Z&X-Amz-SignedHeaders=host&X-Amz-Expires=28800&X-Amz-Signature=b0dccbd79f462fb786fce5ca2ffb2498b5df62018dd5229a7d15897e28c37b0b', 'name': '20230608121908944.pdf'}, {'file_id': 8295389, 's3_link': 'https://loandisk-borrowers.s3.amazonaws.com/dennis%20kaburu%20%2C%2Cinstructions-11662958.pdf?response-content-disposition=attachment%3B%20filename%3D%22dennis%2520kaburu%2520%252C%252Cinstructions.pdf%22&X-Amz-Content-Sha256=UNSIGNED-PAYLOAD&X-Amz-Algorithm=AWS4-HMAC-SHA256&X-Amz-Credential=AKIAYUBLFC5TP3LJIQ5H%2F20251003%2Fus-east-1%2Fs3%2Faws4_request&X-Amz-Date=20251003T135129Z&X-Amz-SignedHeaders=host&X-Amz-Expires=28800&X-Amz-Signature=6daba1c12d27e8ace3a5c02773ae4bf54bd7783b92089e78f526b33ca3873acb', 'name': 'dennis kaburu ,,instructions.pdf'}]",https://loandisk-borrowers-photo-thumbnails.s3.amazonaws.com/6481b31246258-5492783.jpg?X-Amz-Content-Sha256=UNSIGNED-PAYLOAD&X-Amz-Algorithm=AWS4-HMAC-SHA256&X-Amz-Credential=AKIAYUBLFC5TP3LJIQ5H%2F20251003%2Fus-east-1%2Fs3%2Faws4_request&X-Amz-Date=20251003T135129Z&X-Amz-SignedHeaders=host&X-Amz-Expires=28800&X-Amz-Signature=f53d84a453775ac325462e334ed6e30dd34d560cbdae43c0e480caa18a466f37,,Edward Magero,,8550
8487420,253137,6493639,60047,27996,200000.00,30000.00,24/05/2025,flat_rate,percentage,Month,15.0000,Months,1,3,1,0.00,round_off_to_two_decimal,,,,,,,,,,,,,,,,,,,,,,,,,,,,298000.00,25000.0,0.0,25000.0,25000.0,0.0,0.0,0.0,101,25000.0,0.0,0.0,0.0,[],93000.00,24/06/2025,205000.00,6,,0,,0,,0,,0,,0,,0,,0,,0,,0,,0,,0,,0,0,0,0,0,0,0,0,0,0,0,1,68000.00,1,,,,"[{'id': 'custom_field_23347', 'name': 'Sales Person'}, {'id': 'custom_field_23167', 'name': 'National ID'}, {'id': 'custom_field_23348', 'name': 'Sales Person(Agent/TL/RO)'}]",KE,KENNEDY,MARIAS KAMBUSU,,6451923,Male,1,0724569549,kennedykambusu@gmail.com,05/01/1987,,Nairobi,Nairobi,,0718199221,Owner,,,,,[97469],26766913,Irene Awuor,"[{'file_id': 8279487, 's3_link': 'https://loandisk-borrowers.s3.amazonaws.com/Marias%20%282%29-11641426.pdf?response-content-disposition=attachment%3B%20filename%3D%22Marias%2520%25282%2529.pdf%22&X-Amz-Content-Sha256=UNSIGNED-PAYLOAD&X-Amz-Algorithm=AWS4-HMAC-SHA256&X-Amz-Credential=AKIAYUBLFC5TP3LJIQ5H%2F20251003%2Fus-east-1%2Fs3%2Faws4_request&X-Amz-Date=20251003T135129Z&X-Amz-SignedHeaders=host&X-Amz-Expires=28800&X-Amz-Signature=e6bcade0a01c8e0da11e15dd15c87c21c463bad67c78803496c2e7d4522f8303', 'name': 'Marias (2).pdf'}, {'file_id': 8279488, 's3_link': 'https://loandisk-borrowers.s3.amazonaws.com/marias-11641428.pdf?response-content-disposition=attachment%3B%20filename%3D%22marias.pdf%22&X-Amz-Content-Sha256=UNSIGNED-PAYLOAD&X-Amz-Algorithm=AWS4-HMAC-SHA256&X-Amz-Credential=AKIAYUBLFC5TP3LJIQ5H%2F20251003%2Fus-east-1%2Fs3%2Faws4_request&X-Amz-Date=20251003T135129Z&X-Amz-SignedHeaders=host&X-Amz-Expires=28800&X-Amz-Signature=073cb0653afac08da82e796b2968811a55ac36e14592d3f0fd107ef1fa7bf7a2', 'name': 'marias.pdf'}, {'file_id': 8279489, 's3_link': 'https://loandisk-borrowers.s3.amazonaws.com/Marias%20kambusu-11641427.pdf?response-content-disposition=attachment%3B%20filename%3D%22Marias%2520kambusu.pdf%22&X-Amz-Content-Sha256=UNSIGNED-PAYLOAD&X-Amz-Algorithm=AWS4-HMAC-SHA256&X-Amz-Credential=AKIAYUBLFC5TP3LJIQ5H%2F20251003%2Fus-east-1%2Fs3%2Faws4_request&X-Amz-Date=20251003T135129Z&X-Amz-SignedHeaders=host&X-Amz-Expires=28800&X-Amz-Signature=d52d151cec151f0a39cad0dbc7bb663dd93d45802e063229de2f1fa8110a7f48', 'name': 'Marias kambusu.pdf'}]",,,Irene Awuor,,8550
8517347,240139,5406635,60074,27999,58537.00,1171.00,27/05/2025,flat_rate,percentage,Month,2.0000,Months,10,3,10,0.00,round_off_to_integer,,0.0,0.0,0.0,,0.00,0.00,,0.00,0.0,charge_interest_normally,charge_principal_normally,0.00,0.0,0.0,0.0,0.0,0.0,,0.0,0.0000,0.0,,,0.0,0.0,,59808.00,59808.0,0.0,59808.0,58537.0,1171.0,100.0,0.0,98,58537.0,1171.0,100.0,0.0,[],59808.00,27/06/2025,0.00,6,,0,,0,,0,distribute_fees_evenly,1000.00,,0,,0,,0,,0,,0,,0,,0,,0,0,0,0,0,0,0,0,0,0,0,0,0.00,1,0.0,,,"[{'id': 'custom_field_23347', 'name': 'Sales Person'}, {'id': 'custom_field_23167', 'name': 'National ID'}, {'id': 'custom_field_23348', 'name': 'Sales Person(Agent/TL/RO)'}]",KE,Zidi,Mbwana Yusuf,,6451784,,0,0715088662,zidiyusuf15@yahoo.com,04/03/1986,"-1.279343, 36.879757,Buruburu",Nairobi,Nairobi,,0727610819,,,665061555347c-8077167.jpg,,,[97469],24669628,Irene Awuor,"[{'file_id': 5845128, 's3_link': 'https://loandisk-borrowers.s3.amazonaws.com/20240524013026554-8077112.pdf?response-content-disposition=attachment%3B%20filename%3D%2220240524013026554.pdf%22&X-Amz-Content-Sha256=UNSIGNED-PAYLOAD&X-Amz-Algorithm=AWS4-HMAC-SHA256&X-Amz-Credential=AKIAYUBLFC5TP3LJIQ5H%2F20251003%2Fus-east-1%2Fs3%2Faws4_request&X-Amz-Date=20251003T135129Z&X-Amz-SignedHeaders=host&X-Amz-Expires=28800&X-Amz-Signature=4c7b74d6de15642a770a69f1b86892570ecbeb73ea458ceca63bd3d8d490a697', 'name': '20240524013026554.pdf'}, {'file_id': 5845129, 's3_link': 'https://loandisk-borrowers.s3.amazonaws.com/20240524012916616-8077114.pdf?response-content-disposition=attachment%3B%20filename%3D%2220240524012916616.pdf%22&X-Amz-Content-Sha256=UNSIGNED-PAYLOAD&X-Amz-Algorithm=AWS4-HMAC-SHA256&X-Amz-Credential=AKIAYUBLFC5TP3LJIQ5H%2F20251003%2Fus-east-1%2Fs3%2Faws4_request&X-Amz-Date=20251003T135129Z&X-Amz-SignedHeaders=host&X-Amz-Expires=28800&X-Amz-Signature=3b507462b84fffebdaaca5675ef59f26ae640e31b3060bcc02c84d47764b235f', 'name': '20240524012916616.pdf'}]",https://loandisk-borrowers-photo-thumbnails.s3.amazonaws.com/665061555347c-8077167.jpg?X-Amz-Content-Sha256=UNSIGNED-PAYLOAD&X-Amz-Algorithm=AWS4-HMAC-SHA256&X-Amz-Credential=AKIAYUBLFC5TP3LJIQ5H%2F20251003%2Fus-east-1%2Fs3%2Faws4_request&X-Amz-Date=20251003T135129Z&X-Amz-SignedHeaders=host&X-Amz-Expires=28800&X-Amz-Signature=1c028e531a090bbe2d1c630c299298b7c75a6d3d34ea698cf4a024363a2cbe05,,Edward Magero,,8550
8563526,36826,6523485,60112,27996,700000.00,672000.00,05/06/2025,flat_rate,percentage,Month,4.0000,Months,24,3,24,0.00,round_off_to_two_decimal,,,,,,,,,,,,,,,,,,,,,,,,,,,,1461129.63,55965.97,291.67,56257.64,29166.67,19215.879999999997,0.0,7875.089999999998,28,641666.66,607215.88,63000.0,7875.09,[],1319757.63,05/06/2027,141372.00,16,,0,,0,,0,,0,,0,,0,,0,,0,,0,,0,,0,distribute_fees_evenly,72000.00,0,0,0,0,0,0,0,0,0,0,0,0.00,1,,,,"[{'id': 'custom_field_23347', 'name': 'Sales Person'}, {'id': 'custom_field_23167', 'name': 'National ID'}, {'id': 'custom_field_23348', 'name': 'Sales Person(Agent/TL/RO)'}]",KE,ALEX JUMA,KISUYA,,6451934,Male,1,0719817143,kisuyajuma@gmail.com,18/03/1988,101,,BUNGOMA,50202,0707771711,,,6847c96868382-11646397.jpeg,,,[23914],27022654,George Barasa,"[{'file_id': 8283140, 's3_link': 'https://loandisk-borrowers.s3.amazonaws.com/Alex%20Juma%20Kisuya-11646261.pdf?response-content-disposition=attachment%3B%20filename%3D%22Alex%2520Juma%2520Kisuya.pdf%22&X-Amz-Content-Sha256=UNSIGNED-PAYLOAD&X-Amz-Algorithm=AWS4-HMAC-SHA256&X-Amz-Credential=AKIAYUBLFC5TP3LJIQ5H%2F20251003%2Fus-east-1%2Fs3%2Faws4_request&X-Amz-Date=20251003T135129Z&X-Amz-SignedHeaders=host&X-Amz-Expires=28800&X-Amz-Signature=4f90b0070de07eb9b85e2dd429fae1e7a6da25e6dd3a344c43fc4c26219eac79', 'name': 'Alex Juma Kisuya.pdf'}]",https://loandisk-borrowers-photo-thumbnails.s3.amazonaws.com/6847c96868382-11646397.jpeg?X-Amz-Content-Sha256=UNSIGNED-PAYLOAD&X-Amz-Algorithm=AWS4-HMAC-SHA256&X-Amz-Credential=AKIAYUBLFC5TP3LJIQ5H%2F20251003%2Fus-east-1%2Fs3%2Faws4_request&X-Amz-Date=20251003T135129Z&X-Amz-SignedHeaders=host&X-Amz-Expires=28800&X-Amz-Signature=865ba8d657a0ec41839614e32da96d1672c4a18a85ab7fd240bf0b3b9ef45aa9,"[{'file_id': 8759561, 's3_link': 'https://loandisk-loans.s3.amazonaws.com/Alex%20Juma%20Kisuya%20%281%29-12337829.pdf?response-content-disposition=attachment%3B%20filename%3D%22Alex%2520Juma%2520Kisuya%2520%25281%2529.pdf%22&X-Amz-Content-Sha256=UNSIGNED-PAYLOAD&X-Amz-Algorithm=AWS4-HMAC-SHA256&X-Amz-Credential=AKIAYUBLFC5TP3LJIQ5H%2F20251003%2Fus-east-1%2Fs3%2Faws4_request&X-Amz-Date=20251003T135129Z&X-Amz-SignedHeaders=host&X-Amz-Expires=28800&X-Amz-Signature=ae0874b3bb505d3f5b1c8cff1d318c4b94561635fb21e4d4ca9888ee014a0932', 'name': 'Alex Juma Kisuya (1).pdf'}]",George Barasa,,8550
8563537,240139,6523485,60113,27999,65525.00,13110.00,05/06/2025,flat_rate,percentage,Month,2.0000,Months,10,3,10,0.00,round_off_to_integer,,0.0,0.0,0.0,,0.00,0.00,,0.00,0.0,charge_interest_normally,charge_principal_normally,0.00,0.0,0.0,0.0,0.0,0.0,,0.0,0.0000,0.0,,,0.0,0.0,,79635.00,0.0,7964.0,7964.0,6553.0,1311.0,100.0,0.0,28,52419.0,10488.0,800.0,0.0,[],63707.00,05/04/2026,15928.00,5,,0,,0,,0,distribute_fees_evenly,1000.00,,0,,0,,0,,0,,0,,0,,0,,0,0,0,0,0,0,0,0,0,0,0,0,0.00,1,0.0,,,"[{'id': 'custom_field_23347', 'name': 'Sales Person'}, {'id': 'custom_field_23167', 'name': 'National ID'}, {'id': 'custom_field_23348', 'name': 'Sales Person(Agent/TL/RO)'}]",KE,ALEX JUMA,KISUYA,,6451934,Male,1,0719817143,kisuyajuma@gmail.com,18/03/1988,101,,BUNGOMA,50202,0707771711,,,6847c96868382-11646397.jpeg,,,[23914],27022654,George Barasa,"[{'file_id': 8283140, 's3_link': 'https://loandisk-borrowers.s3.amazonaws.com/Alex%20Juma%20Kisuya-11646261.pdf?response-content-disposition=attachment%3B%20filename%3D%22Alex%2520Juma%2520Kisuya.pdf%22&X-Amz-Content-Sha256=UNSIGNED-PAYLOAD&X-Amz-Algorithm=AWS4-HMAC-SHA256&X-Amz-Credential=AKIAYUBLFC5TP3LJIQ5H%2F20251003%2Fus-east-1%2Fs3%2Faws4_request&X-Amz-Date=20251003T135130Z&X-Amz-SignedHeaders=host&X-Amz-Expires=28800&X-Amz-Signature=3441f1839877ce5e8436bf6d76d8a061df409018d7fa1c7cbda577fc9d36de17', 'name': 'Alex Juma Kisuya.pdf'}]",https://loandisk-borrowers-photo-thumbnails.s3.amazonaws.com/6847c96868382-11646397.jpeg?X-Amz-Content-Sha256=UNSIGNED-PAYLOAD&X-Amz-Algorithm=AWS4-HMAC-SHA256&X-Amz-Credential=AKIAYUBLFC5TP3LJIQ5H%2F20251003%2Fus-east-1%2Fs3%2Faws4_request&X-Amz-Date=20251003T135130Z&X-Amz-SignedHeaders=host&X-Amz-Expires=28800&X-Amz-Signature=b7a86ea587cc0ca0aff631a2fd8877c8a0bdb28a239cfef1aad39bd82c9e90e3,,George Barasa,,8550
8595245,253137,6537054,60135,27996,100000.00,15000.00,11/06/2025,flat_rate,percentage,Month,15.0000,Months,1,3,1,0.00,round_off_to_two_decimal,,,,,,,,,,,,,,,,,,,,,,,,,,,,259644.00,259644.0,0.0,259644.0,100000.0,15000.0,65644.0,79000.0,84,100000.0,15000.0,65644.0,79000.0,[],259644.00,11/07/2025,0.00,6,,0,,0,,0,,0,,0,,0,,0,,0,,0,,0,,0,,0,0,0,0,0,0,0,0,0,0,0,0,0.00,1,,,,"[{'id': 'custom_field_23347', 'name': 'Sales Person'}, {'id': 'custom_field_23167', 'name': 'National ID'}, {'id': 'custom_field_23348', 'name': 'Sales Person(Agent/TL/RO)'}]",KE,REUBEN,MBOCHE MAGU,,6451938,Male,1,0742646917,mbochereuben87@gmail.com,05/05/1987,70049,,Nairobi,00400,0720251903,,,,,,[72709],25984232,Jackline Akinyi,"[{'file_id': 8355957, 's3_link': 'https://loandisk-borrowers.s3.amazonaws.com/Offer%20letter%20Rueben%20Magu-11747565.pdf?response-content-disposition=attachment%3B%20filename%3D%22Offer%2520letter%2520Rueben%2520Magu.pdf%22&X-Amz-Content-Sha256=UNSIGNED-PAYLOAD&X-Amz-Algorithm=AWS4-HMAC-SHA256&X-Amz-Credential=AKIAYUBLFC5TP3LJIQ5H%2F20251003%2Fus-east-1%2Fs3%2Faws4_request&X-Amz-Date=20251003T135130Z&X-Amz-SignedHeaders=host&X-Amz-Expires=28800&X-Amz-Signature=459d8975dbaa03fc062b66a18571a98e42bad9deb8d13238a499fd7b6ad57c69', 'name': 'Offer letter Rueben Magu.pdf'}, {'file_id': 8355958, 's3_link': 'https://loandisk-borrowers.s3.amazonaws.com/Loan%20form%20Rueben%20Magu-11747566.pdf?response-content-disposition=attachment%3B%20filename%3D%22Loan%2520form%2520Rueben%2520Magu.pdf%22&X-Amz-Content-Sha256=UNSIGNED-PAYLOAD&X-Amz-Algorithm=AWS4-HMAC-SHA256&X-Amz-Credential=AKIAYUBLFC5TP3LJIQ5H%2F20251003%2Fus-east-1%2Fs3%2Faws4_request&X-Amz-Date=20251003T135130Z&X-Amz-SignedHeaders=host&X-Amz-Expires=28800&X-Amz-Signature=4a16c60713007a2fb78e071e686498bf75372cac477826006f4a9ba0689699bf', 'name': 'Loan form Rueben Magu.pdf'}, {'file_id': 8611831, 's3_link': 'https://loandisk-borrowers.s3.amazonaws.com/Reuben%20Mboche-12118719.pdf?response-content-disposition=attachment%3B%20filename%3D%22Reuben%2520Mboche.pdf%22&X-Amz-Content-Sha256=UNSIGNED-PAYLOAD&X-Amz-Algorithm=AWS4-HMAC-SHA256&X-Amz-Credential=AKIAYUBLFC5TP3LJIQ5H%2F20251003%2Fus-east-1%2Fs3%2Faws4_request&X-Amz-Date=20251003T135130Z&X-Amz-SignedHeaders=host&X-Amz-Expires=28800&X-Amz-Signature=fdef35f42361696751fa2857561f55f1a159a4708cf705b67541953b76b01cf4', 'name': 'Reuben Mboche.pdf'}, {'file_id': 8611844, 's3_link': 'https://loandisk-borrowers.s3.amazonaws.com/Reuben%20Mboche-12118735.pdf?response-content-disposition=attachment%3B%20filename%3D%22Reuben%2520Mboche.pdf%22&X-Amz-Content-Sha256=UNSIGNED-PAYLOAD&X-Amz-Algorithm=AWS4-HMAC-SHA256&X-Amz-Credential=AKIAYUBLFC5TP3LJIQ5H%2F20251003%2Fus-east-1%2Fs3%2Faws4_request&X-Amz-Date=20251003T135130Z&X-Amz-SignedHeaders=host&X-Amz-Expires=28800&X-Amz-Signature=88e0e1ee78094046ba811fd1b37aafbaa75bfe3a6d9e1a81d5f3134a2fcc84b4', 'name': 'Reuben Mboche.pdf'}]",,,Jackline Akinyi,,8550
8601346,253137,733219,60144,27996,85000.00,12750.00,11/06/2025,flat_rate,percentage,Month,15.0000,Months,1,3,1,0.00,round_off_to_two_decimal,,,,,,,,,,,,,,,,,,,,,,,,,,,,164900.00,164900.0,0.0,164900.0,85000.0,12750.0,0.0,67150.0,84,85000.0,12750.0,0.0,67150.0,[],164900.00,11/07/2025,0.00,6,,0,,0,,0,,0,,0,,0,,0,,0,,0,,0,,0,,0,0,0,0,0,0,0,0,0,0,0,0,0.00,1,,,,"[{'id': 'custom_field_23347', 'name': 'Sales Person'}, {'id': 'custom_field_23167', 'name': 'National ID'}, {'id': 'custom_field_23348', 'name': 'Sales Person(Agent/TL/RO)'}]",KE,John,Nyakundi Ogeto,,28224397,Male,1,0711657602,johnogeto91@gmail.com,04/07/1991,Parklands staff quaters,Nairobi,Nairobi,,0723944354,,,5c92137c93fd2.jpg,,,[23914],28224397,Irene Awuor,"[{'file_id': 90618, 's3_link': 'https://loandisk-borrowers.s3.amazonaws.com/001-97967.jpg?response-content-disposition=attachment%3B%20filename%3D%22001.jpg%22&X-Amz-Content-Sha256=UNSIGNED-PAYLOAD&X-Amz-Algorithm=AWS4-HMAC-SHA256&X-Amz-Credential=AKIAYUBLFC5TP3LJIQ5H%2F20251003%2Fus-east-1%2Fs3%2Faws4_request&X-Amz-Date=20251003T135130Z&X-Amz-SignedHeaders=host&X-Amz-Expires=28800&X-Amz-Signature=176c129020d175db3cba86e6191aa284c6e9f76fdecba14883f02cfea0efbdf8', 'name': '001.jpg'}, {'file_id': 8304811, 's3_link': 'https://loandisk-borrowers.s3.amazonaws.com/John%20Nyakundi%20Ogeto-11676762.pdf?response-content-disposition=attachment%3B%20filename%3D%22John%2520Nyakundi%2520Ogeto.pdf%22&X-Amz-Content-Sha256=UNSIGNED-PAYLOAD&X-Amz-Algorithm=AWS4-HMAC-SHA256&X-Amz-Credential=AKIAYUBLFC5TP3LJIQ5H%2F20251003%2Fus-east-1%2Fs3%2Faws4_request&X-Amz-Date=20251003T135130Z&X-Amz-SignedHeaders=host&X-Amz-Expires=28800&X-Amz-Signature=ec36f362f8427fded54c70df7ade374ec702c1d6a6803ff69b5046e223625f84', 'name': 'John Nyakundi Ogeto.pdf'}, {'file_id': 8304812, 's3_link': 'https://loandisk-borrowers.s3.amazonaws.com/John%20Nyakundi%20Ogeto%2022-11676761.pdf?response-content-disposition=attachment%3B%20filename%3D%22John%2520Nyakundi%2520Ogeto%252022.pdf%22&X-Amz-Content-Sha256=UNSIGNED-PAYLOAD&X-Amz-Algorithm=AWS4-HMAC-SHA256&X-Amz-Credential=AKIAYUBLFC5TP3LJIQ5H%2F20251003%2Fus-east-1%2Fs3%2Faws4_request&X-Amz-Date=20251003T135130Z&X-Amz-SignedHeaders=host&X-Amz-Expires=28800&X-Amz-Signature=364fa004525beef37258b28ac0b1e76d2423eb9888a15dfbfbecb9aae0733da1', 'name': 'John Nyakundi Ogeto 22.pdf'}]",https://loandisk-borrowers-photo-thumbnails.s3.amazonaws.com/5c92137c93fd2.jpg?X-Amz-Content-Sha256=UNSIGNED-PAYLOAD&X-Amz-Algorithm=AWS4-HMAC-SHA256&X-Amz-Credential=AKIAYUBLFC5TP3LJIQ5H%2F20251003%2Fus-east-1%2Fs3%2Faws4_request&X-Amz-Date=20251003T135130Z&X-Amz-SignedHeaders=host&X-Amz-Expires=28800&X-Amz-Signature=1e71ccb84232529fe65bdaf44ff998c10cfaa7d4f77549f943d284cd1832ab5d,,Irene Awuor,,8550
8606818,253137,3778711,60156,27996,28743.99,4311.60,02/06/2025,flat_rate,percentage,Month,15.0000,Months,1,3,1,0.00,round_off_to_two_decimal,,,,,,,,,,,,,,,,,,,,,,,,,,,,58350.31,33589.43000000001,0.0,33589.43000000001,28743.99,3408.2400000000002,0.0,1437.1999999999985,93,28743.99,3408.2400000000002,0.0,1437.2000000000007,"[{'loan_id': 8488945}, {'loan_id': 8194895}, {'loan_id': 8043216}, {'loan_id': 7818228}, {'loan_id': 7666310}, {'loan_id': 7500619}, {'loan_id': 7306275}, {'loan_id': 7141973}, {'loan_id': 6925040}, {'loan_id': 6811766}, {'loan_id': 6607263}, {'loan_id': 6467143}, {'loan_id': 6371201}, {'loan_id': 6119911}]",33589.43,02/07/2025,24760.88,6,,0,,0,,0,,0,,0,,0,,0,,0,,0,,0,,0,,0,0,0,0,0,0,0,0,0,0,0,0,0.00,1,,,,"[{'id': 'custom_field_23347', 'name': 'Sales Person'}, {'id': 'custom_field_23167', 'name': 'National ID'}, {'id': 'custom_field_23348', 'name': 'Sales Person(Agent/TL/RO)'}]",KE,Mark,Mbogo Okul,,6451613,Male,1,0717146316,mckokul2010@gmail.com,12/02/1993,"Greatwall Garden,Mombasa Rd",Nairobi,Nairobi,,0705574994,,,6475f7c082186-5393687.jpg,,,[23914],29749382,Maureen Chemelel,"[{'file_id': 3996727, 's3_link': 'https://loandisk-borrowers.s3.amazonaws.com/20230530151804707-5393682.pdf?response-content-disposition=attachment%3B%20filename%3D%2220230530151804707.pdf%22&X-Amz-Content-Sha256=UNSIGNED-PAYLOAD&X-Amz-Algorithm=AWS4-HMAC-SHA256&X-Amz-Credential=AKIAYUBLFC5TP3LJIQ5H%2F20251003%2Fus-east-1%2Fs3%2Faws4_request&X-Amz-Date=20251003T135130Z&X-Amz-SignedHeaders=host&X-Amz-Expires=28800&X-Amz-Signature=ff222698e56dba8beae2ddb8df6b1376e431047a184062e6bcd5a76f37619e0e', 'name': '20230530151804707.pdf'}, {'file_id': 3996728, 's3_link': 'https://loandisk-borrowers.s3.amazonaws.com/20230530151906869-5393686.pdf?response-content-disposition=attachment%3B%20filename%3D%2220230530151906869.pdf%22&X-Amz-Content-Sha256=UNSIGNED-PAYLOAD&X-Amz-Algorithm=AWS4-HMAC-SHA256&X-Amz-Credential=AKIAYUBLFC5TP3LJIQ5H%2F20251003%2Fus-east-1%2Fs3%2Faws4_request&X-Amz-Date=20251003T135130Z&X-Amz-SignedHeaders=host&X-Amz-Expires=28800&X-Amz-Signature=5035e1e6670e817bb1f9b4cbb1c8a2c07bf35f795839e33f1f20b1f881e50144', 'name': '20230530151906869.pdf'}]",https://loandisk-borrowers-photo-thumbnails.s3.amazonaws.com/6475f7c082186-5393687.jpg?X-Amz-Content-Sha256=UNSIGNED-PAYLOAD&X-Amz-Algorithm=AWS4-HMAC-SHA256&X-Amz-Credential=AKIAYUBLFC5TP3LJIQ5H%2F20251003%2Fus-east-1%2Fs3%2Faws4_request&X-Amz-Date=20251003T135130Z&X-Amz-SignedHeaders=host&X-Amz-Expires=28800&X-Amz-Signature=c7c9a8d184e9d44435bed4a00e896ce57723b2594657ac805beedf46b24d0d2d,,Edward Magero,,8550
8716664,36826,6583089,60244,27996,650000.00,624000.00,01/07/2025,flat_rate,percentage,Month,4.0000,Months,24,3,24,0.00,round_off_to_two_decimal,,,,,,,,,,,,,,,,,,,,,,,,,,,,1346270.83,0.0,2354.159999999989,2354.159999999989,2354.1600000000035,0.0,0.0,0.0,2,571104.17,546000.0,63000.0,0.0,[],1180104.17,01/07/2027,166166.66,16,,0,,0,,0,,0,,0,,0,,0,,0,,0,,0,,0,distribute_fees_evenly,72000.00,0,0,0,0,0,0,0,0,0,0,0,0.00,1,,,,"[{'id': 'custom_field_23347', 'name': 'Sales Person'}, {'id': 'custom_field_23167', 'name': 'National ID'}, {'id': 'custom_field_23348', 'name': 'Sales Person(Agent/TL/RO)'}]",KE,GEORGE,MBOGOH KARIUKI,,1572401,Male,1,0722740687,gkariz04@gmail.com,23/07/1976,24388,Nairobi,,00502,0722838077,,,686f62caae9f4-11968029.jpeg,,,[23914],14697011,Irene Awuor,"[{'file_id': 8505328, 's3_link': 'https://loandisk-borrowers.s3.amazonaws.com/George%20Mbogoh%20Kariuki%20application%20Form-11967841.pdf?response-content-disposition=attachment%3B%20filename%3D%22George%2520Mbogoh%2520Kariuki%2520application%2520Form.pdf%22&X-Amz-Content-Sha256=UNSIGNED-PAYLOAD&X-Amz-Algorithm=AWS4-HMAC-SHA256&X-Amz-Credential=AKIAYUBLFC5TP3LJIQ5H%2F20251003%2Fus-east-1%2Fs3%2Faws4_request&X-Amz-Date=20251003T135130Z&X-Amz-SignedHeaders=host&X-Amz-Expires=28800&X-Amz-Signature=b2b2bf35aafe685dd84acc74224cc56602f0e674693039e4aaafe6675f84cb49', 'name': 'George Mbogoh Kariuki application Form.pdf'}, {'file_id': 8505329, 's3_link': 'https://loandisk-borrowers.s3.amazonaws.com/George%20Mbogoh%20Offer%20letter%20%26%20Valuation-11967839.pdf?response-content-disposition=attachment%3B%20filename%3D%22George%2520Mbogoh%2520Offer%2520letter%2520%2526%2520Valuation.pdf%22&X-Amz-Content-Sha256=UNSIGNED-PAYLOAD&X-Amz-Algorithm=AWS4-HMAC-SHA256&X-Amz-Credential=AKIAYUBLFC5TP3LJIQ5H%2F20251003%2Fus-east-1%2Fs3%2Faws4_request&X-Amz-Date=20251003T135130Z&X-Amz-SignedHeaders=host&X-Amz-Expires=28800&X-Amz-Signature=c4835cfdb982ee5e228713e3d7fd6cac3136de5c9a5453f641c8b0e0bcdb0f04', 'name': 'George Mbogoh Offer letter & Valuation.pdf'}, {'file_id': 8505330, 's3_link': 'https://loandisk-borrowers.s3.amazonaws.com/George%20Mbogoh%20Kariuki-11967840.pdf?response-content-disposition=attachment%3B%20filename%3D%22George%2520Mbogoh%2520Kariuki.pdf%22&X-Amz-Content-Sha256=UNSIGNED-PAYLOAD&X-Amz-Algorithm=AWS4-HMAC-SHA256&X-Amz-Credential=AKIAYUBLFC5TP3LJIQ5H%2F20251003%2Fus-east-1%2Fs3%2Faws4_request&X-Amz-Date=20251003T135130Z&X-Amz-SignedHeaders=host&X-Amz-Expires=28800&X-Amz-Signature=7d5a2e1a1f903038096c12cc1c887a278f7dd5c65db3a01409f2798c8efb8fe7', 'name': 'George Mbogoh Kariuki.pdf'}, {'file_id': 8720324, 's3_link': 'https://loandisk-borrowers.s3.amazonaws.com/George%20Mbogo%20Kariuki-12281013.pdf?response-content-disposition=attachment%3B%20filename%3D%22George%2520Mbogo%2520Kariuki.pdf%22&X-Amz-Content-Sha256=UNSIGNED-PAYLOAD&X-Amz-Algorithm=AWS4-HMAC-SHA256&X-Amz-Credential=AKIAYUBLFC5TP3LJIQ5H%2F20251003%2Fus-east-1%2Fs3%2Faws4_request&X-Amz-Date=20251003T135130Z&X-Amz-SignedHeaders=host&X-Amz-Expires=28800&X-Amz-Signature=f7723052442d16fbe55c30789c086ed36bd94870b9c82edc9cff57492b838527', 'name': 'George Mbogo Kariuki.pdf'}]",https://loandisk-borrowers-photo-thumbnails.s3.amazonaws.com/686f62caae9f4-11968029.jpeg?X-Amz-Content-Sha256=UNSIGNED-PAYLOAD&X-Amz-Algorithm=AWS4-HMAC-SHA256&X-Amz-Credential=AKIAYUBLFC5TP3LJIQ5H%2F20251003%2Fus-east-1%2Fs3%2Faws4_request&X-Amz-Date=20251003T135130Z&X-Amz-SignedHeaders=host&X-Amz-Expires=28800&X-Amz-Signature=f70886f627fca0e9b19ebe752af2715f537d8f18bf2b8cf56d2b104a354be4f2,"[{'file_id': 8505317, 's3_link': 'https://loandisk-loans.s3.amazonaws.com/George%20Mbogoh%20Offer%20letter%20%26%20Valuation-11967815.pdf?response-content-disposition=attachment%3B%20filename%3D%22George%2520Mbogoh%2520Offer%2520letter%2520%2526%2520Valuation.pdf%22&X-Amz-Content-Sha256=UNSIGNED-PAYLOAD&X-Amz-Algorithm=AWS4-HMAC-SHA256&X-Amz-Credential=AKIAYUBLFC5TP3LJIQ5H%2F20251003%2Fus-east-1%2Fs3%2Faws4_request&X-Amz-Date=20251003T135130Z&X-Amz-SignedHeaders=host&X-Amz-Expires=28800&X-Amz-Signature=6ba493cd86f714311797882189b75d27e6c0302986ddc5bd99ba0d3456849328', 'name': 'George Mbogoh Offer letter & Valuation.pdf'}, {'file_id': 8505318, 's3_link': 'https://loandisk-loans.s3.amazonaws.com/George%20Mbogoh%20Kariuki-11967824.pdf?response-content-disposition=attachment%3B%20filename%3D%22George%2520Mbogoh%2520Kariuki.pdf%22&X-Amz-Content-Sha256=UNSIGNED-PAYLOAD&X-Amz-Algorithm=AWS4-HMAC-SHA256&X-Amz-Credential=AKIAYUBLFC5TP3LJIQ5H%2F20251003%2Fus-east-1%2Fs3%2Faws4_request&X-Amz-Date=20251003T135130Z&X-Amz-SignedHeaders=host&X-Amz-Expires=28800&X-Amz-Signature=769b77282069a49ffeb2f52a574b9f4b29f06480cbf3d9d7379c2a2d4d511e07', 'name': 'George Mbogoh Kariuki.pdf'}, {'file_id': 8505319, 's3_link': 'https://loandisk-loans.s3.amazonaws.com/George%20Mbogoh%20Kariuki%20application%20Form-11967833.pdf?response-content-disposition=attachment%3B%20filename%3D%22George%2520Mbogoh%2520Kariuki%2520application%2520Form.pdf%22&X-Amz-Content-Sha256=UNSIGNED-PAYLOAD&X-Amz-Algorithm=AWS4-HMAC-SHA256&X-Amz-Credential=AKIAYUBLFC5TP3LJIQ5H%2F20251003%2Fus-east-1%2Fs3%2Faws4_request&X-Amz-Date=20251003T135130Z&X-Amz-SignedHeaders=host&X-Amz-Expires=28800&X-Amz-Signature=a57e696f82b1bff0dafb4513c4b3c352b1e79494eec9da7d7edb735436eefaf0', 'name': 'George Mbogoh Kariuki application Form.pdf'}]",Irene Awuor,,8550
8728537,253137,6085232,60254,27996,145445.90,21816.89,17/06/2025,flat_rate,percentage,Month,15.0000,Months,1,3,1,0.00,round_off_to_two_decimal,,,,,,,,,,,,,,,,,,,,,,,,,,,,273438.37,249938.36999999997,0.0,249938.36999999997,145445.9,15498.11,0.0,88994.36,78,145445.9,15498.11,0.0,88994.36,"[{'loan_id': 8468338}, {'loan_id': 8270947}, {'loan_id': 8080996}, {'loan_id': 7900809}, {'loan_id': 7745824}, {'loan_id': 7556509}]",249938.37,17/07/2025,23500.00,6,,0,,0,,0,,0,,0,,0,,0,,0,,0,,0,,0,,0,0,0,0,0,0,0,0,0,0,0,0,0.00,1,,,,"[{'id': 'custom_field_23347', 'name': 'Sales Person'}, {'id': 'custom_field_23167', 'name': 'National ID'}, {'id': 'custom_field_23348', 'name': 'Sales Person(Agent/TL/RO)'}]",KE,Martin,Muthama Wangila,,6451867,Male,1,0716594706,muthamabriton@gmail.com,04/01/1994,,,,,0722989997,,,67641b4c76677-9999116.jpeg,,,[23914],33722911,kenneth Kinyua,"[{'file_id': 7248247, 's3_link': 'https://loandisk-borrowers.s3.amazonaws.com/20250107233824140-10118879.pdf?response-content-disposition=attachment%3B%20filename%3D%2220250107233824140.pdf%22&X-Amz-Content-Sha256=UNSIGNED-PAYLOAD&X-Amz-Algorithm=AWS4-HMAC-SHA256&X-Amz-Credential=AKIAYUBLFC5TP3LJIQ5H%2F20251003%2Fus-east-1%2Fs3%2Faws4_request&X-Amz-Date=20251003T135130Z&X-Amz-SignedHeaders=host&X-Amz-Expires=28800&X-Amz-Signature=5d2954eb51c31489b17617c60670b5ef00272cfca156a1f47bef22b00d9809d6', 'name': '20250107233824140.pdf'}]",https://loandisk-borrowers-photo-thumbnails.s3.amazonaws.com/67641b4c76677-9999116.jpeg?X-Amz-Content-Sha256=UNSIGNED-PAYLOAD&X-Amz-Algorithm=AWS4-HMAC-SHA256&X-Amz-Credential=AKIAYUBLFC5TP3LJIQ5H%2F20251003%2Fus-east-1%2Fs3%2Faws4_request&X-Amz-Date=20251003T135130Z&X-Amz-SignedHeaders=host&X-Amz-Expires=28800&X-Amz-Signature=18aa675acb3b9f13ec4a4e37b1e512dd340f89353d5317b7df94c1640d6036af,,Kelvin Mwangi,,8550
8835829,253137,6639581,60331,27999,680000.00,102000.00,17/07/2025,flat_rate,percentage,Month,15.0000,Months,1,3,1,0.00,round_off_to_two_decimal,,,,,,,,,,,,,,,,,,,,,,,,,,,,1067600.00,1067600.0,0.0,1067600.0,680000.0,102000.0,0.0,285600.0,47,680000.0,102000.0,0.0,285600.0,[],1067600.00,17/08/2025,0.00,6,,0,,0,,0,,0,,0,,0,,0,,0,,0,,0,,0,,0,0,0,0,0,0,0,0,0,0,0,0,0.00,1,,,,"[{'id': 'custom_field_23347', 'name': 'Sales Person'}, {'id': 'custom_field_23167', 'name': 'National ID'}, {'id': 'custom_field_23348', 'name': 'Sales Person(Agent/TL/RO)'}]",KE,PAUL,OTIENO OMBIMA,,1572406,Male,1,0798649937,ombimap@gmail.com,16/11/1994,"153 -1.196948, 36.782442",,LUANDA,50307,0115734701,,,6880aa7ec8601-12096773.jpeg,,,[72709],31487921,Irene Awuor,"[{'file_id': 8599020, 's3_link': 'https://loandisk-borrowers.s3.amazonaws.com/Paul%20Ombima-12099933.pdf?response-content-disposition=attachment%3B%20filename%3D%22Paul%2520Ombima.pdf%22&X-Amz-Content-Sha256=UNSIGNED-PAYLOAD&X-Amz-Algorithm=AWS4-HMAC-SHA256&X-Amz-Credential=AKIAYUBLFC5TP3LJIQ5H%2F20251003%2Fus-east-1%2Fs3%2Faws4_request&X-Amz-Date=20251003T135130Z&X-Amz-SignedHeaders=host&X-Amz-Expires=28800&X-Amz-Signature=f1c7cb5ae6c9da052f8decb0d1c81cc5849dd8bc3d7b16c3a4599a8ff540059e', 'name': 'Paul Ombima.pdf'}, {'file_id': 8599021, 's3_link': 'https://loandisk-borrowers.s3.amazonaws.com/Paul%20Otieno%20Ombima-12099934.pdf?response-content-disposition=attachment%3B%20filename%3D%22Paul%2520Otieno%2520Ombima.pdf%22&X-Amz-Content-Sha256=UNSIGNED-PAYLOAD&X-Amz-Algorithm=AWS4-HMAC-SHA256&X-Amz-Credential=AKIAYUBLFC5TP3LJIQ5H%2F20251003%2Fus-east-1%2Fs3%2Faws4_request&X-Amz-Date=20251003T135130Z&X-Amz-SignedHeaders=host&X-Amz-Expires=28800&X-Amz-Signature=e32bcd1d4acd4aa3da3f85bf5134463b2e849d25905eab3fc689efb59db78fc1', 'name': 'Paul Otieno Ombima.pdf'}, {'file_id': 8941549, 's3_link': 'https://loandisk-borrowers.s3.amazonaws.com/undefined?response-content-disposition=attachment%3B%20filename%3D%22undefined%22&X-Amz-Content-Sha256=UNSIGNED-PAYLOAD&X-Amz-Algorithm=AWS4-HMAC-SHA256&X-Amz-Credential=AKIAYUBLFC5TP3LJIQ5H%2F20251003%2Fus-east-1%2Fs3%2Faws4_request&X-Amz-Date=20251003T135130Z&X-Amz-SignedHeaders=host&X-Amz-Expires=28800&X-Amz-Signature=f61605d556a3bbf89dfc5ae8c00d8535917e2daaa37e66aff17577e7d16551fc', 'name': 'undefined'}]",https://loandisk-borrowers-photo-thumbnails.s3.amazonaws.com/6880aa7ec8601-12096773.jpeg?X-Amz-Content-Sha256=UNSIGNED-PAYLOAD&X-Amz-Algorithm=AWS4-HMAC-SHA256&X-Amz-Credential=AKIAYUBLFC5TP3LJIQ5H%2F20251003%2Fus-east-1%2Fs3%2Faws4_request&X-Amz-Date=20251003T135130Z&X-Amz-SignedHeaders=host&X-Amz-Expires=28800&X-Amz-Signature=023aa85e3a8993f48625e21cacabf5c8957b5cb42840401b7aef993252f86b80,,Irene Awuor,,8550
8875301,253137,6490611,60360,27996,114500.00,17175.00,23/07/2025,flat_rate,percentage,Month,15.0000,Months,1,3,1,0.00,round_off_to_two_decimal,,,,,,,,,,,,,,,,,,,,,,,,,,,,172895.00,169395.0,0.0,169395.0,114500.0,17175.0,0.0,37720.0,41,114500.0,17175.0,0.0,37720.0,"[{'loan_id': 8746747}, {'loan_id': 8477237}]",169395.00,23/08/2025,3500.00,6,,0,,0,,0,,0,,0,,0,,0,,0,,0,,0,,0,,0,0,0,0,0,0,0,0,0,0,0,0,0.00,1,,,,"[{'id': 'custom_field_23347', 'name': 'Sales Person'}, {'id': 'custom_field_23167', 'name': 'National ID'}, {'id': 'custom_field_23348', 'name': 'Sales Person(Agent/TL/RO)'}]",KE,BRENDA,MINAYO ABINANA,,6451922,Female,2,0701088407,abinanabrenda@gmail.com,06/02/1991,71,,KAJIADO,00511,0722896148,,,,,,[23914],29376751,Jackline Akinyi,"[{'file_id': 8279548, 's3_link': 'https://loandisk-borrowers.s3.amazonaws.com/Brendah%20abinana-11641496.pdf?response-content-disposition=attachment%3B%20filename%3D%22Brendah%2520abinana.pdf%22&X-Amz-Content-Sha256=UNSIGNED-PAYLOAD&X-Amz-Algorithm=AWS4-HMAC-SHA256&X-Amz-Credential=AKIAYUBLFC5TP3LJIQ5H%2F20251003%2Fus-east-1%2Fs3%2Faws4_request&X-Amz-Date=20251003T135130Z&X-Amz-SignedHeaders=host&X-Amz-Expires=28800&X-Amz-Signature=aedbd12e1bef841bde2c03de46f2681289355ea65c1781ff4db9284addbaeb0d', 'name': 'Brendah abinana.pdf'}, {'file_id': 8279549, 's3_link': 'https://loandisk-borrowers.s3.amazonaws.com/Brenda%20abinana-11641495.pdf?response-content-disposition=attachment%3B%20filename%3D%22Brenda%2520abinana.pdf%22&X-Amz-Content-Sha256=UNSIGNED-PAYLOAD&X-Amz-Algorithm=AWS4-HMAC-SHA256&X-Amz-Credential=AKIAYUBLFC5TP3LJIQ5H%2F20251003%2Fus-east-1%2Fs3%2Faws4_request&X-Amz-Date=20251003T135130Z&X-Amz-SignedHeaders=host&X-Amz-Expires=28800&X-Amz-Signature=113988ba412ab8143720f6b708f514bcb95522a9ca1a14d8c1a079c691d684ed', 'name': 'Brenda abinana.pdf'}, {'file_id': 8611874, 's3_link': 'https://loandisk-borrowers.s3.amazonaws.com/Bredah%20Minayo%20Abinana-12118762.pdf?response-content-disposition=attachment%3B%20filename%3D%22Bredah%2520Minayo%2520Abinana.pdf%22&X-Amz-Content-Sha256=UNSIGNED-PAYLOAD&X-Amz-Algorithm=AWS4-HMAC-SHA256&X-Amz-Credential=AKIAYUBLFC5TP3LJIQ5H%2F20251003%2Fus-east-1%2Fs3%2Faws4_request&X-Amz-Date=20251003T135130Z&X-Amz-SignedHeaders=host&X-Amz-Expires=28800&X-Amz-Signature=f9fd7cb76e16867971da327eb487e14b82e4776801cf96f3a8c068b1b37a93a2', 'name': 'Bredah Minayo Abinana.pdf'}]",,,Edward Magero,,8550
8933216,300334,6812206,60411,27996,1260000.00,1209600.00,01/08/2025,flat_rate,percentage,Month,4.0000,Months,24,3,24,0.00,round_off_to_two_decimal,,,,,,,,,,,,,,,,,,,,,,,,,,,,2542374.00,0.0,24961.0,24961.0,24961.0,0.0,0.0,0.0,2,1179961.0,1108800.0,66000.0,0.0,[],2354761.00,01/08/2027,187613.00,16,,0,,0,,0,,0,,0,,0,,0,,0,,0,,0,,0,distribute_fees_evenly,72000.00,0,0,0,0,0,0,0,0,0,0,0,0.00,1,,,,"[{'id': 'custom_field_23347', 'name': 'Sales Person'}, {'id': 'custom_field_23167', 'name': 'National ID'}, {'id': 'custom_field_23348', 'name': 'Sales Person(Agent/TL/RO)'}]",KE,STEPHEN,OCHIENG OKUKU,,1572411,Male,1,0710947125,sochieng788@gmail.com,03/03/1978,112,KISUMU,,40100,0743552313,,,689482a255aff-12266487.jpeg,,,[23914],20588870,Irene Awuor,"[{'file_id': 8670630, 's3_link': 'https://loandisk-borrowers.s3.amazonaws.com/_254710947125_STEPHEN_OCHIENG_OKUKU_31-07-2025_10_51_Full_MPESA_Report-12207187.pdf?response-content-disposition=attachment%3B%20filename%3D%22_254710947125_STEPHEN_OCHIENG_OKUKU_31-07-2025_10_51_Full_MPESA_Report.pdf%22&X-Amz-Content-Sha256=UNSIGNED-PAYLOAD&X-Amz-Algorithm=AWS4-HMAC-SHA256&X-Amz-Credential=AKIAYUBLFC5TP3LJIQ5H%2F20251003%2Fus-east-1%2Fs3%2Faws4_request&X-Amz-Date=20251003T135131Z&X-Amz-SignedHeaders=host&X-Amz-Expires=28800&X-Amz-Signature=f1eb8250684cda2883dc5f1bd4a239998b87cd6c6831180d0a58ba4ef84ad939', 'name': '_254710947125_STEPHEN_OCHIENG_OKUKU_31-07-2025_10_51_Full_MPESA_Report.pdf'}, {'file_id': 8670631, 's3_link': 'https://loandisk-borrowers.s3.amazonaws.com/STEPHEN%20OKUKU%20APPRAISAL%20CALCULATOR%281%29-12207188.xlsx?response-content-disposition=attachment%3B%20filename%3D%22STEPHEN%2520OKUKU%2520APPRAISAL%2520CALCULATOR%25281%2529.xlsx%22&X-Amz-Content-Sha256=UNSIGNED-PAYLOAD&X-Amz-Algorithm=AWS4-HMAC-SHA256&X-Amz-Credential=AKIAYUBLFC5TP3LJIQ5H%2F20251003%2Fus-east-1%2Fs3%2Faws4_request&X-Amz-Date=20251003T135131Z&X-Amz-SignedHeaders=host&X-Amz-Expires=28800&X-Amz-Signature=76bdc38059434851aaa6d5b15a69eea5b13bc05df40ef87f5c4cf03c48cdf2dc', 'name': 'STEPHEN OKUKU APPRAISAL CALCULATOR(1).xlsx'}, {'file_id': 8726602, 's3_link': 'https://loandisk-borrowers.s3.amazonaws.com/Stephen%20Ochieng%20Okuku%203-12290785.pdf?response-content-disposition=attachment%3B%20filename%3D%22Stephen%2520Ochieng%2520Okuku%25203.pdf%22&X-Amz-Content-Sha256=UNSIGNED-PAYLOAD&X-Amz-Algorithm=AWS4-HMAC-SHA256&X-Amz-Credential=AKIAYUBLFC5TP3LJIQ5H%2F20251003%2Fus-east-1%2Fs3%2Faws4_request&X-Amz-Date=20251003T135131Z&X-Amz-SignedHeaders=host&X-Amz-Expires=28800&X-Amz-Signature=6d97e770eeb64854f089ef0f7223295899ce5eca60adf15c45a07d787a751f91', 'name': 'Stephen Ochieng Okuku 3.pdf'}, {'file_id': 8726603, 's3_link': 'https://loandisk-borrowers.s3.amazonaws.com/STEPHEN%20OCHIENG%20OKUKU-12290786.pdf?response-content-disposition=attachment%3B%20filename%3D%22STEPHEN%2520OCHIENG%2520OKUKU.pdf%22&X-Amz-Content-Sha256=UNSIGNED-PAYLOAD&X-Amz-Algorithm=AWS4-HMAC-SHA256&X-Amz-Credential=AKIAYUBLFC5TP3LJIQ5H%2F20251003%2Fus-east-1%2Fs3%2Faws4_request&X-Amz-Date=20251003T135131Z&X-Amz-SignedHeaders=host&X-Amz-Expires=28800&X-Amz-Signature=0baa93430d0d061ce4479f6870ef26d251ffdc3dba6e39ae2fe68673a72c3bc5', 'name': 'STEPHEN OCHIENG OKUKU.pdf'}, {'file_id': 8726604, 's3_link': 'https://loandisk-borrowers.s3.amazonaws.com/Stephen%20Ochieng%20Okuku%202-12290784.pdf?response-content-disposition=attachment%3B%20filename%3D%22Stephen%2520Ochieng%2520Okuku%25202.pdf%22&X-Amz-Content-Sha256=UNSIGNED-PAYLOAD&X-Amz-Algorithm=AWS4-HMAC-SHA256&X-Amz-Credential=AKIAYUBLFC5TP3LJIQ5H%2F20251003%2Fus-east-1%2Fs3%2Faws4_request&X-Amz-Date=20251003T135131Z&X-Amz-SignedHeaders=host&X-Amz-Expires=28800&X-Amz-Signature=74b9b3695dc4d5655870ad6f60024407c7b62f8afda9ff8c44304a7f09797c51', 'name': 'Stephen Ochieng Okuku 2.pdf'}]",https://loandisk-borrowers-photo-thumbnails.s3.amazonaws.com/689482a255aff-12266487.jpeg?X-Amz-Content-Sha256=UNSIGNED-PAYLOAD&X-Amz-Algorithm=AWS4-HMAC-SHA256&X-Amz-Credential=AKIAYUBLFC5TP3LJIQ5H%2F20251003%2Fus-east-1%2Fs3%2Faws4_request&X-Amz-Date=20251003T135131Z&X-Amz-SignedHeaders=host&X-Amz-Expires=28800&X-Amz-Signature=7b5f927451fdebd31f741eecc1418d96f7662de855932fb4f3bad6d0b9c8c381,"[{'file_id': 8726606, 's3_link': 'https://loandisk-loans.s3.amazonaws.com/Stephen%20Ochieng%20Okuku%203-12290788.pdf?response-content-disposition=attachment%3B%20filename%3D%22Stephen%2520Ochieng%2520Okuku%25203.pdf%22&X-Amz-Content-Sha256=UNSIGNED-PAYLOAD&X-Amz-Algorithm=AWS4-HMAC-SHA256&X-Amz-Credential=AKIAYUBLFC5TP3LJIQ5H%2F20251003%2Fus-east-1%2Fs3%2Faws4_request&X-Amz-Date=20251003T135131Z&X-Amz-SignedHeaders=host&X-Amz-Expires=28800&X-Amz-Signature=fe9fcf9dc9c411745a0c730dc696af817fedbdfbcb6b4bc81c81b6da602c9d1e', 'name': 'Stephen Ochieng Okuku 3.pdf'}, {'file_id': 8726607, 's3_link': 'https://loandisk-loans.s3.amazonaws.com/Stephen%20Ochieng%20Okuku%202-12290787.pdf?response-content-disposition=attachment%3B%20filename%3D%22Stephen%2520Ochieng%2520Okuku%25202.pdf%22&X-Amz-Content-Sha256=UNSIGNED-PAYLOAD&X-Amz-Algorithm=AWS4-HMAC-SHA256&X-Amz-Credential=AKIAYUBLFC5TP3LJIQ5H%2F20251003%2Fus-east-1%2Fs3%2Faws4_request&X-Amz-Date=20251003T135131Z&X-Amz-SignedHeaders=host&X-Amz-Expires=28800&X-Amz-Signature=036e8a924cb7f2270f0501f59c22608cc72d568962d275648e690affa0b82f8a', 'name': 'Stephen Ochieng Okuku 2.pdf'}, {'file_id': 8726608, 's3_link': 'https://loandisk-loans.s3.amazonaws.com/STEPHEN%20OCHIENG%20OKUKU-12290789.pdf?response-content-disposition=attachment%3B%20filename%3D%22STEPHEN%2520OCHIENG%2520OKUKU.pdf%22&X-Amz-Content-Sha256=UNSIGNED-PAYLOAD&X-Amz-Algorithm=AWS4-HMAC-SHA256&X-Amz-Credential=AKIAYUBLFC5TP3LJIQ5H%2F20251003%2Fus-east-1%2Fs3%2Faws4_request&X-Amz-Date=20251003T135131Z&X-Amz-SignedHeaders=host&X-Amz-Expires=28800&X-Amz-Signature=5d8376839451c6850529d694a4c41eb40cd6ba8122220866269d981a51bde593', 'name': 'STEPHEN OCHIENG OKUKU.pdf'}]",Irene Awuor,,8550
9001083,253137,6384704,27555,27996,160000.00,24000.00,12/08/2025,flat_rate,percentage,Month,15.0000,Months,1,3,1,0.00,round_off_to_two_decimal,,,,,,,,,,,,,,,,,,,,,,,,,,,,209600.00,209600.0,0.0,209600.0,160000.0,24000.0,0.0,25600.0,21,160000.0,24000.0,0.0,25600.0,[],209600.00,12/09/2025,0.00,6,,0,,0,,0,,0,,0,,0,,0,,0,,0,,0,,0,,0,0,0,0,0,0,0,0,0,0,0,0,0.00,1,,,,"[{'id': 'custom_field_23347', 'name': 'Sales Person'}, {'id': 'custom_field_23167', 'name': 'National ID'}, {'id': 'custom_field_23348', 'name': 'Sales Person(Agent/TL/RO)'}]",KE,DAVID,OGUTU OWINDA,DAVID ENTERPRISE,6451902,Male,1,0721763209,davidogutu054@gmail.com,10/03/1984,16058,Nairobi,,00100,0723402325,,,,,,[72709],24650444,George Barasa,"[{'file_id': 7964610, 's3_link': 'https://loandisk-borrowers.s3.amazonaws.com/David%20Ogutu%20Docs-11175554.pdf?response-content-disposition=attachment%3B%20filename%3D%22David%2520Ogutu%2520Docs.pdf%22&X-Amz-Content-Sha256=UNSIGNED-PAYLOAD&X-Amz-Algorithm=AWS4-HMAC-SHA256&X-Amz-Credential=AKIAYUBLFC5TP3LJIQ5H%2F20251003%2Fus-east-1%2Fs3%2Faws4_request&X-Amz-Date=20251003T135131Z&X-Amz-SignedHeaders=host&X-Amz-Expires=28800&X-Amz-Signature=19915bda3e7e7c0ac4fef410908dcbfd6508e48263e2a42c49239d364c79f570', 'name': 'David Ogutu Docs.pdf'}, {'file_id': 8840440, 's3_link': 'https://loandisk-borrowers.s3.amazonaws.com/David%20Ogutu-12452295.pdf?response-content-disposition=attachment%3B%20filename%3D%22David%2520Ogutu.pdf%22&X-Amz-Content-Sha256=UNSIGNED-PAYLOAD&X-Amz-Algorithm=AWS4-HMAC-SHA256&X-Amz-Credential=AKIAYUBLFC5TP3LJIQ5H%2F20251003%2Fus-east-1%2Fs3%2Faws4_request&X-Amz-Date=20251003T135131Z&X-Amz-SignedHeaders=host&X-Amz-Expires=28800&X-Amz-Signature=c93fd1748b0428a9b379cd32636bd19e67d577f16dcc6ec13d5994800cbf99c2', 'name': 'David Ogutu.pdf'}, {'file_id': 8840441, 's3_link': 'https://loandisk-borrowers.s3.amazonaws.com/David%20Ogutu%20Offer%20letter-12452298.pdf?response-content-disposition=attachment%3B%20filename%3D%22David%2520Ogutu%2520Offer%2520letter.pdf%22&X-Amz-Content-Sha256=UNSIGNED-PAYLOAD&X-Amz-Algorithm=AWS4-HMAC-SHA256&X-Amz-Credential=AKIAYUBLFC5TP3LJIQ5H%2F20251003%2Fus-east-1%2Fs3%2Faws4_request&X-Amz-Date=20251003T135131Z&X-Amz-SignedHeaders=host&X-Amz-Expires=28800&X-Amz-Signature=d4f11c24842349a87fd73841c04007da0d5884ce463e87abcf9ec4af1010214e', 'name': 'David Ogutu Offer letter.pdf'}, {'file_id': 8840442, 's3_link': 'https://loandisk-borrowers.s3.amazonaws.com/David%20Ogutu%202-12452300.pdf?response-content-disposition=attachment%3B%20filename%3D%22David%2520Ogutu%25202.pdf%22&X-Amz-Content-Sha256=UNSIGNED-PAYLOAD&X-Amz-Algorithm=AWS4-HMAC-SHA256&X-Amz-Credential=AKIAYUBLFC5TP3LJIQ5H%2F20251003%2Fus-east-1%2Fs3%2Faws4_request&X-Amz-Date=20251003T135131Z&X-Amz-SignedHeaders=host&X-Amz-Expires=28800&X-Amz-Signature=835ace18f4bd89470609c4601cbeea99e1e57106d21244812395edb8e7ba794e', 'name': 'David Ogutu 2.pdf'}]",,"[{'file_id': 8840427, 's3_link': 'https://loandisk-loans.s3.amazonaws.com/David%20Ogutu%202-12452285.pdf?response-content-disposition=attachment%3B%20filename%3D%22David%2520Ogutu%25202.pdf%22&X-Amz-Content-Sha256=UNSIGNED-PAYLOAD&X-Amz-Algorithm=AWS4-HMAC-SHA256&X-Amz-Credential=AKIAYUBLFC5TP3LJIQ5H%2F20251003%2Fus-east-1%2Fs3%2Faws4_request&X-Amz-Date=20251003T135131Z&X-Amz-SignedHeaders=host&X-Amz-Expires=28800&X-Amz-Signature=e937b0fcf38c9087b2cab6367d0d7bfba92a2756e586982c05c3da827e4fcdee', 'name': 'David Ogutu 2.pdf'}, {'file_id': 8840428, 's3_link': 'https://loandisk-loans.s3.amazonaws.com/David%20Ogutu%20Offer%20letter-12452286.pdf?response-content-disposition=attachment%3B%20filename%3D%22David%2520Ogutu%2520Offer%2520letter.pdf%22&X-Amz-Content-Sha256=UNSIGNED-PAYLOAD&X-Amz-Algorithm=AWS4-HMAC-SHA256&X-Amz-Credential=AKIAYUBLFC5TP3LJIQ5H%2F20251003%2Fus-east-1%2Fs3%2Faws4_request&X-Amz-Date=20251003T135131Z&X-Amz-SignedHeaders=host&X-Amz-Expires=28800&X-Amz-Signature=0742ffa7ecd18450888f289ded9d91a84c8715284bc5336faf75494a2aeb75d8', 'name': 'David Ogutu Offer letter.pdf'}, {'file_id': 8840429, 's3_link': 'https://loandisk-loans.s3.amazonaws.com/David%20Ogutu-12452288.pdf?response-content-disposition=attachment%3B%20filename%3D%22David%2520Ogutu.pdf%22&X-Amz-Content-Sha256=UNSIGNED-PAYLOAD&X-Amz-Algorithm=AWS4-HMAC-SHA256&X-Amz-Credential=AKIAYUBLFC5TP3LJIQ5H%2F20251003%2Fus-east-1%2Fs3%2Faws4_request&X-Amz-Date=20251003T135131Z&X-Amz-SignedHeaders=host&X-Amz-Expires=28800&X-Amz-Signature=f6582e7d3eb2def08d64d75a5963747ecc1885b61b97122e92d33569b84f1c11', 'name': 'David Ogutu.pdf'}]",George Barasa,,8550
9078763,240139,695323,27625,27999,56794.00,11360.00,25/07/2025,flat_rate,percentage,Month,2.0000,Months,10,3,10,0.00,round_off_to_integer,,0.0,0.0,0.0,,0.00,0.00,,0.00,0.0,charge_interest_normally,charge_principal_normally,0.00,0.0,0.0,0.0,0.0,0.0,,0.0,0.0000,0.0,,,0.0,0.0,,69154.00,-820.0,2081.0,1261.0,1261.0,720.0,100.0,0.0,8,46697.0,9088.0,800.0,0.0,[{'loan_id': 8310078}],56585.00,25/05/2026,12569.00,16,,0,,0,,0,distribute_fees_evenly,1000.00,,0,,0,,0,,0,,0,,0,,0,,0,0,0,0,0,0,0,0,0,0,0,0,0.00,1,0.0,,,"[{'id': 'custom_field_23347', 'name': 'Sales Person'}, {'id': 'custom_field_23167', 'name': 'National ID'}, {'id': 'custom_field_23348', 'name': 'Sales Person(Agent/TL/RO)'}]",KE,Derrick,James Kimani,,25729246,Male,1,0721661501,kimaniderrick@gmail.com,05/03/1987,"City Estate apartments,Hse no.30",Nairobi,Nairobi,,0711737300,,,,,,[72709],25729246,Nelly Mukiri,"[{'file_id': 1905903, 's3_link': 'https://loandisk-borrowers.s3.amazonaws.com/img20220224_15233788-2458371.pdf?response-content-disposition=attachment%3B%20filename%3D%22img20220224_15233788.pdf%22&X-Amz-Content-Sha256=UNSIGNED-PAYLOAD&X-Amz-Algorithm=AWS4-HMAC-SHA256&X-Amz-Credential=AKIAYUBLFC5TP3LJIQ5H%2F20251003%2Fus-east-1%2Fs3%2Faws4_request&X-Amz-Date=20251003T135131Z&X-Amz-SignedHeaders=host&X-Amz-Expires=28800&X-Amz-Signature=5baf1325b049306206954db0f8778988dabc349018695ef7c55454a229d70a31', 'name': 'img20220224_15233788.pdf'}, {'file_id': 1905904, 's3_link': 'https://loandisk-borrowers.s3.amazonaws.com/img20220224_15301061-2458372.pdf?response-content-disposition=attachment%3B%20filename%3D%22img20220224_15301061.pdf%22&X-Amz-Content-Sha256=UNSIGNED-PAYLOAD&X-Amz-Algorithm=AWS4-HMAC-SHA256&X-Amz-Credential=AKIAYUBLFC5TP3LJIQ5H%2F20251003%2Fus-east-1%2Fs3%2Faws4_request&X-Amz-Date=20251003T135131Z&X-Amz-SignedHeaders=host&X-Amz-Expires=28800&X-Amz-Signature=3ae1a722af5280f1267652817f9ef371c17c74d99714094f6884cd0b0fcccde2', 'name': 'img20220224_15301061.pdf'}, {'file_id': 7711612, 's3_link': 'https://loandisk-borrowers.s3.amazonaws.com/DERRICK%20JAMES-10802066.pdf?response-content-disposition=attachment%3B%20filename%3D%22DERRICK%2520JAMES.pdf%22&X-Amz-Content-Sha256=UNSIGNED-PAYLOAD&X-Amz-Algorithm=AWS4-HMAC-SHA256&X-Amz-Credential=AKIAYUBLFC5TP3LJIQ5H%2F20251003%2Fus-east-1%2Fs3%2Faws4_request&X-Amz-Date=20251003T135131Z&X-Amz-SignedHeaders=host&X-Amz-Expires=28800&X-Amz-Signature=5b10369fed72457496cd3755e4715e50c1158f973e8c4ea7cdd2ca277f97cb8c', 'name': 'DERRICK JAMES.pdf'}, {'file_id': 7997262, 's3_link': 'https://loandisk-borrowers.s3.amazonaws.com/DERRICK%20JAMES-11222524.pdf?response-content-disposition=attachment%3B%20filename%3D%22DERRICK%2520JAMES.pdf%22&X-Amz-Content-Sha256=UNSIGNED-PAYLOAD&X-Amz-Algorithm=AWS4-HMAC-SHA256&X-Amz-Credential=AKIAYUBLFC5TP3LJIQ5H%2F20251003%2Fus-east-1%2Fs3%2Faws4_request&X-Amz-Date=20251003T135131Z&X-Amz-SignedHeaders=host&X-Amz-Expires=28800&X-Amz-Signature=a0a7dcca42788a9499e27c50b246b47b567885e56dc80e2ba6ed3bf78e650581', 'name': 'DERRICK JAMES.pdf'}, {'file_id': 8468993, 's3_link': 'https://loandisk-borrowers.s3.amazonaws.com/Derrick%20offer%20letter%20april%2017th-11913462.pdf?response-content-disposition=attachment%3B%20filename%3D%22Derrick%2520offer%2520letter%2520april%252017th.pdf%22&X-Amz-Content-Sha256=UNSIGNED-PAYLOAD&X-Amz-Algorithm=AWS4-HMAC-SHA256&X-Amz-Credential=AKIAYUBLFC5TP3LJIQ5H%2F20251003%2Fus-east-1%2Fs3%2Faws4_request&X-Amz-Date=20251003T135131Z&X-Amz-SignedHeaders=host&X-Amz-Expires=28800&X-Amz-Signature=1caebe3bd6392abd8185f35695f77eee175002cdeb8ea58b7fe46d8b326f5ffa', 'name': 'Derrick offer letter april 17th.pdf'}, {'file_id': 8468994, 's3_link': 'https://loandisk-borrowers.s3.amazonaws.com/Offer%20letter%20%26%20Insurance%20Forms-11913466.pdf?response-content-disposition=attachment%3B%20filename%3D%22Offer%2520letter%2520%2526%2520Insurance%2520Forms.pdf%22&X-Amz-Content-Sha256=UNSIGNED-PAYLOAD&X-Amz-Algorithm=AWS4-HMAC-SHA256&X-Amz-Credential=AKIAYUBLFC5TP3LJIQ5H%2F20251003%2Fus-east-1%2Fs3%2Faws4_request&X-Amz-Date=20251003T135131Z&X-Amz-SignedHeaders=host&X-Amz-Expires=28800&X-Amz-Signature=6ab064304c01e885631c6744d54b0b992062f3643b7d9272295883a1ff76a972', 'name': 'Offer letter & Insurance Forms.pdf'}, {'file_id': 8469312, 's3_link': 'https://loandisk-borrowers.s3.amazonaws.com/Derrick%20James%20Application-11913882.pdf?response-content-disposition=attachment%3B%20filename%3D%22Derrick%2520James%2520Application.pdf%22&X-Amz-Content-Sha256=UNSIGNED-PAYLOAD&X-Amz-Algorithm=AWS4-HMAC-SHA256&X-Amz-Credential=AKIAYUBLFC5TP3LJIQ5H%2F20251003%2Fus-east-1%2Fs3%2Faws4_request&X-Amz-Date=20251003T135131Z&X-Amz-SignedHeaders=host&X-Amz-Expires=28800&X-Amz-Signature=c6e2064ef85006cac695698240fabfd168c31c872a69c8a5e88878b7237725cb', 'name': 'Derrick James Application.pdf'}]",,,Joab Simiyu,,8550
9093779,253137,1190905,27637,27996,1400000.00,140000.00,27/08/2025,flat_rate,percentage,Month,10.0000,Months,1,3,1,0.00,round_off_to_two_decimal,,,,,,,,,,,,,,,,,,,,,,,,,,,,1554000.00,1554000.0,0.0,1554000.0,1400000.0,140000.0,0.0,14000.0,6,1400000.0,140000.0,0.0,14000.0,[],1554000.00,27/09/2025,0.00,6,,0,,0,,0,,0,,0,,0,,0,,0,,0,,0,,0,,0,0,0,0,0,0,0,0,0,0,0,0,0.00,1,,,,"[{'id': 'custom_field_23347', 'name': 'Sales Person'}, {'id': 'custom_field_23167', 'name': 'National ID'}, {'id': 'custom_field_23348', 'name': 'Sales Person(Agent/TL/RO)'}]",KE,Vincent,Thomas Otieno,,1475114,Male,1,0722512446,vtotieno@yahoo.com,28/12/1970,"Cider Heights Apartment,Hamisi Road",Nairobi,Nairobi,,0722972950,,,5ee89e5c6f52e-453038.JPG,,,[99851],10959182,Edward Magero,"[{'file_id': 339073, 's3_link': 'https://loandisk-borrowers.s3.amazonaws.com/DSC00293-453027.JPG?response-content-disposition=attachment%3B%20filename%3D%22DSC00293.JPG%22&X-Amz-Content-Sha256=UNSIGNED-PAYLOAD&X-Amz-Algorithm=AWS4-HMAC-SHA256&X-Amz-Credential=AKIAYUBLFC5TP3LJIQ5H%2F20251003%2Fus-east-1%2Fs3%2Faws4_request&X-Amz-Date=20251003T135131Z&X-Amz-SignedHeaders=host&X-Amz-Expires=28800&X-Amz-Signature=eed72072f132b82c721b1d0163fa634e1a8e826b411874140882ecf44f8dec96', 'name': 'DSC00293.JPG'}, {'file_id': 339074, 's3_link': 'https://loandisk-borrowers.s3.amazonaws.com/DSC00294-453036.JPG?response-content-disposition=attachment%3B%20filename%3D%22DSC00294.JPG%22&X-Amz-Content-Sha256=UNSIGNED-PAYLOAD&X-Amz-Algorithm=AWS4-HMAC-SHA256&X-Amz-Credential=AKIAYUBLFC5TP3LJIQ5H%2F20251003%2Fus-east-1%2Fs3%2Faws4_request&X-Amz-Date=20251003T135131Z&X-Amz-SignedHeaders=host&X-Amz-Expires=28800&X-Amz-Signature=5f0f615d3f9dbb6155089d84fa34cdd38edc745ee4ab9de095eccc6b51a76249', 'name': 'DSC00294.JPG'}, {'file_id': 339075, 's3_link': 'https://loandisk-borrowers.s3.amazonaws.com/DSC00295-453037.JPG?response-content-disposition=attachment%3B%20filename%3D%22DSC00295.JPG%22&X-Amz-Content-Sha256=UNSIGNED-PAYLOAD&X-Amz-Algorithm=AWS4-HMAC-SHA256&X-Amz-Credential=AKIAYUBLFC5TP3LJIQ5H%2F20251003%2Fus-east-1%2Fs3%2Faws4_request&X-Amz-Date=20251003T135131Z&X-Amz-SignedHeaders=host&X-Amz-Expires=28800&X-Amz-Signature=46ab9ff172ac3092c2d35ee16dbcabcb75253bc36634e07e8a197571c8da4b80', 'name': 'DSC00295.JPG'}, {'file_id': 2060230, 's3_link': 'https://loandisk-borrowers.s3.amazonaws.com/img20220331_12040705-2668848.pdf?response-content-disposition=attachment%3B%20filename%3D%22img20220331_12040705.pdf%22&X-Amz-Content-Sha256=UNSIGNED-PAYLOAD&X-Amz-Algorithm=AWS4-HMAC-SHA256&X-Amz-Credential=AKIAYUBLFC5TP3LJIQ5H%2F20251003%2Fus-east-1%2Fs3%2Faws4_request&X-Amz-Date=20251003T135131Z&X-Amz-SignedHeaders=host&X-Amz-Expires=28800&X-Amz-Signature=47eb08bb28a34981388aeeeffa7cf6d17acdc4480dad2a7683e4ed980b5a97a1', 'name': 'img20220331_12040705.pdf'}, {'file_id': 8874941, 's3_link': 'https://loandisk-borrowers.s3.amazonaws.com/Thomas%20Otieno-12500297.pdf?response-content-disposition=attachment%3B%20filename%3D%22Thomas%2520Otieno.pdf%22&X-Amz-Content-Sha256=UNSIGNED-PAYLOAD&X-Amz-Algorithm=AWS4-HMAC-SHA256&X-Amz-Credential=AKIAYUBLFC5TP3LJIQ5H%2F20251003%2Fus-east-1%2Fs3%2Faws4_request&X-Amz-Date=20251003T135131Z&X-Amz-SignedHeaders=host&X-Amz-Expires=28800&X-Amz-Signature=16552c192b6be22fc99dc641653d172260a784ef6a3a3d24d5b99302626e1edb', 'name': 'Thomas Otieno.pdf'}, {'file_id': 8874942, 's3_link': 'https://loandisk-borrowers.s3.amazonaws.com/Vincent%20Thomas-12500298.pdf?response-content-disposition=attachment%3B%20filename%3D%22Vincent%2520Thomas.pdf%22&X-Amz-Content-Sha256=UNSIGNED-PAYLOAD&X-Amz-Algorithm=AWS4-HMAC-SHA256&X-Amz-Credential=AKIAYUBLFC5TP3LJIQ5H%2F20251003%2Fus-east-1%2Fs3%2Faws4_request&X-Amz-Date=20251003T135131Z&X-Amz-SignedHeaders=host&X-Amz-Expires=28800&X-Amz-Signature=632544827510f592117ada9475db3f0cc78305e10e5a3f862cc095ee81c82728', 'name': 'Vincent Thomas.pdf'}]",https://loandisk-borrowers-photo-thumbnails.s3.amazonaws.com/5ee89e5c6f52e-453038.JPG?X-Amz-Content-Sha256=UNSIGNED-PAYLOAD&X-Amz-Algorithm=AWS4-HMAC-SHA256&X-Amz-Credential=AKIAYUBLFC5TP3LJIQ5H%2F20251003%2Fus-east-1%2Fs3%2Faws4_request&X-Amz-Date=20251003T135131Z&X-Amz-SignedHeaders=host&X-Amz-Expires=28800&X-Amz-Signature=8b6b837fcab78551d0bac608c6599f3d950cd8dc719d9dfe9a6ddf5d7e5aa453,"[{'file_id': 8874869, 's3_link': 'https://loandisk-loans.s3.amazonaws.com/Vincent%20Thomas-12500212.pdf?response-content-disposition=attachment%3B%20filename%3D%22Vincent%2520Thomas.pdf%22&X-Amz-Content-Sha256=UNSIGNED-PAYLOAD&X-Amz-Algorithm=AWS4-HMAC-SHA256&X-Amz-Credential=AKIAYUBLFC5TP3LJIQ5H%2F20251003%2Fus-east-1%2Fs3%2Faws4_request&X-Amz-Date=20251003T135131Z&X-Amz-SignedHeaders=host&X-Amz-Expires=28800&X-Amz-Signature=c9c72e58bd8b1fba93832ed0fc3c7e5e1d55f1700c4c21023f227fb4f81288a2', 'name': 'Vincent Thomas.pdf'}, {'file_id': 8874870, 's3_link': 'https://loandisk-loans.s3.amazonaws.com/Thomas%20Otieno-12500215.pdf?response-content-disposition=attachment%3B%20filename%3D%22Thomas%2520Otieno.pdf%22&X-Amz-Content-Sha256=UNSIGNED-PAYLOAD&X-Amz-Algorithm=AWS4-HMAC-SHA256&X-Amz-Credential=AKIAYUBLFC5TP3LJIQ5H%2F20251003%2Fus-east-1%2Fs3%2Faws4_request&X-Amz-Date=20251003T135131Z&X-Amz-SignedHeaders=host&X-Amz-Expires=28800&X-Amz-Signature=178aa66e8eebc931a60702e5130784353e5ad75381e9c8ca33bce02a9799ac4e', 'name': 'Thomas Otieno.pdf'}]",Geoffrey Odhiambo,,8550
9112050,36826,6339404,27650,27996,100000.00,15000.00,29/08/2025,flat_rate,percentage,Month,15.0000,Months,1,3,1,0.00,round_off_to_two_decimal,,,,,,,,,,,,,,,,,,,,,,,,,,,,118000.00,118000.0,0.0,118000.0,100000.0,15000.0,0.0,3000.0,4,100000.0,15000.0,0.0,3000.0,[],118000.00,29/09/2025,0.00,6,,0,,0,,0,,0,,0,,0,,0,,0,,0,,0,,0,,0,0,0,0,0,0,0,0,0,0,0,0,0.00,1,,,,"[{'id': 'custom_field_23347', 'name': 'Sales Person'}, {'id': 'custom_field_23167', 'name': 'National ID'}, {'id': 'custom_field_23348', 'name': 'Sales Person(Agent/TL/RO)'}]",KE,VITALIS,KIPROTICH KIPLAGAT,,6451897,Male,1,0725155157,vitkiprotich@gmail.com,07/07/1994,40,MARIGAT,,30403,0713367516,,,67ee9ce04036b-10999910.jpeg,,,[23914],32976659,George Barasa,"[{'file_id': 7857068, 's3_link': 'https://loandisk-borrowers.s3.amazonaws.com/VITALIS%20KIPROTICH%202-11020197.pdf?response-content-disposition=attachment%3B%20filename%3D%22VITALIS%2520KIPROTICH%25202.pdf%22&X-Amz-Content-Sha256=UNSIGNED-PAYLOAD&X-Amz-Algorithm=AWS4-HMAC-SHA256&X-Amz-Credential=AKIAYUBLFC5TP3LJIQ5H%2F20251003%2Fus-east-1%2Fs3%2Faws4_request&X-Amz-Date=20251003T135131Z&X-Amz-SignedHeaders=host&X-Amz-Expires=28800&X-Amz-Signature=8e78629a7bfe9bbdff35d7fd83eb1129fb5492e8dae89401413362bd91799032', 'name': 'VITALIS KIPROTICH 2.pdf'}, {'file_id': 7857069, 's3_link': 'https://loandisk-borrowers.s3.amazonaws.com/VITALIS%20KIPROTICH-11020198.pdf?response-content-disposition=attachment%3B%20filename%3D%22VITALIS%2520KIPROTICH.pdf%22&X-Amz-Content-Sha256=UNSIGNED-PAYLOAD&X-Amz-Algorithm=AWS4-HMAC-SHA256&X-Amz-Credential=AKIAYUBLFC5TP3LJIQ5H%2F20251003%2Fus-east-1%2Fs3%2Faws4_request&X-Amz-Date=20251003T135131Z&X-Amz-SignedHeaders=host&X-Amz-Expires=28800&X-Amz-Signature=295606b806ff56a47f0026af4c0d78efb35b59c34f0c24b9c57932bc89eb4e8a', 'name': 'VITALIS KIPROTICH.pdf'}, {'file_id': 8840564, 's3_link': 'https://loandisk-borrowers.s3.amazonaws.com/Vitalis-12452442.pdf?response-content-disposition=attachment%3B%20filename%3D%22Vitalis.pdf%22&X-Amz-Content-Sha256=UNSIGNED-PAYLOAD&X-Amz-Algorithm=AWS4-HMAC-SHA256&X-Amz-Credential=AKIAYUBLFC5TP3LJIQ5H%2F20251003%2Fus-east-1%2Fs3%2Faws4_request&X-Amz-Date=20251003T135131Z&X-Amz-SignedHeaders=host&X-Amz-Expires=28800&X-Amz-Signature=d733e11b6434c0aef05aa225bc42a230f0bf2881619ab13a3b3976cdb49f3e55', 'name': 'Vitalis.pdf'}, {'file_id': 8840565, 's3_link': 'https://loandisk-borrowers.s3.amazonaws.com/Vitalis%20Kiprotich-12452444.pdf?response-content-disposition=attachment%3B%20filename%3D%22Vitalis%2520Kiprotich.pdf%22&X-Amz-Content-Sha256=UNSIGNED-PAYLOAD&X-Amz-Algorithm=AWS4-HMAC-SHA256&X-Amz-Credential=AKIAYUBLFC5TP3LJIQ5H%2F20251003%2Fus-east-1%2Fs3%2Faws4_request&X-Amz-Date=20251003T135131Z&X-Amz-SignedHeaders=host&X-Amz-Expires=28800&X-Amz-Signature=1e697c00854ff9873fc115b8e338837a29137f0ed0d72c166d464e2f080c157b', 'name': 'Vitalis Kiprotich.pdf'}, {'file_id': 8874782, 's3_link': 'https://loandisk-borrowers.s3.amazonaws.com/Vitalis%20Kiplangat-12500127.pdf?response-content-disposition=attachment%3B%20filename%3D%22Vitalis%2520Kiplangat.pdf%22&X-Amz-Content-Sha256=UNSIGNED-PAYLOAD&X-Amz-Algorithm=AWS4-HMAC-SHA256&X-Amz-Credential=AKIAYUBLFC5TP3LJIQ5H%2F20251003%2Fus-east-1%2Fs3%2Faws4_request&X-Amz-Date=20251003T135131Z&X-Amz-SignedHeaders=host&X-Amz-Expires=28800&X-Amz-Signature=7a7699ac0b8cc6d432f90b9c22a2459ddeee8886bd6d59edb0a25880f07db6c3', 'name': 'Vitalis Kiplangat.pdf'}, {'file_id': 8874783, 's3_link': 'https://loandisk-borrowers.s3.amazonaws.com/Vitalis%20Kiprotich-12500128.pdf?response-content-disposition=attachment%3B%20filename%3D%22Vitalis%2520Kiprotich.pdf%22&X-Amz-Content-Sha256=UNSIGNED-PAYLOAD&X-Amz-Algorithm=AWS4-HMAC-SHA256&X-Amz-Credential=AKIAYUBLFC5TP3LJIQ5H%2F20251003%2Fus-east-1%2Fs3%2Faws4_request&X-Amz-Date=20251003T135131Z&X-Amz-SignedHeaders=host&X-Amz-Expires=28800&X-Amz-Signature=389893c1220c8d9cc03e3913db0dbb012c56f9c2e5799ffe037f691f119ae77c', 'name': 'Vitalis Kiprotich.pdf'}, {'file_id': 8941066, 's3_link': 'https://loandisk-borrowers.s3.amazonaws.com/Vitalis%20Kiprotich-12602160.pdf?response-content-disposition=attachment%3B%20filename%3D%22Vitalis%2520Kiprotich.pdf%22&X-Amz-Content-Sha256=UNSIGNED-PAYLOAD&X-Amz-Algorithm=AWS4-HMAC-SHA256&X-Amz-Credential=AKIAYUBLFC5TP3LJIQ5H%2F20251003%2Fus-east-1%2Fs3%2Faws4_request&X-Amz-Date=20251003T135131Z&X-Amz-SignedHeaders=host&X-Amz-Expires=28800&X-Amz-Signature=f81bc9fbe4f5be9bd8ec975aba824a446f4b95d7cfb9e6319045fa594869b51f', 'name': 'Vitalis Kiprotich.pdf'}, {'file_id': 8941067, 's3_link': 'https://loandisk-borrowers.s3.amazonaws.com/Vitalis%20Kiplangat-12602162.pdf?response-content-disposition=attachment%3B%20filename%3D%22Vitalis%2520Kiplangat.pdf%22&X-Amz-Content-Sha256=UNSIGNED-PAYLOAD&X-Amz-Algorithm=AWS4-HMAC-SHA256&X-Amz-Credential=AKIAYUBLFC5TP3LJIQ5H%2F20251003%2Fus-east-1%2Fs3%2Faws4_request&X-Amz-Date=20251003T135131Z&X-Amz-SignedHeaders=host&X-Amz-Expires=28800&X-Amz-Signature=cdb2360efd7015cc324adaacac2f6ea6c03b73b75229f18c9bb8cb8121d92d08', 'name': 'Vitalis Kiplangat.pdf'}, {'file_id': 8941068, 's3_link': 'https://loandisk-borrowers.s3.amazonaws.com/Kiplangat%20Vitalis-12602164.pdf?response-content-disposition=attachment%3B%20filename%3D%22Kiplangat%2520Vitalis.pdf%22&X-Amz-Content-Sha256=UNSIGNED-PAYLOAD&X-Amz-Algorithm=AWS4-HMAC-SHA256&X-Amz-Credential=AKIAYUBLFC5TP3LJIQ5H%2F20251003%2Fus-east-1%2Fs3%2Faws4_request&X-Amz-Date=20251003T135131Z&X-Amz-SignedHeaders=host&X-Amz-Expires=28800&X-Amz-Signature=c39930279897bd1d59c22991e926f6c792d20bc1f9e130e352d5b844f7327818', 'name': 'Kiplangat Vitalis.pdf'}, {'file_id': 8941069, 's3_link': 'https://loandisk-borrowers.s3.amazonaws.com/Kiplangat%20Kiprotich-12602170.pdf?response-content-disposition=attachment%3B%20filename%3D%22Kiplangat%2520Kiprotich.pdf%22&X-Amz-Content-Sha256=UNSIGNED-PAYLOAD&X-Amz-Algorithm=AWS4-HMAC-SHA256&X-Amz-Credential=AKIAYUBLFC5TP3LJIQ5H%2F20251003%2Fus-east-1%2Fs3%2Faws4_request&X-Amz-Date=20251003T135131Z&X-Amz-SignedHeaders=host&X-Amz-Expires=28800&X-Amz-Signature=b1e7d05942dd65767e252f7b0989703a13c5fe2f7db5dc7404f7f487e9737761', 'name': 'Kiplangat Kiprotich.pdf'}]",https://loandisk-borrowers-photo-thumbnails.s3.amazonaws.com/67ee9ce04036b-10999910.jpeg?X-Amz-Content-Sha256=UNSIGNED-PAYLOAD&X-Amz-Algorithm=AWS4-HMAC-SHA256&X-Amz-Credential=AKIAYUBLFC5TP3LJIQ5H%2F20251003%2Fus-east-1%2Fs3%2Faws4_request&X-Amz-Date=20251003T135131Z&X-Amz-SignedHeaders=host&X-Amz-Expires=28800&X-Amz-Signature=937287b60c87e50354d1080b14f5537df7457c6a79fbdf1fa5a74128bf88543b,,Edward Magero,,8550
9129940,253137,721918,27660,27996,150000.00,22500.00,29/08/2025,flat_rate,percentage,Month,15.0000,Months,1,3,1,0.00,round_off_to_two_decimal,,,,,,,,,,,,,,,,,,,,,,,,,,,,172500.00,162500.0,0.0,162500.0,150000.0,12500.0,0.0,0.0,4,150000.0,12500.0,0.0,0.0,[{'loan_id': 8912546}],162500.00,29/09/2025,10000.00,6,,0,,0,,0,,0,,0,,0,,0,,0,,0,,0,,0,,0,0,0,0,0,0,0,0,0,0,0,0,0.00,1,,,,"[{'id': 'custom_field_23347', 'name': 'Sales Person'}, {'id': 'custom_field_23167', 'name': 'National ID'}, {'id': 'custom_field_23348', 'name': 'Sales Person(Agent/TL/RO)'}]",KE,Steve,Kelly Ouma,,25243025,Male,1,0727824175,stvkellz@gmail.com,24/02/1987,Fedha Estate,Nairobi,Nairobi,,0729149184,,,5d690efca5502.jpg,,,[72709],25243025,JOAB SIMIYU,"[{'file_id': 88215, 's3_link': 'https://loandisk-borrowers.s3.amazonaws.com/001-95009.jpg?response-content-disposition=attachment%3B%20filename%3D%22001.jpg%22&X-Amz-Content-Sha256=UNSIGNED-PAYLOAD&X-Amz-Algorithm=AWS4-HMAC-SHA256&X-Amz-Credential=AKIAYUBLFC5TP3LJIQ5H%2F20251003%2Fus-east-1%2Fs3%2Faws4_request&X-Amz-Date=20251003T135131Z&X-Amz-SignedHeaders=host&X-Amz-Expires=28800&X-Amz-Signature=a7afa0993fbe787f3225ea96ef8fed6ed87a80759354eade89d6369d4a2c0bbe', 'name': '001.jpg'}, {'file_id': 88216, 's3_link': 'https://loandisk-borrowers.s3.amazonaws.com/001-95010.jpg?response-content-disposition=attachment%3B%20filename%3D%22001.jpg%22&X-Amz-Content-Sha256=UNSIGNED-PAYLOAD&X-Amz-Algorithm=AWS4-HMAC-SHA256&X-Amz-Credential=AKIAYUBLFC5TP3LJIQ5H%2F20251003%2Fus-east-1%2Fs3%2Faws4_request&X-Amz-Date=20251003T135131Z&X-Amz-SignedHeaders=host&X-Amz-Expires=28800&X-Amz-Signature=a35a75bb7255851b8c3bdea6602161d7bd2fa0db39995ca580ba90af86699673', 'name': '001.jpg'}, {'file_id': 260821, 's3_link': 'https://loandisk-borrowers.s3.amazonaws.com/Image%20%28100%29-364783.jpg?response-content-disposition=attachment%3B%20filename%3D%22Image%2520%2528100%2529.jpg%22&X-Amz-Content-Sha256=UNSIGNED-PAYLOAD&X-Amz-Algorithm=AWS4-HMAC-SHA256&X-Amz-Credential=AKIAYUBLFC5TP3LJIQ5H%2F20251003%2Fus-east-1%2Fs3%2Faws4_request&X-Amz-Date=20251003T135131Z&X-Amz-SignedHeaders=host&X-Amz-Expires=28800&X-Amz-Signature=d5a827f80b7fd032b4979998cee10566310fed21afd021e97adf4de5fe0d0812', 'name': 'Image (100).jpg'}, {'file_id': 260822, 's3_link': 'https://loandisk-borrowers.s3.amazonaws.com/Image%20%28101%29-364785.jpg?response-content-disposition=attachment%3B%20filename%3D%22Image%2520%2528101%2529.jpg%22&X-Amz-Content-Sha256=UNSIGNED-PAYLOAD&X-Amz-Algorithm=AWS4-HMAC-SHA256&X-Amz-Credential=AKIAYUBLFC5TP3LJIQ5H%2F20251003%2Fus-east-1%2Fs3%2Faws4_request&X-Amz-Date=20251003T135131Z&X-Amz-SignedHeaders=host&X-Amz-Expires=28800&X-Amz-Signature=f028f5b5caa3f2e1b304272024e9e998c6932ebcbf44717c6fa882c70e3e5d4a', 'name': 'Image (101).jpg'}, {'file_id': 260823, 's3_link': 'https://loandisk-borrowers.s3.amazonaws.com/Image%20%28102%29-364786.jpg?response-content-disposition=attachment%3B%20filename%3D%22Image%2520%2528102%2529.jpg%22&X-Amz-Content-Sha256=UNSIGNED-PAYLOAD&X-Amz-Algorithm=AWS4-HMAC-SHA256&X-Amz-Credential=AKIAYUBLFC5TP3LJIQ5H%2F20251003%2Fus-east-1%2Fs3%2Faws4_request&X-Amz-Date=20251003T135131Z&X-Amz-SignedHeaders=host&X-Amz-Expires=28800&X-Amz-Signature=b3ce38c6c1530b60921f68c18984eb6befa39638e0cc80c46145607295800562', 'name': 'Image (102).jpg'}, {'file_id': 260824, 's3_link': 'https://loandisk-borrowers.s3.amazonaws.com/Image%20%28103%29-364788.jpg?response-content-disposition=attachment%3B%20filename%3D%22Image%2520%2528103%2529.jpg%22&X-Amz-Content-Sha256=UNSIGNED-PAYLOAD&X-Amz-Algorithm=AWS4-HMAC-SHA256&X-Amz-Credential=AKIAYUBLFC5TP3LJIQ5H%2F20251003%2Fus-east-1%2Fs3%2Faws4_request&X-Amz-Date=20251003T135131Z&X-Amz-SignedHeaders=host&X-Amz-Expires=28800&X-Amz-Signature=77a32c15baa1afe40528a805f6036b33290ce21ca3ab9792bdbe7c68c1559988', 'name': 'Image (103).jpg'}, {'file_id': 7780526, 's3_link': 'https://loandisk-borrowers.s3.amazonaws.com/STEVE%20KELLY-10903298.pdf?response-content-disposition=attachment%3B%20filename%3D%22STEVE%2520KELLY.pdf%22&X-Amz-Content-Sha256=UNSIGNED-PAYLOAD&X-Amz-Algorithm=AWS4-HMAC-SHA256&X-Amz-Credential=AKIAYUBLFC5TP3LJIQ5H%2F20251003%2Fus-east-1%2Fs3%2Faws4_request&X-Amz-Date=20251003T135131Z&X-Amz-SignedHeaders=host&X-Amz-Expires=28800&X-Amz-Signature=e9ca60187fe278fb46d316b7d79aae7f19c6bd65ad83bcef4a0d1df32d7acc95', 'name': 'STEVE KELLY.pdf'}, {'file_id': 7997359, 's3_link': 'https://loandisk-borrowers.s3.amazonaws.com/STEVE%20KELLY%20OUMA-11222619.pdf?response-content-disposition=attachment%3B%20filename%3D%22STEVE%2520KELLY%2520OUMA.pdf%22&X-Amz-Content-Sha256=UNSIGNED-PAYLOAD&X-Amz-Algorithm=AWS4-HMAC-SHA256&X-Amz-Credential=AKIAYUBLFC5TP3LJIQ5H%2F20251003%2Fus-east-1%2Fs3%2Faws4_request&X-Amz-Date=20251003T135131Z&X-Amz-SignedHeaders=host&X-Amz-Expires=28800&X-Amz-Signature=b8bf02a98a77cdc77e6d4f1a69985fdfc889cae63b086b7a112ac8c2809e9f8b', 'name': 'STEVE KELLY OUMA.pdf'}, {'file_id': 8355969, 's3_link': 'https://loandisk-borrowers.s3.amazonaws.com/Offer%20Letter%20Steve%20Kelly-11747586.pdf?response-content-disposition=attachment%3B%20filename%3D%22Offer%2520Letter%2520Steve%2520Kelly.pdf%22&X-Amz-Content-Sha256=UNSIGNED-PAYLOAD&X-Amz-Algorithm=AWS4-HMAC-SHA256&X-Amz-Credential=AKIAYUBLFC5TP3LJIQ5H%2F20251003%2Fus-east-1%2Fs3%2Faws4_request&X-Amz-Date=20251003T135131Z&X-Amz-SignedHeaders=host&X-Amz-Expires=28800&X-Amz-Signature=6af744ec1af6d54dda8befc04d4c84e5d82e9420c9d68f9977f6d5f992ac11c8', 'name': 'Offer Letter Steve Kelly.pdf'}]",https://loandisk-borrowers-photo-thumbnails.s3.amazonaws.com/5d690efca5502.jpg?X-Amz-Content-Sha256=UNSIGNED-PAYLOAD&X-Amz-Algorithm=AWS4-HMAC-SHA256&X-Amz-Credential=AKIAYUBLFC5TP3LJIQ5H%2F20251003%2Fus-east-1%2Fs3%2Faws4_request&X-Amz-Date=20251003T135131Z&X-Amz-SignedHeaders=host&X-Amz-Expires=28800&X-Amz-Signature=7e2fdbeef828288c98edb3d4c2bbf94d28851cfa924508cd4d3d2fe0e8ff918d,,Joab Simiyu,,8550
9135093,300334,6285383,27665,27996,650000.00,312000.00,02/09/2025,flat_rate,percentage,Month,4.0000,Months,12,3,12,0.00,round_off_to_two_decimal,,,,,,,,,,,,,,,,,,,,,,,,,,,,998831.67,83166.67,831.67,83998.34,54166.67,26000.0,3000.0,831.67,1,650000.0,312000.0,36000.0,831.67,[],998831.67,02/09/2026,0.00,5,,0,,0,,0,,0,,0,,0,,0,,0,,0,,0,,0,distribute_fees_evenly,36000.00,0,0,0,0,0,0,0,0,0,0,0,0.00,1,,,,"[{'id': 'custom_field_23347', 'name': 'Sales Person'}, {'id': 'custom_field_23167', 'name': 'National ID'}, {'id': 'custom_field_23348', 'name': 'Sales Person(Agent/TL/RO)'}]",KE,PAULINE,AMBUTSI WAMUKOWA,MALI THERAPY CENTER,23688085,Female,4,0720467107,polikowa@gmail.com,13/11/1983,"71933  -1.308057, 36.801365",Nairobi,,00100,0715548939,,,67d14f89103e4-10774167.jpeg,,,[23914],23688085,Edward Magero,"[{'file_id': 7691783, 's3_link': 'https://loandisk-borrowers.s3.amazonaws.com/20250311235256666-10773971.pdf?response-content-disposition=attachment%3B%20filename%3D%2220250311235256666.pdf%22&X-Amz-Content-Sha256=UNSIGNED-PAYLOAD&X-Amz-Algorithm=AWS4-HMAC-SHA256&X-Amz-Credential=AKIAYUBLFC5TP3LJIQ5H%2F20251003%2Fus-east-1%2Fs3%2Faws4_request&X-Amz-Date=20251003T135132Z&X-Amz-SignedHeaders=host&X-Amz-Expires=28800&X-Amz-Signature=1b0c3d38cb9a1eac6be867238c219540980a71f7c9923f28b8767931100d5c6c', 'name': '20250311235256666.pdf'}, {'file_id': 7691933, 's3_link': 'https://loandisk-borrowers.s3.amazonaws.com/20250311235323061_0001-10774176.jpg?response-content-disposition=attachment%3B%20filename%3D%2220250311235323061_0001.jpg%22&X-Amz-Content-Sha256=UNSIGNED-PAYLOAD&X-Amz-Algorithm=AWS4-HMAC-SHA256&X-Amz-Credential=AKIAYUBLFC5TP3LJIQ5H%2F20251003%2Fus-east-1%2Fs3%2Faws4_request&X-Amz-Date=20251003T135132Z&X-Amz-SignedHeaders=host&X-Amz-Expires=28800&X-Amz-Signature=ea84aee2830852894dca777a0acf876dd22abb687d8452ad20178e807bb6a5e3', 'name': '20250311235323061_0001.jpg'}, {'file_id': 9074461, 's3_link': 'https://loandisk-borrowers.s3.amazonaws.com/Pauline%20Ambutsi%20Wamukowa-12795498.pdf?response-content-disposition=attachment%3B%20filename%3D%22Pauline%2520Ambutsi%2520Wamukowa.pdf%22&X-Amz-Content-Sha256=UNSIGNED-PAYLOAD&X-Amz-Algorithm=AWS4-HMAC-SHA256&X-Amz-Credential=AKIAYUBLFC5TP3LJIQ5H%2F20251003%2Fus-east-1%2Fs3%2Faws4_request&X-Amz-Date=20251003T135132Z&X-Amz-SignedHeaders=host&X-Amz-Expires=28800&X-Amz-Signature=9ca6a29c90c103bc88c1b7622c8cf329db1aa23043de7eb20f6e4b5fd98ba17b', 'name': 'Pauline Ambutsi Wamukowa.pdf'}]",https://loandisk-borrowers-photo-thumbnails.s3.amazonaws.com/67d14f89103e4-10774167.jpeg?X-Amz-Content-Sha256=UNSIGNED-PAYLOAD&X-Amz-Algorithm=AWS4-HMAC-SHA256&X-Amz-Credential=AKIAYUBLFC5TP3LJIQ5H%2F20251003%2Fus-east-1%2Fs3%2Faws4_request&X-Amz-Date=20251003T135132Z&X-Amz-SignedHeaders=host&X-Amz-Expires=28800&X-Amz-Signature=4ba4edf7f79e195065095e26cd70e5abc6c5e714296c07461d26ab10af95946d,,Edward Magero,,8550
9135493,253137,6339404,27667,27996,60000.00,9000.00,02/09/2025,flat_rate,percentage,Month,15.0000,Months,1,3,1,0.00,round_off_to_two_decimal,,,,,,,,,,,,,,,,,,,,,,,,,,,,69000.00,69000.0,0.0,69000.0,60000.0,9000.0,0.0,0.0,1,60000.0,9000.0,0.0,0.0,[],69000.00,02/10/2025,0.00,6,,0,,0,,0,,0,,0,,0,,0,,0,,0,,0,,0,,0,0,0,0,0,0,0,0,0,0,0,0,0.00,1,,,,"[{'id': 'custom_field_23347', 'name': 'Sales Person'}, {'id': 'custom_field_23167', 'name': 'National ID'}, {'id': 'custom_field_23348', 'name': 'Sales Person(Agent/TL/RO)'}]",KE,VITALIS,KIPROTICH KIPLAGAT,,6451897,Male,1,0725155157,vitkiprotich@gmail.com,07/07/1994,40,MARIGAT,,30403,0713367516,,,67ee9ce04036b-10999910.jpeg,,,[23914],32976659,George Barasa,"[{'file_id': 7857068, 's3_link': 'https://loandisk-borrowers.s3.amazonaws.com/VITALIS%20KIPROTICH%202-11020197.pdf?response-content-disposition=attachment%3B%20filename%3D%22VITALIS%2520KIPROTICH%25202.pdf%22&X-Amz-Content-Sha256=UNSIGNED-PAYLOAD&X-Amz-Algorithm=AWS4-HMAC-SHA256&X-Amz-Credential=AKIAYUBLFC5TP3LJIQ5H%2F20251003%2Fus-east-1%2Fs3%2Faws4_request&X-Amz-Date=20251003T135132Z&X-Amz-SignedHeaders=host&X-Amz-Expires=28800&X-Amz-Signature=c61f9dda8730af2365d11b12000620b956c42904cbe74822dba03b6660f31bc2', 'name': 'VITALIS KIPROTICH 2.pdf'}, {'file_id': 7857069, 's3_link': 'https://loandisk-borrowers.s3.amazonaws.com/VITALIS%20KIPROTICH-11020198.pdf?response-content-disposition=attachment%3B%20filename%3D%22VITALIS%2520KIPROTICH.pdf%22&X-Amz-Content-Sha256=UNSIGNED-PAYLOAD&X-Amz-Algorithm=AWS4-HMAC-SHA256&X-Amz-Credential=AKIAYUBLFC5TP3LJIQ5H%2F20251003%2Fus-east-1%2Fs3%2Faws4_request&X-Amz-Date=20251003T135132Z&X-Amz-SignedHeaders=host&X-Amz-Expires=28800&X-Amz-Signature=ead0838a33cee425b2e0c6c0fc9dbc2f8e31bb51946fcfe25fdc0e6eb5b98106', 'name': 'VITALIS KIPROTICH.pdf'}, {'file_id': 8840564, 's3_link': 'https://loandisk-borrowers.s3.amazonaws.com/Vitalis-12452442.pdf?response-content-disposition=attachment%3B%20filename%3D%22Vitalis.pdf%22&X-Amz-Content-Sha256=UNSIGNED-PAYLOAD&X-Amz-Algorithm=AWS4-HMAC-SHA256&X-Amz-Credential=AKIAYUBLFC5TP3LJIQ5H%2F20251003%2Fus-east-1%2Fs3%2Faws4_request&X-Amz-Date=20251003T135132Z&X-Amz-SignedHeaders=host&X-Amz-Expires=28800&X-Amz-Signature=dff3f2c1300750de61f024fa585ef39ee4d77de646dd65694b57de62b4da963d', 'name': 'Vitalis.pdf'}, {'file_id': 8840565, 's3_link': 'https://loandisk-borrowers.s3.amazonaws.com/Vitalis%20Kiprotich-12452444.pdf?response-content-disposition=attachment%3B%20filename%3D%22Vitalis%2520Kiprotich.pdf%22&X-Amz-Content-Sha256=UNSIGNED-PAYLOAD&X-Amz-Algorithm=AWS4-HMAC-SHA256&X-Amz-Credential=AKIAYUBLFC5TP3LJIQ5H%2F20251003%2Fus-east-1%2Fs3%2Faws4_request&X-Amz-Date=20251003T135132Z&X-Amz-SignedHeaders=host&X-Amz-Expires=28800&X-Amz-Signature=59c51b512a8cf72ba4055ff84b0f2ee205e4d0fc2f19f5e51992f45087e4d102', 'name': 'Vitalis Kiprotich.pdf'}, {'file_id': 8874782, 's3_link': 'https://loandisk-borrowers.s3.amazonaws.com/Vitalis%20Kiplangat-12500127.pdf?response-content-disposition=attachment%3B%20filename%3D%22Vitalis%2520Kiplangat.pdf%22&X-Amz-Content-Sha256=UNSIGNED-PAYLOAD&X-Amz-Algorithm=AWS4-HMAC-SHA256&X-Amz-Credential=AKIAYUBLFC5TP3LJIQ5H%2F20251003%2Fus-east-1%2Fs3%2Faws4_request&X-Amz-Date=20251003T135132Z&X-Amz-SignedHeaders=host&X-Amz-Expires=28800&X-Amz-Signature=3cb5e42ea41d776ef4035d7744e1f32e316cc59dd9a083d0681a189cc7a094c2', 'name': 'Vitalis Kiplangat.pdf'}, {'file_id': 8874783, 's3_link': 'https://loandisk-borrowers.s3.amazonaws.com/Vitalis%20Kiprotich-12500128.pdf?response-content-disposition=attachment%3B%20filename%3D%22Vitalis%2520Kiprotich.pdf%22&X-Amz-Content-Sha256=UNSIGNED-PAYLOAD&X-Amz-Algorithm=AWS4-HMAC-SHA256&X-Amz-Credential=AKIAYUBLFC5TP3LJIQ5H%2F20251003%2Fus-east-1%2Fs3%2Faws4_request&X-Amz-Date=20251003T135132Z&X-Amz-SignedHeaders=host&X-Amz-Expires=28800&X-Amz-Signature=e56e92442ee3e5d5babc4bb3a064f2c55272008cf1c6500f53743bc67feb7b34', 'name': 'Vitalis Kiprotich.pdf'}, {'file_id': 8941066, 's3_link': 'https://loandisk-borrowers.s3.amazonaws.com/Vitalis%20Kiprotich-12602160.pdf?response-content-disposition=attachment%3B%20filename%3D%22Vitalis%2520Kiprotich.pdf%22&X-Amz-Content-Sha256=UNSIGNED-PAYLOAD&X-Amz-Algorithm=AWS4-HMAC-SHA256&X-Amz-Credential=AKIAYUBLFC5TP3LJIQ5H%2F20251003%2Fus-east-1%2Fs3%2Faws4_request&X-Amz-Date=20251003T135132Z&X-Amz-SignedHeaders=host&X-Amz-Expires=28800&X-Amz-Signature=c7aae54bcfb0c7142f48fe9ec56d15b0b6d6652007bd429b6af024953b5bd52d', 'name': 'Vitalis Kiprotich.pdf'}, {'file_id': 8941067, 's3_link': 'https://loandisk-borrowers.s3.amazonaws.com/Vitalis%20Kiplangat-12602162.pdf?response-content-disposition=attachment%3B%20filename%3D%22Vitalis%2520Kiplangat.pdf%22&X-Amz-Content-Sha256=UNSIGNED-PAYLOAD&X-Amz-Algorithm=AWS4-HMAC-SHA256&X-Amz-Credential=AKIAYUBLFC5TP3LJIQ5H%2F20251003%2Fus-east-1%2Fs3%2Faws4_request&X-Amz-Date=20251003T135132Z&X-Amz-SignedHeaders=host&X-Amz-Expires=28800&X-Amz-Signature=171243f9d8ee06d3120c3b5a5fdb251bfba04b62f51ee4a9272a12ef72ac2897', 'name': 'Vitalis Kiplangat.pdf'}, {'file_id': 8941068, 's3_link': 'https://loandisk-borrowers.s3.amazonaws.com/Kiplangat%20Vitalis-12602164.pdf?response-content-disposition=attachment%3B%20filename%3D%22Kiplangat%2520Vitalis.pdf%22&X-Amz-Content-Sha256=UNSIGNED-PAYLOAD&X-Amz-Algorithm=AWS4-HMAC-SHA256&X-Amz-Credential=AKIAYUBLFC5TP3LJIQ5H%2F20251003%2Fus-east-1%2Fs3%2Faws4_request&X-Amz-Date=20251003T135132Z&X-Amz-SignedHeaders=host&X-Amz-Expires=28800&X-Amz-Signature=fe0ba2e9b4d21ea394295cce402499050b37d5a4101058dbae024c0b3de2aed9', 'name': 'Kiplangat Vitalis.pdf'}, {'file_id': 8941069, 's3_link': 'https://loandisk-borrowers.s3.amazonaws.com/Kiplangat%20Kiprotich-12602170.pdf?response-content-disposition=attachment%3B%20filename%3D%22Kiplangat%2520Kiprotich.pdf%22&X-Amz-Content-Sha256=UNSIGNED-PAYLOAD&X-Amz-Algorithm=AWS4-HMAC-SHA256&X-Amz-Credential=AKIAYUBLFC5TP3LJIQ5H%2F20251003%2Fus-east-1%2Fs3%2Faws4_request&X-Amz-Date=20251003T135132Z&X-Amz-SignedHeaders=host&X-Amz-Expires=28800&X-Amz-Signature=a83bd06b81e14e176ad1a11c0989d5ab35a894df6725b015b6c95b71cfb75245', 'name': 'Kiplangat Kiprotich.pdf'}]",https://loandisk-borrowers-photo-thumbnails.s3.amazonaws.com/67ee9ce04036b-10999910.jpeg?X-Amz-Content-Sha256=UNSIGNED-PAYLOAD&X-Amz-Algorithm=AWS4-HMAC-SHA256&X-Amz-Credential=AKIAYUBLFC5TP3LJIQ5H%2F20251003%2Fus-east-1%2Fs3%2Faws4_request&X-Amz-Date=20251003T135132Z&X-Amz-SignedHeaders=host&X-Amz-Expires=28800&X-Amz-Signature=008a41b843752a64b58e585dfa3a846c34660f8558af42dd067eea13705fd69e,,Edward Magero,,8550
9143805,253137,5357265,27670,27996,250000.00,37500.00,02/09/2025,flat_rate,percentage,Month,15.0000,Months,1,3,1,0.00,round_off_to_two_decimal,,,,,,,,,,,,,,,,,,,,,,,,,,,,287500.00,287500.0,0.0,287500.0,250000.0,37500.0,0.0,0.0,1,250000.0,37500.0,0.0,0.0,"[{'loan_id': 8956812}, {'loan_id': 8742387}, {'loan_id': 8552420}, {'loan_id': 8349428}]",287500.00,02/10/2025,0.00,6,,0,,0,,0,,0,,0,,0,,0,,0,,0,,0,,0,,0,0,0,0,0,0,0,0,0,0,0,0,0.00,1,,,,"[{'id': 'custom_field_23347', 'name': 'Sales Person'}, {'id': 'custom_field_23167', 'name': 'National ID'}, {'id': 'custom_field_23348', 'name': 'Sales Person(Agent/TL/RO)'}]",KE,Oluoch,Daniel Ollocho,,6451778,Male,1,0704273365,danoluoch76@gmail.com,15/06/1976,"-1.327107, 36.852677,Mombasa Rd",Nairobi,Nairobi,,0723845053,,,66430f7082ece-7992653.jpeg,,,[23914],13388521,Edward Magero,"[{'file_id': 5796849, 's3_link': 'https://loandisk-borrowers.s3.amazonaws.com/20240515215123357-8012509.pdf?response-content-disposition=attachment%3B%20filename%3D%2220240515215123357.pdf%22&X-Amz-Content-Sha256=UNSIGNED-PAYLOAD&X-Amz-Algorithm=AWS4-HMAC-SHA256&X-Amz-Credential=AKIAYUBLFC5TP3LJIQ5H%2F20251003%2Fus-east-1%2Fs3%2Faws4_request&X-Amz-Date=20251003T135132Z&X-Amz-SignedHeaders=host&X-Amz-Expires=28800&X-Amz-Signature=f02be3a5615bf144ebc64f8234cee8cda1ac7269257f10f184636d53f012d9b5', 'name': '20240515215123357.pdf'}, {'file_id': 5796850, 's3_link': 'https://loandisk-borrowers.s3.amazonaws.com/20240515215026907-8012511.pdf?response-content-disposition=attachment%3B%20filename%3D%2220240515215026907.pdf%22&X-Amz-Content-Sha256=UNSIGNED-PAYLOAD&X-Amz-Algorithm=AWS4-HMAC-SHA256&X-Amz-Credential=AKIAYUBLFC5TP3LJIQ5H%2F20251003%2Fus-east-1%2Fs3%2Faws4_request&X-Amz-Date=20251003T135132Z&X-Amz-SignedHeaders=host&X-Amz-Expires=28800&X-Amz-Signature=760fc708fd6a8742be4dc730530631e6d571b6a3d944fe91807156f33d3874b1', 'name': '20240515215026907.pdf'}, {'file_id': 8023763, 's3_link': 'https://loandisk-borrowers.s3.amazonaws.com/Daniel%20Ollocho-11265158.jpg?response-content-disposition=attachment%3B%20filename%3D%22Daniel%2520Ollocho.jpg%22&X-Amz-Content-Sha256=UNSIGNED-PAYLOAD&X-Amz-Algorithm=AWS4-HMAC-SHA256&X-Amz-Credential=AKIAYUBLFC5TP3LJIQ5H%2F20251003%2Fus-east-1%2Fs3%2Faws4_request&X-Amz-Date=20251003T135132Z&X-Amz-SignedHeaders=host&X-Amz-Expires=28800&X-Amz-Signature=c6ec8a2c92d3198e2cdb00402e04d3c503a6ce9ac67eaf88377add136d2da2af', 'name': 'Daniel Ollocho.jpg'}, {'file_id': 8023764, 's3_link': 'https://loandisk-borrowers.s3.amazonaws.com/Daniel%20Ollocho-11265159.pdf?response-content-disposition=attachment%3B%20filename%3D%22Daniel%2520Ollocho.pdf%22&X-Amz-Content-Sha256=UNSIGNED-PAYLOAD&X-Amz-Algorithm=AWS4-HMAC-SHA256&X-Amz-Credential=AKIAYUBLFC5TP3LJIQ5H%2F20251003%2Fus-east-1%2Fs3%2Faws4_request&X-Amz-Date=20251003T135132Z&X-Amz-SignedHeaders=host&X-Amz-Expires=28800&X-Amz-Signature=78cf964390ec2a9432927826a95a9aff67fddcc4a725975ae598050d2f6d043e', 'name': 'Daniel Ollocho.pdf'}]",https://loandisk-borrowers-photo-thumbnails.s3.amazonaws.com/66430f7082ece-7992653.jpeg?X-Amz-Content-Sha256=UNSIGNED-PAYLOAD&X-Amz-Algorithm=AWS4-HMAC-SHA256&X-Amz-Credential=AKIAYUBLFC5TP3LJIQ5H%2F20251003%2Fus-east-1%2Fs3%2Faws4_request&X-Amz-Date=20251003T135132Z&X-Amz-SignedHeaders=host&X-Amz-Expires=28800&X-Amz-Signature=ceaa733220f2013a3491d79ae63bcaae66cd04e2a92226f37cb144a4308f9ade,,Edward Magero,,8550
9152269,253137,2599177,27677,27996,237647.90,35647.19,27/08/2025,flat_rate,percentage,Month,15.0000,Months,1,3,1,0.00,round_off_to_two_decimal,,,,,,,,,,,,,,,,,,,,,,,,,,,,275671.57,275671.57,0.0,275671.57,237647.9,35647.19,0.0,2376.48,6,237647.9,35647.19,0.0,2376.48,"[{'loan_id': 8921399}, {'loan_id': 8742271}, {'loan_id': 8523242}, {'loan_id': 8420129}, {'loan_id': 8165207}, {'loan_id': 7951594}]",275671.57,27/09/2025,0.00,6,,0,,0,,0,,0,,0,,0,,0,,0,,0,,0,,0,,0,0,0,0,0,0,0,0,0,0,0,0,0.00,1,,,,"[{'id': 'custom_field_23347', 'name': 'Sales Person'}, {'id': 'custom_field_23167', 'name': 'National ID'}, {'id': 'custom_field_23348', 'name': 'Sales Person(Agent/TL/RO)'}]",KE,David,Njunge Mungai,,6017174,Male,1,0727426828,devmet2010@gmail.com,15/01/1983,"Sigona, Zambezi Rd",Kiambu,Kiambu,,0720771816,,,62a1f8c710943-3061727.jpg,,,[23914],22754453,Edward Magero,"[{'file_id': 2342488, 's3_link': 'https://loandisk-borrowers.s3.amazonaws.com/20220609150357755_0001-3061423.pdf?response-content-disposition=attachment%3B%20filename%3D%2220220609150357755_0001.pdf%22&X-Amz-Content-Sha256=UNSIGNED-PAYLOAD&X-Amz-Algorithm=AWS4-HMAC-SHA256&X-Amz-Credential=AKIAYUBLFC5TP3LJIQ5H%2F20251003%2Fus-east-1%2Fs3%2Faws4_request&X-Amz-Date=20251003T135132Z&X-Amz-SignedHeaders=host&X-Amz-Expires=28800&X-Amz-Signature=6934a43289fe0e6cfc382d6a0ea18ad5627f0072f737a6c94ed742536ab093fd', 'name': '20220609150357755_0001.pdf'}, {'file_id': 2342489, 's3_link': 'https://loandisk-borrowers.s3.amazonaws.com/20220609150357755_0002-3061425.pdf?response-content-disposition=attachment%3B%20filename%3D%2220220609150357755_0002.pdf%22&X-Amz-Content-Sha256=UNSIGNED-PAYLOAD&X-Amz-Algorithm=AWS4-HMAC-SHA256&X-Amz-Credential=AKIAYUBLFC5TP3LJIQ5H%2F20251003%2Fus-east-1%2Fs3%2Faws4_request&X-Amz-Date=20251003T135132Z&X-Amz-SignedHeaders=host&X-Amz-Expires=28800&X-Amz-Signature=0b00c321fcd9051a8709c1ac3731a1b3dcc6ad1ba54eaeb6a79d67c0b8735369', 'name': '20220609150357755_0002.pdf'}, {'file_id': 2342490, 's3_link': 'https://loandisk-borrowers.s3.amazonaws.com/20220609150357755_0003-3061430.pdf?response-content-disposition=attachment%3B%20filename%3D%2220220609150357755_0003.pdf%22&X-Amz-Content-Sha256=UNSIGNED-PAYLOAD&X-Amz-Algorithm=AWS4-HMAC-SHA256&X-Amz-Credential=AKIAYUBLFC5TP3LJIQ5H%2F20251003%2Fus-east-1%2Fs3%2Faws4_request&X-Amz-Date=20251003T135132Z&X-Amz-SignedHeaders=host&X-Amz-Expires=28800&X-Amz-Signature=7b702d41613b438b106716dd9288deaa375b5eea6c694454732c8dd2b5bf200a', 'name': '20220609150357755_0003.pdf'}, {'file_id': 2342491, 's3_link': 'https://loandisk-borrowers.s3.amazonaws.com/20220609150357755_0004-3061435.pdf?response-content-disposition=attachment%3B%20filename%3D%2220220609150357755_0004.pdf%22&X-Amz-Content-Sha256=UNSIGNED-PAYLOAD&X-Amz-Algorithm=AWS4-HMAC-SHA256&X-Amz-Credential=AKIAYUBLFC5TP3LJIQ5H%2F20251003%2Fus-east-1%2Fs3%2Faws4_request&X-Amz-Date=20251003T135132Z&X-Amz-SignedHeaders=host&X-Amz-Expires=28800&X-Amz-Signature=426a3677b6bcaf5acd4d0b3722783fce3c16fbca85fcb7dfb809127bd6fee35f', 'name': '20220609150357755_0004.pdf'}, {'file_id': 2342492, 's3_link': 'https://loandisk-borrowers.s3.amazonaws.com/20220609150827257-3061437.pdf?response-content-disposition=attachment%3B%20filename%3D%2220220609150827257.pdf%22&X-Amz-Content-Sha256=UNSIGNED-PAYLOAD&X-Amz-Algorithm=AWS4-HMAC-SHA256&X-Amz-Credential=AKIAYUBLFC5TP3LJIQ5H%2F20251003%2Fus-east-1%2Fs3%2Faws4_request&X-Amz-Date=20251003T135132Z&X-Amz-SignedHeaders=host&X-Amz-Expires=28800&X-Amz-Signature=c6d1d7bd644661bfc417a0e0704e811de081a832693f77682d4225a13d44021d', 'name': '20220609150827257.pdf'}, {'file_id': 2342493, 's3_link': 'https://loandisk-borrowers.s3.amazonaws.com/20220609151155880-3061439.pdf?response-content-disposition=attachment%3B%20filename%3D%2220220609151155880.pdf%22&X-Amz-Content-Sha256=UNSIGNED-PAYLOAD&X-Amz-Algorithm=AWS4-HMAC-SHA256&X-Amz-Credential=AKIAYUBLFC5TP3LJIQ5H%2F20251003%2Fus-east-1%2Fs3%2Faws4_request&X-Amz-Date=20251003T135132Z&X-Amz-SignedHeaders=host&X-Amz-Expires=28800&X-Amz-Signature=9d945bef4638c2e2570c625d086324ce09c2f09d4bafbfe3a60938e222c980a7', 'name': '20220609151155880.pdf'}, {'file_id': 7668276, 's3_link': 'https://loandisk-borrowers.s3.amazonaws.com/DAVID%20NJUNGE%20MUNGAI-10739369.pdf?response-content-disposition=attachment%3B%20filename%3D%22DAVID%2520NJUNGE%2520MUNGAI.pdf%22&X-Amz-Content-Sha256=UNSIGNED-PAYLOAD&X-Amz-Algorithm=AWS4-HMAC-SHA256&X-Amz-Credential=AKIAYUBLFC5TP3LJIQ5H%2F20251003%2Fus-east-1%2Fs3%2Faws4_request&X-Amz-Date=20251003T135132Z&X-Amz-SignedHeaders=host&X-Amz-Expires=28800&X-Amz-Signature=838bbda5e5da9369542c064179a2fa0a11b3fd46ba6902e605240a9b768de0de', 'name': 'DAVID NJUNGE MUNGAI.pdf'}, {'file_id': 8440668, 's3_link': 'https://loandisk-borrowers.s3.amazonaws.com/David%20Njunge%20Mungai-11871391.pdf?response-content-disposition=attachment%3B%20filename%3D%22David%2520Njunge%2520Mungai.pdf%22&X-Amz-Content-Sha256=UNSIGNED-PAYLOAD&X-Amz-Algorithm=AWS4-HMAC-SHA256&X-Amz-Credential=AKIAYUBLFC5TP3LJIQ5H%2F20251003%2Fus-east-1%2Fs3%2Faws4_request&X-Amz-Date=20251003T135132Z&X-Amz-SignedHeaders=host&X-Amz-Expires=28800&X-Amz-Signature=4461dfa5ae1fd0e378589e24650beb408af280dfd6a965b7c671e176d9c2cc64', 'name': 'David Njunge Mungai.pdf'}, {'file_id': 8440669, 's3_link': 'https://loandisk-borrowers.s3.amazonaws.com/David%20Mungai-11871392.pdf?response-content-disposition=attachment%3B%20filename%3D%22David%2520Mungai.pdf%22&X-Amz-Content-Sha256=UNSIGNED-PAYLOAD&X-Amz-Algorithm=AWS4-HMAC-SHA256&X-Amz-Credential=AKIAYUBLFC5TP3LJIQ5H%2F20251003%2Fus-east-1%2Fs3%2Faws4_request&X-Amz-Date=20251003T135132Z&X-Amz-SignedHeaders=host&X-Amz-Expires=28800&X-Amz-Signature=bb27c2fc9a8a98caf211387cef30d844c66dcae14b4ddc280120b0126b97fc84', 'name': 'David Mungai.pdf'}]",https://loandisk-borrowers-photo-thumbnails.s3.amazonaws.com/62a1f8c710943-3061727.jpg?X-Amz-Content-Sha256=UNSIGNED-PAYLOAD&X-Amz-Algorithm=AWS4-HMAC-SHA256&X-Amz-Credential=AKIAYUBLFC5TP3LJIQ5H%2F20251003%2Fus-east-1%2Fs3%2Faws4_request&X-Amz-Date=20251003T135132Z&X-Amz-SignedHeaders=host&X-Amz-Expires=28800&X-Amz-Signature=b97f124f3961b1afd673664d3e85b8031e737b407adacf56ea061b98a6018e07,,Edward Magero,,8550
9196616,253137,1958720,27719,27996,28394.12,4259.12,02/09/2025,flat_rate,percentage,Month,15.0000,Months,1,3,1,0.00,round_off_to_two_decimal,,,,,,,,,,,,,,,,,,,,,,,,,,,,32653.24,32653.24,0.0,32653.24,28394.12,4259.12,0.0,0.0,1,28394.12,4259.12,0.0,0.0,"[{'loan_id': 9116469}, {'loan_id': 8838881}, {'loan_id': 8601451}, {'loan_id': 8491901}, {'loan_id': 8202624}, {'loan_id': 8076418}, {'loan_id': 7970343}, {'loan_id': 7745776}, {'loan_id': 7666205}, {'loan_id': 7498838}, {'loan_id': 7158758}, {'loan_id': 6937809}, {'loan_id': 6781628}, {'loan_id': 6670023}, {'loan_id': 6506926}, {'loan_id': 6396079}, {'loan_id': 6126442}, {'loan_id': 6021617}, {'loan_id': 5839207}, {'loan_id': 5698492}, {'loan_id': 5502487}, {'loan_id': 5386732}, {'loan_id': 5230498}, {'loan_id': 5103679}, {'loan_id': 4892802}, {'loan_id': 4707312}, {'loan_id': 4557812}]",32653.24,02/10/2025,0.00,6,,0,,0,,0,,0,,0,,0,,0,,0,,0,,0,,0,,0,0,0,0,0,0,0,0,0,0,0,0,0.00,1,,,,"[{'id': 'custom_field_23347', 'name': 'Sales Person'}, {'id': 'custom_field_23167', 'name': 'National ID'}, {'id': 'custom_field_23348', 'name': 'Sales Person(Agent/TL/RO)'}]",KE,Gideon,Mwanzia,,4552546,Male,1,0726112993,gmwanzian@gmail.com,08/06/1978,28235,Nairobi,Nairobi,,0727563330,,,61236d829242f-1572919.JPG,,,[23914],21691720,Irene Awuor,"[{'file_id': 1255479, 's3_link': 'https://loandisk-borrowers.s3.amazonaws.com/Image%20%28117%29-1572908.jpg?response-content-disposition=attachment%3B%20filename%3D%22Image%2520%2528117%2529.jpg%22&X-Amz-Content-Sha256=UNSIGNED-PAYLOAD&X-Amz-Algorithm=AWS4-HMAC-SHA256&X-Amz-Credential=AKIAYUBLFC5TP3LJIQ5H%2F20251003%2Fus-east-1%2Fs3%2Faws4_request&X-Amz-Date=20251003T135132Z&X-Amz-SignedHeaders=host&X-Amz-Expires=28800&X-Amz-Signature=7f3defd38c99d772696a42efa2f8a1de15ddf8aa9844b2e33783808684857c33', 'name': 'Image (117).jpg'}, {'file_id': 1255480, 's3_link': 'https://loandisk-borrowers.s3.amazonaws.com/Image%20%28118%29-1572909.jpg?response-content-disposition=attachment%3B%20filename%3D%22Image%2520%2528118%2529.jpg%22&X-Amz-Content-Sha256=UNSIGNED-PAYLOAD&X-Amz-Algorithm=AWS4-HMAC-SHA256&X-Amz-Credential=AKIAYUBLFC5TP3LJIQ5H%2F20251003%2Fus-east-1%2Fs3%2Faws4_request&X-Amz-Date=20251003T135132Z&X-Amz-SignedHeaders=host&X-Amz-Expires=28800&X-Amz-Signature=c084406bfe1121dd788f49e6795db3492d3ba730c4c0a267ddb8f0425e5832a0', 'name': 'Image (118).jpg'}, {'file_id': 1255481, 's3_link': 'https://loandisk-borrowers.s3.amazonaws.com/Image%20%28119%29-1572913.jpg?response-content-disposition=attachment%3B%20filename%3D%22Image%2520%2528119%2529.jpg%22&X-Amz-Content-Sha256=UNSIGNED-PAYLOAD&X-Amz-Algorithm=AWS4-HMAC-SHA256&X-Amz-Credential=AKIAYUBLFC5TP3LJIQ5H%2F20251003%2Fus-east-1%2Fs3%2Faws4_request&X-Amz-Date=20251003T135132Z&X-Amz-SignedHeaders=host&X-Amz-Expires=28800&X-Amz-Signature=809c36350e085120b69880d441784f48ca56a2682abd295b23797bce36fbf462', 'name': 'Image (119).jpg'}, {'file_id': 1255482, 's3_link': 'https://loandisk-borrowers.s3.amazonaws.com/Image%20%28120%29-1572914.jpg?response-content-disposition=attachment%3B%20filename%3D%22Image%2520%2528120%2529.jpg%22&X-Amz-Content-Sha256=UNSIGNED-PAYLOAD&X-Amz-Algorithm=AWS4-HMAC-SHA256&X-Amz-Credential=AKIAYUBLFC5TP3LJIQ5H%2F20251003%2Fus-east-1%2Fs3%2Faws4_request&X-Amz-Date=20251003T135132Z&X-Amz-SignedHeaders=host&X-Amz-Expires=28800&X-Amz-Signature=6bdee1a85c12b74f45c2ada8180b3586c6c322dd9fe331be5570ae884bffd913', 'name': 'Image (120).jpg'}, {'file_id': 8840480, 's3_link': 'https://loandisk-borrowers.s3.amazonaws.com/Gideon%20Mwanzia-12452347.pdf?response-content-disposition=attachment%3B%20filename%3D%22Gideon%2520Mwanzia.pdf%22&X-Amz-Content-Sha256=UNSIGNED-PAYLOAD&X-Amz-Algorithm=AWS4-HMAC-SHA256&X-Amz-Credential=AKIAYUBLFC5TP3LJIQ5H%2F20251003%2Fus-east-1%2Fs3%2Faws4_request&X-Amz-Date=20251003T135132Z&X-Amz-SignedHeaders=host&X-Amz-Expires=28800&X-Amz-Signature=2eba8b50406e5149a9b9274a1ccd43e988bd94a8c2e1ccbc05f73c92758b4841', 'name': 'Gideon Mwanzia.pdf'}]",https://loandisk-borrowers-photo-thumbnails.s3.amazonaws.com/61236d829242f-1572919.JPG?X-Amz-Content-Sha256=UNSIGNED-PAYLOAD&X-Amz-Algorithm=AWS4-HMAC-SHA256&X-Amz-Credential=AKIAYUBLFC5TP3LJIQ5H%2F20251003%2Fus-east-1%2Fs3%2Faws4_request&X-Amz-Date=20251003T135132Z&X-Amz-SignedHeaders=host&X-Amz-Expires=28800&X-Amz-Signature=0803cbbc2b4ba14257ae75a8fd2203a73102feb0d9fc9ebb512f62c700bf7f95,,Edward Magero,,8550
9245197,240139,6285383,27765,27999,65124.00,13030.00,02/09/2025,flat_rate,percentage,Month,2.0000,Months,10,3,10,0.00,round_off_to_integer,,0.0,0.0,0.0,,0.00,0.00,,0.00,0.0,charge_interest_normally,charge_principal_normally,0.00,0.0,0.0,0.0,0.0,0.0,,0.0,0.0000,0.0,,,0.0,0.0,,79154.00,0.0,7915.0,7915.0,6512.0,1303.0,100.0,0.0,1,65124.0,13030.0,1000.0,0.0,[],79154.00,02/07/2026,0.00,5,,0,,0,,0,distribute_fees_evenly,1000.00,,0,,0,,0,,0,,0,,0,,0,,0,0,0,0,0,0,0,0,0,0,0,0,0.00,1,0.0,,,"[{'id': 'custom_field_23347', 'name': 'Sales Person'}, {'id': 'custom_field_23167', 'name': 'National ID'}, {'id': 'custom_field_23348', 'name': 'Sales Person(Agent/TL/RO)'}]",KE,PAULINE,AMBUTSI WAMUKOWA,MALI THERAPY CENTER,23688085,Female,4,0720467107,polikowa@gmail.com,13/11/1983,"71933  -1.308057, 36.801365",Nairobi,,00100,0715548939,,,67d14f89103e4-10774167.jpeg,,,[23914],23688085,Edward Magero,"[{'file_id': 7691783, 's3_link': 'https://loandisk-borrowers.s3.amazonaws.com/20250311235256666-10773971.pdf?response-content-disposition=attachment%3B%20filename%3D%2220250311235256666.pdf%22&X-Amz-Content-Sha256=UNSIGNED-PAYLOAD&X-Amz-Algorithm=AWS4-HMAC-SHA256&X-Amz-Credential=AKIAYUBLFC5TP3LJIQ5H%2F20251003%2Fus-east-1%2Fs3%2Faws4_request&X-Amz-Date=20251003T135133Z&X-Amz-SignedHeaders=host&X-Amz-Expires=28800&X-Amz-Signature=fbb2bedebe55b2da908012ddf267a4e834421a5526088ef17e89c5ee41deacf5', 'name': '20250311235256666.pdf'}, {'file_id': 7691933, 's3_link': 'https://loandisk-borrowers.s3.amazonaws.com/20250311235323061_0001-10774176.jpg?response-content-disposition=attachment%3B%20filename%3D%2220250311235323061_0001.jpg%22&X-Amz-Content-Sha256=UNSIGNED-PAYLOAD&X-Amz-Algorithm=AWS4-HMAC-SHA256&X-Amz-Credential=AKIAYUBLFC5TP3LJIQ5H%2F20251003%2Fus-east-1%2Fs3%2Faws4_request&X-Amz-Date=20251003T135133Z&X-Amz-SignedHeaders=host&X-Amz-Expires=28800&X-Amz-Signature=54c6e9767d6adc46e87e80be6e5b90a921d58fd6727f1f99fa69dd27850593e9', 'name': '20250311235323061_0001.jpg'}, {'file_id': 9074461, 's3_link': 'https://loandisk-borrowers.s3.amazonaws.com/Pauline%20Ambutsi%20Wamukowa-12795498.pdf?response-content-disposition=attachment%3B%20filename%3D%22Pauline%2520Ambutsi%2520Wamukowa.pdf%22&X-Amz-Content-Sha256=UNSIGNED-PAYLOAD&X-Amz-Algorithm=AWS4-HMAC-SHA256&X-Amz-Credential=AKIAYUBLFC5TP3LJIQ5H%2F20251003%2Fus-east-1%2Fs3%2Faws4_request&X-Amz-Date=20251003T135133Z&X-Amz-SignedHeaders=host&X-Amz-Expires=28800&X-Amz-Signature=3516e039ccad9d12c0f92780f418fe18239431997633c4d683236338bf9e97fe', 'name': 'Pauline Ambutsi Wamukowa.pdf'}]",https://loandisk-borrowers-photo-thumbnails.s3.amazonaws.com/67d14f89103e4-10774167.jpeg?X-Amz-Content-Sha256=UNSIGNED-PAYLOAD&X-Amz-Algorithm=AWS4-HMAC-SHA256&X-Amz-Credential=AKIAYUBLFC5TP3LJIQ5H%2F20251003%2Fus-east-1%2Fs3%2Faws4_request&X-Amz-Date=20251003T135133Z&X-Amz-SignedHeaders=host&X-Amz-Expires=28800&X-Amz-Signature=615fffc7cfd857342d26de5aa0a5cfc1a2a1df867596a1f223cdaca2c06aa1cd,,Edward Magero,,8550
